SMILES,true,pred
CC(C)C[C@@H](C(=O)N1CCC[C@H]1C(=O)NCC(=O)O)[n+]1[c-]n2ccccc2c1,-3.3298,-5.057146
CC(C)C[C@@H](C(=O)N1CCC[C@H]1C(=O)N[C@@H](CCC(N)=O)C(=O)O)[n+]1[c-]n2ccccc2c1,-8.7997,-7.1574483
CC(C)C[C@@H](C(=O)N1CCC[C@H]1C(=O)N[C@@H](CO)C(=O)O)[n+]1[c-]n2ccccc2c1,-8.4505,-5.9106684
CC(C)C[C@@H](C(=O)N1CCC[C@H]1C(=O)N[C@@H](CS)C(=O)O)[n+]1[c-]n2ccccc2c1,-7.6326,-5.230236
CC(C)C[C@@H](C(=O)N1CCC[C@H]1C(=O)N[C@@H](Cc1ccc(O)cc1)C(=O)O)[n+]1[c-]n2ccccc2c1,-7.3671,-5.981823
CC(C)C[C@@H](C(=O)N1CCC[C@H]1C(=O)N[C@H](C(=O)O)C(C)C)[n+]1[c-]n2ccccc2c1,-4.9306,-4.5531116
CC(C)C[C@@H](C(=O)N1CCC[C@H]1C(=O)N[C@H](C(=O)O)[C@@H](C)O)[n+]1[c-]n2ccccc2c1,-9.4697,-6.257746
CC(C)C[C@@H](C(=O)NCC(=O)N[C@@H](CC(=O)O)C(=O)O)[n+]1[c-]n2ccccc2c1,-13.6422,-9.481222
CC(C)C[C@@H](C(=O)NCC(=O)N[C@@H](Cc1ccc(O)cc1)C(=O)O)[n+]1[c-]n2ccccc2c1,-16.292,-8.072489
CC(C)C[C@@H](C(=O)NCC(=O)N[C@H](C(=O)O)[C@@H](C)O)[n+]1[c-]n2ccccc2c1,-8.3839,-8.114544
CC(C)C[C@@H](C(=O)NCC(=O)O)[n+]1[c-]n2ccccc2c1,-6.612,-3.4791129
CC(C)C[C@@H](C(=O)N[C@@H](C)C(=O)N1CCC[C@H]1C(=O)O)[n+]1[c-]n2ccccc2c1,-8.2292,-5.107428
CC(C)C[C@@H](C(=O)N[C@@H](C)C(=O)N[C@@H](CC(N)=O)C(=O)O)[n+]1[c-]n2ccccc2c1,-4.7769,-9.827814
CC(C)C[C@@H](C(=O)N[C@@H](C)C(=O)N[C@@H](CCC(=O)O)C(=O)O)[n+]1[c-]n2ccccc2c1,-9.013,-8.36622
CC(C)C[C@@H](C(=O)N[C@@H](C)C(=O)N[C@@H](CO)C(=O)O)[n+]1[c-]n2ccccc2c1,-8.7751,-5.85603
CC(C)C[C@@H](C(=O)N[C@@H](C)C(=O)N[C@@H](Cc1c[nH]c2ccccc12)C(=O)O)[n+]1[c-]n2ccccc2c1,-14.0226,-9.165998
CC(C)C[C@@H](C(=O)N[C@@H](C)C(=O)N[C@H](C(=O)O)C(C)C)[n+]1[c-]n2ccccc2c1,-5.9184,-3.9024608
CC(C)C[C@@H](C(=O)N[C@@H](C)C(=O)N[C@H](C(=O)O)[C@@H](C)O)[n+]1[c-]n2ccccc2c1,-4.7355,-4.5423975
CC(C)C[C@@H](C(=O)N[C@@H](CC(=O)O)C(=O)N1CCC[C@H]1C(=O)O)[n+]1[c-]n2ccccc2c1,-3.0289,-8.068941
CC(C)C[C@@H](C(=O)N[C@@H](CC(=O)O)C(=O)N[C@H](C(=O)O)[C@@H](C)O)[n+]1[c-]n2ccccc2c1,-10.4,-7.2095747
CC(C)C[C@@H](C(=O)N[C@@H](CC(N)=O)C(=O)N[C@@H](C)C(=O)O)[n+]1[c-]n2ccccc2c1,-8.8816,-7.67371
CC(C)C[C@@H](C(=O)N[C@@H](CC(N)=O)C(=O)N[C@@H](CC(N)=O)C(=O)O)[n+]1[c-]n2ccccc2c1,-13.6902,-9.310593
CC(C)C[C@@H](C(=O)N[C@@H](CCC(=O)O)C(=O)N[C@@H](CCC(=O)O)C(=O)O)[n+]1[c-]n2ccccc2c1,-3.5883,-10.401957
CC(C)C[C@@H](C(=O)N[C@@H](CCC(=O)O)C(=O)N[C@@H](Cc1ccccc1)C(=O)O)[n+]1[c-]n2ccccc2c1,-11.0192,-9.685894
CC(C)C[C@@H](C(=O)N[C@@H](CCCNC(=N)N)C(=O)N1CCC[C@H]1C(=O)O)[n+]1[c-]n2ccccc2c1,-6.496,-5.3457904
CC(C)C[C@@H](C(=O)N[C@@H](CCCNC(=N)N)C(=O)N[C@@H](CCC(=O)O)C(=O)O)[n+]1[c-]n2ccccc2c1,-21.9639,-9.780106
CC(C)C[C@@H](C(=O)N[C@@H](CCCNC(=N)N)C(=O)N[C@@H](CCC(N)=O)C(=O)O)[n+]1[c-]n2ccccc2c1,-15.3745,-8.130772
CC(C)C[C@@H](C(=O)N[C@@H](CCCNC(=N)N)C(=O)N[C@@H](Cc1c[nH]cn1)C(=O)O)[n+]1[c-]n2ccccc2c1,-6.4037,-8.816076
CC(C)C[C@@H](C(=O)N[C@@H](CCCNC(=N)N)C(=O)N[C@H](C(=O)O)[C@@H](C)O)[n+]1[c-]n2ccccc2c1,-10.9766,-6.082238
CC(C)C[C@@H](C(=O)N[C@@H](CO)C(=O)N[C@@H](CCC(N)=O)C(=O)O)[n+]1[c-]n2ccccc2c1,-15.2904,-13.156374
CC(C)C[C@@H](C(=O)N[C@@H](CO)C(=O)N[C@@H](CCCNC(=N)N)C(=O)O)[n+]1[c-]n2ccccc2c1,-4.0947,-8.631844
CC(C)C[C@@H](C(=O)N[C@@H](CO)C(=O)N[C@@H](CO)C(=O)O)[n+]1[c-]n2ccccc2c1,-8.911,-5.6498394
CC(C)C[C@@H](C(=O)N[C@@H](CO)C(=O)N[C@@H](Cc1c[nH]cn1)C(=O)O)[n+]1[c-]n2ccccc2c1,-12.3511,-9.962771
CC(C)C[C@@H](C(=O)N[C@@H](CO)C(=O)N[C@@H](Cc1ccc(O)cc1)C(=O)O)[n+]1[c-]n2ccccc2c1,-8.8474,-7.459543
CC(C)C[C@@H](C(=O)N[C@@H](CS)C(=O)NCC(=O)O)[n+]1[c-]n2ccccc2c1,-5.1568,-4.852642
CC(C)C[C@@H](C(=O)N[C@@H](CS)C(=O)N[C@@H](CC(=O)O)C(=O)O)[n+]1[c-]n2ccccc2c1,-7.5667,-7.221792
CC(C)C[C@@H](C(=O)N[C@@H](CS)C(=O)N[C@@H](CCC(=O)O)C(=O)O)[n+]1[c-]n2ccccc2c1,-11.7793,-8.01385
CC(C)C[C@@H](C(=O)N[C@@H](Cc1c[nH]c2ccccc12)C(=O)N1CCC[C@H]1C(=O)O)[n+]1[c-]n2ccccc2c1,-5.2219,-10.345215
CC(C)C[C@@H](C(=O)N[C@@H](Cc1c[nH]cn1)C(=O)N1CCC[C@H]1C(=O)O)[n+]1[c-]n2ccccc2c1,-11.5221,-9.180075
CC(C)C[C@@H](C(=O)N[C@@H](Cc1c[nH]cn1)C(=O)NCC(=O)O)[n+]1[c-]n2ccccc2c1,-0.2157,-6.769872
CC(C)C[C@@H](C(=O)N[C@@H](Cc1c[nH]cn1)C(=O)N[C@@H](CCCNC(=N)N)C(=O)O)[n+]1[c-]n2ccccc2c1,-11.391,-9.391506
CC(C)C[C@@H](C(=O)N[C@@H](Cc1c[nH]cn1)C(=O)N[C@@H](CO)C(=O)O)[n+]1[c-]n2ccccc2c1,-8.6065,-7.5654507
CC(C)C[C@@H](C(=O)N[C@@H](Cc1c[nH]cn1)C(=O)N[C@H](C(=O)O)[C@@H](C)O)[n+]1[c-]n2ccccc2c1,-9.5894,-7.551737
CC(C)C[C@@H](C(=O)N[C@@H](Cc1ccc(O)cc1)C(=O)N[C@@H](C)C(=O)O)[n+]1[c-]n2ccccc2c1,-1.1516,-5.158585
CC(C)C[C@@H](C(=O)N[C@@H](Cc1ccc(O)cc1)C(=O)N[C@@H](CCC(N)=O)C(=O)O)[n+]1[c-]n2ccccc2c1,-4.9806,-5.067567
CC(C)C[C@@H](C(=O)N[C@@H](Cc1ccc(O)cc1)C(=O)N[C@@H](Cc1c[nH]c2ccccc12)C(=O)O)[n+]1[c-]n2ccccc2c1,-16.2592,-10.128476
CC(C)C[C@@H](C(=O)N[C@@H](Cc1ccc(O)cc1)C(=O)N[C@@H](Cc1ccccc1)C(=O)O)[n+]1[c-]n2ccccc2c1,-2.1356,-7.4354043
CC(C)C[C@@H](C(=O)N[C@@H](Cc1ccc(O)cc1)C(=O)O)[n+]1[c-]n2ccccc2c1,-7.3818,-7.491721
CC(C)C[C@@H](C(=O)N[C@@H](Cc1ccccc1)C(=O)N[C@@H](C)C(=O)O)[n+]1[c-]n2ccccc2c1,-3.8147,-4.2813168
CC(C)C[C@@H](C(=O)N[C@@H](Cc1ccccc1)C(=O)N[C@@H](CC(=O)O)C(=O)O)[n+]1[c-]n2ccccc2c1,-7.5019,-9.371486
CC(C)C[C@@H](C(=O)N[C@@H](Cc1ccccc1)C(=O)N[C@@H](CCC(N)=O)C(=O)O)[n+]1[c-]n2ccccc2c1,-19.9789,-7.6638145
CC(C)C[C@@H](C(=O)N[C@@H](Cc1ccccc1)C(=O)N[C@@H](Cc1ccc(O)cc1)C(=O)O)[n+]1[c-]n2ccccc2c1,-1.6491,-8.482304
CC(C)C[C@@H](C(=O)N[C@H](C(=O)N[C@@H](CC(=O)O)C(=O)O)C(C)C)[n+]1[c-]n2ccccc2c1,-2.4399,-5.715533
CC(C)C[C@@H](C(=O)N[C@H](C(=O)N[C@@H](CC(N)=O)C(=O)O)[C@@H](C)O)[n+]1[c-]n2ccccc2c1,-9.1468,-7.0136023
CC(C)C[C@@H](C(=O)N[C@H](C(=O)N[C@@H](CCCNC(=N)N)C(=O)O)C(C)C)[n+]1[c-]n2ccccc2c1,0.2462,-7.7684917
CC(C)C[C@@H](C(=O)N[C@H](C(=O)N[C@@H](CS)C(=O)O)[C@@H](C)O)[n+]1[c-]n2ccccc2c1,-3.1421,-5.1842117
CC(C)C[C@@H](C(=O)N[C@H](C(=O)N[C@@H](Cc1c[nH]cn1)C(=O)O)C(C)C)[n+]1[c-]n2ccccc2c1,-6.3625,-4.7314415
CC(C)C[C@@H](C(=O)N[C@H](C(=O)N[C@@H](Cc1ccc(O)cc1)C(=O)O)[C@@H](C)O)[n+]1[c-]n2ccccc2c1,-8.2005,-8.543676
CC(C)C[C@@H](C(=O)N[C@H](C(=O)N[C@H](C(=O)O)[C@@H](C)O)[C@@H](C)O)[n+]1[c-]n2ccccc2c1,1.3047,-3.4890795
CC(C)C[C@@H](C(=O)O)[n+]1[c-]n2ccccc2c1,-1.3531,-4.1039953
CC(C)C[C@H](NC(=O)CNC(=O)[C@H](C(C)C)[n+]1[c-]n2ccccc2c1)C(=O)O,-9.8836,-5.5561438
CC(C)C[C@H](NC(=O)CNC(=O)[C@H](CS)[n+]1[c-]n2ccccc2c1)C(=O)O,-10.0292,-9.002588
CC(C)C[C@H](NC(=O)CNC(=O)[C@H](Cc1ccc(O)cc1)[n+]1[c-]n2ccccc2c1)C(=O)O,-7.2962,-7.5498757
CC(C)C[C@H](NC(=O)CNC(=O)[C@H](Cc1ccccc1)[n+]1[c-]n2ccccc2c1)C(=O)O,-12.5411,-7.3611383
CC(C)C[C@H](NC(=O)C[n+]1[c-]n2ccccc2c1)C(=O)N[C@@H](C)C(=O)O,-11.9278,-7.6824865
CC(C)C[C@H](NC(=O)C[n+]1[c-]n2ccccc2c1)C(=O)N[C@@H](CCC(=O)O)C(=O)O,-13.1112,-10.292653
CC(C)C[C@H](NC(=O)C[n+]1[c-]n2ccccc2c1)C(=O)N[C@@H](CCC(N)=O)C(=O)O,-16.7377,-11.347955
CC(C)C[C@H](NC(=O)C[n+]1[c-]n2ccccc2c1)C(=O)N[C@@H](CCCNC(=N)N)C(=O)O,-19.1845,-9.238062
CC(C)C[C@H](NC(=O)C[n+]1[c-]n2ccccc2c1)C(=O)N[C@@H](Cc1ccccc1)C(=O)O,-12.7913,-11.27977
CC(C)C[C@H](NC(=O)C[n+]1[c-]n2ccccc2c1)C(=O)N[C@H](C(=O)O)[C@@H](C)O,-10.4684,-10.641234
CC(C)C[C@H](NC(=O)[C@@H](NC(=O)[C@H](C)[n+]1[c-]n2ccccc2c1)[C@@H](C)O)C(=O)O,-0.9406,-3.0151215
CC(C)C[C@H](NC(=O)[C@@H](NC(=O)[C@H](CC(N)=O)[n+]1[c-]n2ccccc2c1)[C@@H](C)O)C(=O)O,-8.5797,-6.242022
CC(C)C[C@H](NC(=O)[C@@H](NC(=O)[C@H](CCC(=O)O)[n+]1[c-]n2ccccc2c1)C(C)C)C(=O)O,-6.6641,-6.1182685
CC(C)C[C@H](NC(=O)[C@@H]1CCCN1C(=O)[C@H](CCCNC(=N)N)[n+]1[c-]n2ccccc2c1)C(=O)O,-4.9489,-6.7259955
CC(C)C[C@H](NC(=O)[C@@H]1CCCN1C(=O)[C@H](CO)[n+]1[c-]n2ccccc2c1)C(=O)O,-9.9767,-6.8492203
CC(C)C[C@H](NC(=O)[C@@H]1CCCN1C(=O)[C@H](Cc1c[nH]c2ccccc12)[n+]1[c-]n2ccccc2c1)C(=O)O,-5.1141,-5.5755177
CC(C)C[C@H](NC(=O)[C@H](C)NC(=O)C[n+]1[c-]n2ccccc2c1)C(=O)O,-13.3444,-11.518144
CC(C)C[C@H](NC(=O)[C@H](C)NC(=O)[C@H](CCC(N)=O)[n+]1[c-]n2ccccc2c1)C(=O)O,-2.7331,-3.4441044
CC(C)C[C@H](NC(=O)[C@H](C)NC(=O)[C@H](CCCNC(=N)N)[n+]1[c-]n2ccccc2c1)C(=O)O,-3.466,-4.601849
CC(C)C[C@H](NC(=O)[C@H](C)NC(=O)[C@H](CO)[n+]1[c-]n2ccccc2c1)C(=O)O,-10.3868,-7.1669393
CC(C)C[C@H](NC(=O)[C@H](C)NC(=O)[C@H](CS)[n+]1[c-]n2ccccc2c1)C(=O)O,-1.9414,-2.45467
CC(C)C[C@H](NC(=O)[C@H](C)[n+]1[c-]n2ccccc2c1)C(=O)NCC(=O)O,-4.1303,-3.7449899
CC(C)C[C@H](NC(=O)[C@H](C)[n+]1[c-]n2ccccc2c1)C(=O)N[C@@H](CCCNC(=N)N)C(=O)O,-4.7638,-6.761955
CC(C)C[C@H](NC(=O)[C@H](C)[n+]1[c-]n2ccccc2c1)C(=O)N[C@@H](CS)C(=O)O,-5.6968,-5.4517636
CC(C)C[C@H](NC(=O)[C@H](C)[n+]1[c-]n2ccccc2c1)C(=O)N[C@H](C(=O)O)C(C)C,-5.729,-5.1631927
CC(C)C[C@H](NC(=O)[C@H](CC(=O)O)NC(=O)[C@H](C(C)C)[n+]1[c-]n2ccccc2c1)C(=O)O,-1.7804,-4.684336
CC(C)C[C@H](NC(=O)[C@H](CC(=O)O)NC(=O)[C@H](CO)[n+]1[c-]n2ccccc2c1)C(=O)O,-3.5183,-6.4835806
CC(C)C[C@H](NC(=O)[C@H](CC(=O)O)[n+]1[c-]n2ccccc2c1)C(=O)N1CCC[C@H]1C(=O)O,-9.1193,-5.066166
CC(C)C[C@H](NC(=O)[C@H](CC(=O)O)[n+]1[c-]n2ccccc2c1)C(=O)N[C@@H](CS)C(=O)O,-5.5028,-6.8897967
CC(C)C[C@H](NC(=O)[C@H](CC(C)C)NC(=O)[C@H](CCC(=O)O)[n+]1[c-]n2ccccc2c1)C(=O)O,-2.1592,-4.942273
CC(C)C[C@H](NC(=O)[C@H](CC(C)C)NC(=O)[C@H](CCC(N)=O)[n+]1[c-]n2ccccc2c1)C(=O)O,-4.6215,-6.284252
CC(C)C[C@H](NC(=O)[C@H](CC(C)C)NC(=O)[C@H](Cc1ccccc1)[n+]1[c-]n2ccccc2c1)C(=O)O,-7.6789,-7.094474
CC(C)C[C@H](NC(=O)[C@H](CC(C)C)[n+]1[c-]n2ccccc2c1)C(=O)N[C@@H](CC(=O)O)C(=O)O,-5.5057,-9.365383
CC(C)C[C@H](NC(=O)[C@H](CC(C)C)[n+]1[c-]n2ccccc2c1)C(=O)N[C@@H](CS)C(=O)O,-3.9566,-4.2222614
CC(C)C[C@H](NC(=O)[C@H](CC(C)C)[n+]1[c-]n2ccccc2c1)C(=O)N[C@@H](Cc1c[nH]cn1)C(=O)O,-5.6828,-5.814192
CC(C)C[C@H](NC(=O)[C@H](CC(C)C)[n+]1[c-]n2ccccc2c1)C(=O)N[C@@H](Cc1ccc(O)cc1)C(=O)O,-8.543,-7.7765665
CC(C)C[C@H](NC(=O)[C@H](CC(C)C)[n+]1[c-]n2ccccc2c1)C(=O)N[C@H](C(=O)O)C(C)C,-6.8228,-5.098565
CC(C)C[C@H](NC(=O)[C@H](CC(N)=O)NC(=O)C[n+]1[c-]n2ccccc2c1)C(=O)O,-5.8148,-10.179395
CC(C)C[C@H](NC(=O)[C@H](CC(N)=O)NC(=O)[C@H](C)[n+]1[c-]n2ccccc2c1)C(=O)O,-12.6107,-6.1139493
CC(C)C[C@H](NC(=O)[C@H](CC(N)=O)NC(=O)[C@H](CC(N)=O)[n+]1[c-]n2ccccc2c1)C(=O)O,-9.3205,-6.8309155
CC(C)C[C@H](NC(=O)[C@H](CC(N)=O)NC(=O)[C@H](CO)[n+]1[c-]n2ccccc2c1)C(=O)O,-0.8079,-6.8985214
CC(C)C[C@H](NC(=O)[C@H](CC(N)=O)[n+]1[c-]n2ccccc2c1)C(=O)N[C@@H](C)C(=O)O,-2.0814,-5.9133573
CC(C)C[C@H](NC(=O)[C@H](CC(N)=O)[n+]1[c-]n2ccccc2c1)C(=O)N[C@@H](CC(N)=O)C(=O)O,-14.1319,-10.527445
CC(C)C[C@H](NC(=O)[C@H](CC(N)=O)[n+]1[c-]n2ccccc2c1)C(=O)N[C@@H](Cc1c[nH]c2ccccc12)C(=O)O,-5.6244,-8.127434
CC(C)C[C@H](NC(=O)[C@H](CC(N)=O)[n+]1[c-]n2ccccc2c1)C(=O)N[C@H](C(=O)O)C(C)C,-7.3809,-5.670516
CC(C)C[C@H](NC(=O)[C@H](CCC(=O)O)NC(=O)C[n+]1[c-]n2ccccc2c1)C(=O)O,-11.6479,-12.334475
CC(C)C[C@H](NC(=O)[C@H](CCC(=O)O)NC(=O)[C@H](CCC(N)=O)[n+]1[c-]n2ccccc2c1)C(=O)O,-8.96,-8.115354
CC(C)C[C@H](NC(=O)[C@H](CCC(=O)O)NC(=O)[C@H]([C@@H](C)O)[n+]1[c-]n2ccccc2c1)C(=O)O,-14.1853,-8.492375
CC(C)C[C@H](NC(=O)[C@H](CCC(=O)O)[n+]1[c-]n2ccccc2c1)C(=O)NCC(=O)O,-7.1013,-5.4173427
CC(C)C[C@H](NC(=O)[C@H](CCC(=O)O)[n+]1[c-]n2ccccc2c1)C(=O)N[C@@H](CC(=O)O)C(=O)O,-12.562,-10.296732
CC(C)C[C@H](NC(=O)[C@H](CCC(=O)O)[n+]1[c-]n2ccccc2c1)C(=O)N[C@@H](CO)C(=O)O,-4.3191,-8.897687
CC(C)C[C@H](NC(=O)[C@H](CCC(=O)O)[n+]1[c-]n2ccccc2c1)C(=O)N[C@@H](CS)C(=O)O,-2.1381,-4.2176986
CC(C)C[C@H](NC(=O)[C@H](CCC(=O)O)[n+]1[c-]n2ccccc2c1)C(=O)N[C@@H](Cc1c[nH]c2ccccc12)C(=O)O,-4.5793,-8.838134
CC(C)C[C@H](NC(=O)[C@H](CCC(=O)O)[n+]1[c-]n2ccccc2c1)C(=O)N[C@@H](Cc1ccc(O)cc1)C(=O)O,-0.6611,-7.383189
CC(C)C[C@H](NC(=O)[C@H](CCC(=O)O)[n+]1[c-]n2ccccc2c1)C(=O)N[C@H](C(=O)O)C(C)C,-0.5166,-5.0863147
CC(C)C[C@H](NC(=O)[C@H](CCC(=O)O)[n+]1[c-]n2ccccc2c1)C(=O)N[C@H](C(=O)O)[C@@H](C)O,0.481,-5.4951873
CC(C)C[C@H](NC(=O)[C@H](CCC(N)=O)NC(=O)C[n+]1[c-]n2ccccc2c1)C(=O)O,-9.4794,-11.42313
CC(C)C[C@H](NC(=O)[C@H](CCC(N)=O)NC(=O)[C@H](CC(C)C)[n+]1[c-]n2ccccc2c1)C(=O)O,-8.7125,-8.931427
CC(C)C[C@H](NC(=O)[C@H](CCC(N)=O)NC(=O)[C@H](CCC(=O)O)[n+]1[c-]n2ccccc2c1)C(=O)O,-8.2372,-6.931443
CC(C)C[C@H](NC(=O)[C@H](CCC(N)=O)NC(=O)[C@H](CCCNC(=N)N)[n+]1[c-]n2ccccc2c1)C(=O)O,-6.6321,-7.2492604
CC(C)C[C@H](NC(=O)[C@H](CCC(N)=O)NC(=O)[C@H](Cc1ccc(O)cc1)[n+]1[c-]n2ccccc2c1)C(=O)O,-9.8242,-10.146618
CC(C)C[C@H](NC(=O)[C@H](CCC(N)=O)[n+]1[c-]n2ccccc2c1)C(=O)N[C@@H](CC(N)=O)C(=O)O,-16.4177,-9.666556
CC(C)C[C@H](NC(=O)[C@H](CCC(N)=O)[n+]1[c-]n2ccccc2c1)C(=O)N[C@@H](CCC(N)=O)C(=O)O,-8.6249,-11.26994
CC(C)C[C@H](NC(=O)[C@H](CCC(N)=O)[n+]1[c-]n2ccccc2c1)C(=O)N[C@@H](CCCNC(=N)N)C(=O)O,-6.4394,-8.017346
CC(C)C[C@H](NC(=O)[C@H](CCC(N)=O)[n+]1[c-]n2ccccc2c1)C(=O)N[C@@H](CO)C(=O)O,-7.3104,-6.8644753
CC(C)C[C@H](NC(=O)[C@H](CCCNC(=N)N)NC(=O)[C@H](CC(C)C)[n+]1[c-]n2ccccc2c1)C(=O)O,-8.3897,-8.17738
CC(C)C[C@H](NC(=O)[C@H](CCCNC(=N)N)NC(=O)[C@H](CS)[n+]1[c-]n2ccccc2c1)C(=O)O,-16.3217,-12.358284
CC(C)C[C@H](NC(=O)[C@H](CCCNC(=N)N)[n+]1[c-]n2ccccc2c1)C(=O)N[C@@H](CS)C(=O)O,-0.7331,-6.1601305
CC(C)C[C@H](NC(=O)[C@H](CCCNC(=N)N)[n+]1[c-]n2ccccc2c1)C(=O)N[C@@H](Cc1ccccc1)C(=O)O,0.6198,-6.143039
CC(C)C[C@H](NC(=O)[C@H](CO)[n+]1[c-]n2ccccc2c1)C(=O)N[C@@H](CC(=O)O)C(=O)O,-10.5061,-12.017224
CC(C)C[C@H](NC(=O)[C@H](CO)[n+]1[c-]n2ccccc2c1)C(=O)N[C@@H](Cc1ccc(O)cc1)C(=O)O,-3.0725,-5.69876
CC(C)C[C@H](NC(=O)[C@H](CS)NC(=O)C[n+]1[c-]n2ccccc2c1)C(=O)O,-12.2415,-10.764903
CC(C)C[C@H](NC(=O)[C@H](CS)NC(=O)[C@H](C(C)C)[n+]1[c-]n2ccccc2c1)C(=O)O,-7.2545,-5.2320633
CC(C)C[C@H](NC(=O)[C@H](CS)NC(=O)[C@H](CCC(N)=O)[n+]1[c-]n2ccccc2c1)C(=O)O,-0.6099,-8.682964
CC(C)C[C@H](NC(=O)[C@H](CS)[n+]1[c-]n2ccccc2c1)C(=O)NCC(=O)O,-5.9064,-3.5596366
CC(C)C[C@H](NC(=O)[C@H](CS)[n+]1[c-]n2ccccc2c1)C(=O)N[C@@H](Cc1c[nH]c2ccccc12)C(=O)O,-7.3934,-5.1528835
CC(C)C[C@H](NC(=O)[C@H](CS)[n+]1[c-]n2ccccc2c1)C(=O)N[C@@H](Cc1c[nH]cn1)C(=O)O,-3.2594,-7.6595435
CC(C)C[C@H](NC(=O)[C@H](Cc1c[nH]c2ccccc12)NC(=O)[C@H](CCCNC(=N)N)[n+]1[c-]n2ccccc2c1)C(=O)O,-5.8635,-11.60326
CC(C)C[C@H](NC(=O)[C@H](Cc1c[nH]c2ccccc12)[n+]1[c-]n2ccccc2c1)C(=O)N1CCC[C@H]1C(=O)O,-7.065,-6.5689764
CC(C)C[C@H](NC(=O)[C@H](Cc1c[nH]c2ccccc12)[n+]1[c-]n2ccccc2c1)C(=O)NCC(=O)O,-7.3595,-4.0727906
CC(C)C[C@H](NC(=O)[C@H](Cc1c[nH]c2ccccc12)[n+]1[c-]n2ccccc2c1)C(=O)N[C@@H](Cc1c[nH]c2ccccc12)C(=O)O,-15.5285,-11.697445
CC(C)C[C@H](NC(=O)[C@H](Cc1c[nH]c2ccccc12)[n+]1[c-]n2ccccc2c1)C(=O)N[C@@H](Cc1ccc(O)cc1)C(=O)O,-11.8973,-9.278168
CC(C)C[C@H](NC(=O)[C@H](Cc1c[nH]cn1)[n+]1[c-]n2ccccc2c1)C(=O)N[C@@H](C)C(=O)O,-7.4258,-7.768536
CC(C)C[C@H](NC(=O)[C@H](Cc1c[nH]cn1)[n+]1[c-]n2ccccc2c1)C(=O)N[C@@H](CCC(N)=O)C(=O)O,-7.8414,-7.7448907
CC(C)C[C@H](NC(=O)[C@H](Cc1c[nH]cn1)[n+]1[c-]n2ccccc2c1)C(=O)N[C@@H](Cc1ccccc1)C(=O)O,-6.5007,-7.9552307
CC(C)C[C@H](NC(=O)[C@H](Cc1c[nH]cn1)[n+]1[c-]n2ccccc2c1)C(=O)N[C@H](C(=O)O)[C@@H](C)O,-3.2037,-7.9198613
CC(C)C[C@H](NC(=O)[C@H](Cc1ccc(O)cc1)NC(=O)C[n+]1[c-]n2ccccc2c1)C(=O)O,-9.7332,-9.656184
CC(C)C[C@H](NC(=O)[C@H](Cc1ccc(O)cc1)NC(=O)[C@H](C)[n+]1[c-]n2ccccc2c1)C(=O)O,-2.401,-5.102251
CC(C)C[C@H](NC(=O)[C@H](Cc1ccc(O)cc1)NC(=O)[C@H](CC(C)C)[n+]1[c-]n2ccccc2c1)C(=O)O,-3.1975,-5.82874
CC(C)C[C@H](NC(=O)[C@H](Cc1ccc(O)cc1)NC(=O)[C@H](Cc1c[nH]cn1)[n+]1[c-]n2ccccc2c1)C(=O)O,-10.7588,-8.523885
CC(C)C[C@H](NC(=O)[C@H](Cc1ccc(O)cc1)[n+]1[c-]n2ccccc2c1)C(=O)N[C@@H](C)C(=O)O,-2.994,-3.9591131
CC(C)C[C@H](NC(=O)[C@H](Cc1ccccc1)NC(=O)[C@H](C)[n+]1[c-]n2ccccc2c1)C(=O)O,-7.978,-6.6167583
CC(C)C[C@H](NC(=O)[C@H](Cc1ccccc1)NC(=O)[C@H](CC(N)=O)[n+]1[c-]n2ccccc2c1)C(=O)O,-6.045,-5.7660146
CC(C)C[C@H](NC(=O)[C@H](Cc1ccccc1)NC(=O)[C@H](CCC(N)=O)[n+]1[c-]n2ccccc2c1)C(=O)O,-4.8079,-6.41645
CC(C)C[C@H](NC(=O)[C@H](Cc1ccccc1)NC(=O)[C@H](CS)[n+]1[c-]n2ccccc2c1)C(=O)O,-3.1278,-6.5456386
CC(C)C[C@H](NC(=O)[C@H]([C@@H](C)O)[n+]1[c-]n2ccccc2c1)C(=O)NCC(=O)O,-3.574,-4.162213
CC(C)C[C@H](NC(=O)[C@H]([C@@H](C)O)[n+]1[c-]n2ccccc2c1)C(=O)N[C@@H](Cc1ccc(O)cc1)C(=O)O,-15.5565,-9.284498
CC(C)C[C@H](NC(=O)[C@H]([C@@H](C)O)[n+]1[c-]n2ccccc2c1)C(=O)N[C@@H](Cc1ccccc1)C(=O)O,-8.8569,-5.8259416
CC(C)[C@@H](C(=O)N1CCC[C@H]1C(=O)N[C@@H](C)C(=O)O)[n+]1[c-]n2ccccc2c1,-5.7522,-6.3344584
CC(C)[C@@H](C(=O)N1CCC[C@H]1C(=O)O)[n+]1[c-]n2ccccc2c1,-6.6463,-6.515273
CC(C)[C@@H](C(=O)NCC(=O)N[C@@H](C)C(=O)O)[n+]1[c-]n2ccccc2c1,-6.4152,-5.885767
CC(C)[C@@H](C(=O)NCC(=O)N[C@@H](CO)C(=O)O)[n+]1[c-]n2ccccc2c1,-10.2025,-9.881741
CC(C)[C@@H](C(=O)NCC(=O)N[C@@H](CS)C(=O)O)[n+]1[c-]n2ccccc2c1,-9.0796,-7.106122
CC(C)[C@@H](C(=O)NCC(=O)N[C@@H](Cc1c[nH]c2ccccc12)C(=O)O)[n+]1[c-]n2ccccc2c1,-15.3304,-6.2523155
CC(C)[C@@H](C(=O)NCC(=O)N[C@@H](Cc1c[nH]cn1)C(=O)O)[n+]1[c-]n2ccccc2c1,-12.9043,-7.414732
CC(C)[C@@H](C(=O)N[C@@H](C)C(=O)N[C@@H](Cc1ccccc1)C(=O)O)[n+]1[c-]n2ccccc2c1,-6.0346,-7.8255615
CC(C)[C@@H](C(=O)N[C@@H](C)C(=O)N[C@H](C(=O)O)[C@@H](C)O)[n+]1[c-]n2ccccc2c1,-5.1979,-5.004306
CC(C)[C@@H](C(=O)N[C@@H](C)C(=O)O)[n+]1[c-]n2ccccc2c1,-4.1105,-5.4282427
CC(C)[C@@H](C(=O)N[C@@H](CC(=O)O)C(=O)N1CCC[C@H]1C(=O)O)[n+]1[c-]n2ccccc2c1,-5.2866,-10.074689
CC(C)[C@@H](C(=O)N[C@@H](CC(=O)O)C(=O)N[C@@H](Cc1c[nH]c2ccccc12)C(=O)O)[n+]1[c-]n2ccccc2c1,-11.9258,-10.734329
CC(C)[C@@H](C(=O)N[C@@H](CC(=O)O)C(=O)N[C@@H](Cc1c[nH]cn1)C(=O)O)[n+]1[c-]n2ccccc2c1,-8.8793,-5.9123383
CC(C)[C@@H](C(=O)N[C@@H](CC(=O)O)C(=O)N[C@H](C(=O)O)[C@@H](C)O)[n+]1[c-]n2ccccc2c1,-8.7578,-9.511135
CC(C)[C@@H](C(=O)N[C@@H](CC(N)=O)C(=O)N1CCC[C@H]1C(=O)O)[n+]1[c-]n2ccccc2c1,-11.9604,-7.1995764
CC(C)[C@@H](C(=O)N[C@@H](CC(N)=O)C(=O)N[C@@H](C)C(=O)O)[n+]1[c-]n2ccccc2c1,-8.3809,-5.271166
CC(C)[C@@H](C(=O)N[C@@H](CC(N)=O)C(=O)N[C@@H](CO)C(=O)O)[n+]1[c-]n2ccccc2c1,-9.5619,-10.842563
CC(C)[C@@H](C(=O)N[C@@H](CC(N)=O)C(=O)N[C@@H](Cc1c[nH]cn1)C(=O)O)[n+]1[c-]n2ccccc2c1,-14.0256,-9.446453
CC(C)[C@@H](C(=O)N[C@@H](CC(N)=O)C(=O)N[C@@H](Cc1ccccc1)C(=O)O)[n+]1[c-]n2ccccc2c1,-10.6687,-7.4895654
CC(C)[C@@H](C(=O)N[C@@H](CC(N)=O)C(=O)O)[n+]1[c-]n2ccccc2c1,-9.1208,-7.3375483
CC(C)[C@@H](C(=O)N[C@@H](CCC(=O)O)C(=O)N[C@H](C(=O)O)[C@@H](C)O)[n+]1[c-]n2ccccc2c1,-9.7253,-9.482166
CC(C)[C@@H](C(=O)N[C@@H](CCC(N)=O)C(=O)N[C@@H](C)C(=O)O)[n+]1[c-]n2ccccc2c1,-11.2226,-8.205778
CC(C)[C@@H](C(=O)N[C@@H](CCC(N)=O)C(=O)N[C@@H](CC(N)=O)C(=O)O)[n+]1[c-]n2ccccc2c1,-9.4554,-10.521263
CC(C)[C@@H](C(=O)N[C@@H](CCC(N)=O)C(=O)N[C@@H](CCC(=O)O)C(=O)O)[n+]1[c-]n2ccccc2c1,-11.459,-15.558813
CC(C)[C@@H](C(=O)N[C@@H](CCCNC(=N)N)C(=O)N[C@@H](Cc1c[nH]c2ccccc12)C(=O)O)[n+]1[c-]n2ccccc2c1,-7.8389,-9.945487
CC(C)[C@@H](C(=O)N[C@@H](CO)C(=O)N1CCC[C@H]1C(=O)O)[n+]1[c-]n2ccccc2c1,-10.4129,-6.1021237
CC(C)[C@@H](C(=O)N[C@@H](CO)C(=O)N[C@@H](CCC(=O)O)C(=O)O)[n+]1[c-]n2ccccc2c1,-13.8711,-6.188063
CC(C)[C@@H](C(=O)N[C@@H](CS)C(=O)N[C@@H](Cc1c[nH]cn1)C(=O)O)[n+]1[c-]n2ccccc2c1,-5.2355,-7.314042
CC(C)[C@@H](C(=O)N[C@@H](Cc1c[nH]c2ccccc12)C(=O)N1CCC[C@H]1C(=O)O)[n+]1[c-]n2ccccc2c1,-4.1217,-12.48432
CC(C)[C@@H](C(=O)N[C@@H](Cc1c[nH]c2ccccc12)C(=O)NCC(=O)O)[n+]1[c-]n2ccccc2c1,-6.9366,-6.526005
CC(C)[C@@H](C(=O)N[C@@H](Cc1c[nH]c2ccccc12)C(=O)N[C@@H](CC(=O)O)C(=O)O)[n+]1[c-]n2ccccc2c1,-8.3221,-10.636686
CC(C)[C@@H](C(=O)N[C@@H](Cc1c[nH]c2ccccc12)C(=O)N[C@@H](CC(N)=O)C(=O)O)[n+]1[c-]n2ccccc2c1,-10.14,-10.808332
CC(C)[C@@H](C(=O)N[C@@H](Cc1c[nH]c2ccccc12)C(=O)N[C@@H](CCC(N)=O)C(=O)O)[n+]1[c-]n2ccccc2c1,-9.1283,-12.294767
CC(C)[C@@H](C(=O)N[C@@H](Cc1c[nH]c2ccccc12)C(=O)O)[n+]1[c-]n2ccccc2c1,-9.5372,-8.745428
CC(C)[C@@H](C(=O)N[C@@H](Cc1c[nH]cn1)C(=O)NCC(=O)O)[n+]1[c-]n2ccccc2c1,-5.0207,-5.821722
CC(C)[C@@H](C(=O)N[C@@H](Cc1c[nH]cn1)C(=O)N[C@@H](C)C(=O)O)[n+]1[c-]n2ccccc2c1,-7.2848,-9.040563
CC(C)[C@@H](C(=O)N[C@@H](Cc1c[nH]cn1)C(=O)N[C@@H](CS)C(=O)O)[n+]1[c-]n2ccccc2c1,-0.551,-8.802267
CC(C)[C@@H](C(=O)N[C@@H](Cc1ccc(O)cc1)C(=O)N1CCC[C@H]1C(=O)O)[n+]1[c-]n2ccccc2c1,-7.6603,-8.054687
CC(C)[C@@H](C(=O)N[C@@H](Cc1ccc(O)cc1)C(=O)N[C@@H](CCC(=O)O)C(=O)O)[n+]1[c-]n2ccccc2c1,-13.7509,-6.444543
CC(C)[C@@H](C(=O)N[C@@H](Cc1ccc(O)cc1)C(=O)N[C@@H](CCC(N)=O)C(=O)O)[n+]1[c-]n2ccccc2c1,6.9007,-9.974548
CC(C)[C@@H](C(=O)N[C@@H](Cc1ccc(O)cc1)C(=O)N[C@H](C(=O)O)[C@@H](C)O)[n+]1[c-]n2ccccc2c1,-12.1087,-9.13764
CC(C)[C@@H](C(=O)N[C@@H](Cc1ccccc1)C(=O)N[C@@H](Cc1c[nH]c2ccccc12)C(=O)O)[n+]1[c-]n2ccccc2c1,-12.8956,-10.399315
CC(C)[C@@H](C(=O)N[C@@H](Cc1ccccc1)C(=O)N[C@@H](Cc1c[nH]cn1)C(=O)O)[n+]1[c-]n2ccccc2c1,-9.1567,-9.181791
CC(C)[C@@H](C(=O)N[C@H](C(=O)N[C@@H](CC(=O)O)C(=O)O)[C@@H](C)O)[n+]1[c-]n2ccccc2c1,-14.2128,-9.692962
CC(C)[C@@H](C(=O)N[C@H](C(=O)N[C@@H](Cc1c[nH]cn1)C(=O)O)[C@@H](C)O)[n+]1[c-]n2ccccc2c1,-5.1239,-7.582142
CC(C)[C@H](NC(=O)CNC(=O)[C@H](CCC(N)=O)[n+]1[c-]n2ccccc2c1)C(=O)O,-10.1902,-7.8596683
CC(C)[C@H](NC(=O)CNC(=O)[C@H](CS)[n+]1[c-]n2ccccc2c1)C(=O)O,-9.1849,-8.87318
CC(C)[C@H](NC(=O)C[n+]1[c-]n2ccccc2c1)C(=O)N[C@@H](Cc1c[nH]c2ccccc12)C(=O)O,-14.4604,-13.302695
CC(C)[C@H](NC(=O)C[n+]1[c-]n2ccccc2c1)C(=O)N[C@H](C(=O)O)[C@@H](C)O,-8.0743,-11.174618
CC(C)[C@H](NC(=O)C[n+]1[c-]n2ccccc2c1)C(=O)O,-8.0962,-8.08931
CC(C)[C@H](NC(=O)[C@@H](NC(=O)[C@H](C(C)C)[n+]1[c-]n2ccccc2c1)[C@@H](C)O)C(=O)O,-4.0696,-5.8066883
CC(C)[C@H](NC(=O)[C@@H](NC(=O)[C@H](CC(=O)O)[n+]1[c-]n2ccccc2c1)[C@@H](C)O)C(=O)O,-4.4951,-4.6902456
CC(C)[C@H](NC(=O)[C@@H](NC(=O)[C@H](CC(N)=O)[n+]1[c-]n2ccccc2c1)C(C)C)C(=O)O,-7.2123,-5.321447
CC(C)[C@H](NC(=O)[C@@H](NC(=O)[C@H](CS)[n+]1[c-]n2ccccc2c1)C(C)C)C(=O)O,-3.3382,-2.5192628
CC(C)[C@H](NC(=O)[C@@H](NC(=O)[C@H](Cc1c[nH]c2ccccc12)[n+]1[c-]n2ccccc2c1)C(C)C)C(=O)O,-2.8308,-5.8813715
CC(C)[C@H](NC(=O)[C@@H]1CCCN1C(=O)[C@H](CC(=O)O)[n+]1[c-]n2ccccc2c1)C(=O)O,-1.2801,-3.900704
CC(C)[C@H](NC(=O)[C@@H]1CCCN1C(=O)[C@H](CC(N)=O)[n+]1[c-]n2ccccc2c1)C(=O)O,-1.6481,-5.2625217
CC(C)[C@H](NC(=O)[C@@H]1CCCN1C(=O)[C@H]([C@@H](C)O)[n+]1[c-]n2ccccc2c1)C(=O)O,-11.5969,-7.8149986
CC(C)[C@H](NC(=O)[C@H](C(C)C)[n+]1[c-]n2ccccc2c1)C(=O)N[C@@H](CC(=O)O)C(=O)O,-3.9837,-4.1160955
CC(C)[C@H](NC(=O)[C@H](C(C)C)[n+]1[c-]n2ccccc2c1)C(=O)N[C@@H](CCC(N)=O)C(=O)O,-9.9478,-7.3819504
CC(C)[C@H](NC(=O)[C@H](C(C)C)[n+]1[c-]n2ccccc2c1)C(=O)N[C@@H](CCCNC(=N)N)C(=O)O,-9.2284,-10.150702
CC(C)[C@H](NC(=O)[C@H](C(C)C)[n+]1[c-]n2ccccc2c1)C(=O)N[C@@H](CS)C(=O)O,-2.7696,-5.8142242
CC(C)[C@H](NC(=O)[C@H](C(C)C)[n+]1[c-]n2ccccc2c1)C(=O)N[C@@H](Cc1ccc(O)cc1)C(=O)O,-7.4677,-5.788677
CC(C)[C@H](NC(=O)[C@H](C)NC(=O)[C@H](Cc1c[nH]cn1)[n+]1[c-]n2ccccc2c1)C(=O)O,-7.1473,-10.016091
CC(C)[C@H](NC(=O)[C@H](C)NC(=O)[C@H](Cc1ccc(O)cc1)[n+]1[c-]n2ccccc2c1)C(=O)O,-3.2142,-4.29403
CC(C)[C@H](NC(=O)[C@H](C)[n+]1[c-]n2ccccc2c1)C(=O)N[C@@H](CC(N)=O)C(=O)O,-6.9007,-9.912282
CC(C)[C@H](NC(=O)[C@H](C)[n+]1[c-]n2ccccc2c1)C(=O)N[C@@H](CCC(N)=O)C(=O)O,-12.071,-3.8090172
CC(C)[C@H](NC(=O)[C@H](C)[n+]1[c-]n2ccccc2c1)C(=O)N[C@@H](CCCNC(=N)N)C(=O)O,-12.7308,-10.270337
CC(C)[C@H](NC(=O)[C@H](CC(=O)O)NC(=O)C[n+]1[c-]n2ccccc2c1)C(=O)O,-6.8672,-10.755617
CC(C)[C@H](NC(=O)[C@H](CC(=O)O)NC(=O)[C@H](CCC(=O)O)[n+]1[c-]n2ccccc2c1)C(=O)O,-7.136,-5.130438
CC(C)[C@H](NC(=O)[C@H](CC(=O)O)NC(=O)[C@H](CS)[n+]1[c-]n2ccccc2c1)C(=O)O,0.8249,-5.092114
CC(C)[C@H](NC(=O)[C@H](CC(=O)O)[n+]1[c-]n2ccccc2c1)C(=O)NCC(=O)O,-3.6285,-6.697344
CC(C)[C@H](NC(=O)[C@H](CC(N)=O)NC(=O)[C@H](CCC(=O)O)[n+]1[c-]n2ccccc2c1)C(=O)O,-4.6566,-7.0674686
CC(C)[C@H](NC(=O)[C@H](CC(N)=O)NC(=O)[C@H](CS)[n+]1[c-]n2ccccc2c1)C(=O)O,1.6032,-3.9442801
CC(C)[C@H](NC(=O)[C@H](CC(N)=O)[n+]1[c-]n2ccccc2c1)C(=O)N[C@@H](Cc1c[nH]cn1)C(=O)O,-4.5612,-8.529419
CC(C)[C@H](NC(=O)[C@H](CC(N)=O)[n+]1[c-]n2ccccc2c1)C(=O)N[C@@H](Cc1ccc(O)cc1)C(=O)O,-12.0492,-9.394848
CC(C)[C@H](NC(=O)[C@H](CCC(=O)O)NC(=O)[C@H](CC(=O)O)[n+]1[c-]n2ccccc2c1)C(=O)O,-8.8084,-9.847825
CC(C)[C@H](NC(=O)[C@H](CCC(=O)O)NC(=O)[C@H](CC(N)=O)[n+]1[c-]n2ccccc2c1)C(=O)O,-4.616,-8.909903
CC(C)[C@H](NC(=O)[C@H](CCC(=O)O)[n+]1[c-]n2ccccc2c1)C(=O)N[C@@H](C)C(=O)O,-6.6558,-3.545241
CC(C)[C@H](NC(=O)[C@H](CCC(=O)O)[n+]1[c-]n2ccccc2c1)C(=O)N[C@@H](CCC(=O)O)C(=O)O,-13.3595,-8.425959
CC(C)[C@H](NC(=O)[C@H](CCC(=O)O)[n+]1[c-]n2ccccc2c1)C(=O)N[C@@H](Cc1c[nH]c2ccccc12)C(=O)O,-9.8395,-10.05006
CC(C)[C@H](NC(=O)[C@H](CCC(=O)O)[n+]1[c-]n2ccccc2c1)C(=O)N[C@@H](Cc1ccccc1)C(=O)O,-7.0926,-6.951868
CC(C)[C@H](NC(=O)[C@H](CCC(N)=O)NC(=O)[C@H](CC(N)=O)[n+]1[c-]n2ccccc2c1)C(=O)O,-10.6317,-8.727307
CC(C)[C@H](NC(=O)[C@H](CCC(N)=O)NC(=O)[C@H](CCC(=O)O)[n+]1[c-]n2ccccc2c1)C(=O)O,-8.3284,-8.5179615
CC(C)[C@H](NC(=O)[C@H](CCC(N)=O)NC(=O)[C@H](CO)[n+]1[c-]n2ccccc2c1)C(=O)O,-14.8769,-9.412508
CC(C)[C@H](NC(=O)[C@H](CCC(N)=O)NC(=O)[C@H](CS)[n+]1[c-]n2ccccc2c1)C(=O)O,-5.8328,-9.9593115
CC(C)[C@H](NC(=O)[C@H](CCC(N)=O)NC(=O)[C@H](Cc1c[nH]cn1)[n+]1[c-]n2ccccc2c1)C(=O)O,-12.1463,-10.108396
CC(C)[C@H](NC(=O)[C@H](CCC(N)=O)[n+]1[c-]n2ccccc2c1)C(=O)N[C@@H](C)C(=O)O,0.4725,-4.7859774
CC(C)[C@H](NC(=O)[C@H](CCC(N)=O)[n+]1[c-]n2ccccc2c1)C(=O)N[C@@H](CCC(N)=O)C(=O)O,-21.381,-10.856415
CC(C)[C@H](NC(=O)[C@H](CCCNC(=N)N)NC(=O)[C@H](Cc1c[nH]c2ccccc12)[n+]1[c-]n2ccccc2c1)C(=O)O,0.5213,-9.685845
CC(C)[C@H](NC(=O)[C@H](CCCNC(=N)N)[n+]1[c-]n2ccccc2c1)C(=O)N[C@@H](CCCNC(=N)N)C(=O)O,-2.1963,-7.740467
CC(C)[C@H](NC(=O)[C@H](CCCNC(=N)N)[n+]1[c-]n2ccccc2c1)C(=O)N[C@@H](CS)C(=O)O,-4.7499,-8.255177
CC(C)[C@H](NC(=O)[C@H](CCCNC(=N)N)[n+]1[c-]n2ccccc2c1)C(=O)N[C@@H](Cc1c[nH]cn1)C(=O)O,-10.5372,-9.549225
CC(C)[C@H](NC(=O)[C@H](CCCNC(=N)N)[n+]1[c-]n2ccccc2c1)C(=O)N[C@@H](Cc1ccccc1)C(=O)O,-8.382,-8.507827
CC(C)[C@H](NC(=O)[C@H](CO)NC(=O)[C@H](C(C)C)[n+]1[c-]n2ccccc2c1)C(=O)O,-1.6625,-4.329801
CC(C)[C@H](NC(=O)[C@H](CO)[n+]1[c-]n2ccccc2c1)C(=O)N[C@@H](C)C(=O)O,-4.1605,-3.9397526
CC(C)[C@H](NC(=O)[C@H](CO)[n+]1[c-]n2ccccc2c1)C(=O)N[C@@H](CCCNC(=N)N)C(=O)O,-6.8805,-9.644298
CC(C)[C@H](NC(=O)[C@H](CO)[n+]1[c-]n2ccccc2c1)C(=O)N[C@@H](Cc1c[nH]cn1)C(=O)O,-8.718,-5.3490562
CC(C)[C@H](NC(=O)[C@H](CO)[n+]1[c-]n2ccccc2c1)C(=O)N[C@@H](Cc1ccc(O)cc1)C(=O)O,-4.4389,-7.748872
CC(C)[C@H](NC(=O)[C@H](CO)[n+]1[c-]n2ccccc2c1)C(=O)N[C@@H](Cc1ccccc1)C(=O)O,-6.4878,-7.927368
CC(C)[C@H](NC(=O)[C@H](CO)[n+]1[c-]n2ccccc2c1)C(=O)N[C@H](C(=O)O)[C@@H](C)O,-8.1781,-6.6152534
CC(C)[C@H](NC(=O)[C@H](CS)NC(=O)[C@H](CC(=O)O)[n+]1[c-]n2ccccc2c1)C(=O)O,-5.6747,-6.7562284
CC(C)[C@H](NC(=O)[C@H](CS)NC(=O)[C@H](CC(N)=O)[n+]1[c-]n2ccccc2c1)C(=O)O,-8.3093,-8.511698
CC(C)[C@H](NC(=O)[C@H](CS)NC(=O)[C@H](Cc1ccccc1)[n+]1[c-]n2ccccc2c1)C(=O)O,-4.7871,-10.121473
CC(C)[C@H](NC(=O)[C@H](CS)NC(=O)[C@H]([C@@H](C)O)[n+]1[c-]n2ccccc2c1)C(=O)O,-6.4368,-10.323947
CC(C)[C@H](NC(=O)[C@H](CS)[n+]1[c-]n2ccccc2c1)C(=O)N[C@@H](CCC(=O)O)C(=O)O,-4.2287,-6.790453
CC(C)[C@H](NC(=O)[C@H](Cc1c[nH]c2ccccc12)NC(=O)[C@H](C(C)C)[n+]1[c-]n2ccccc2c1)C(=O)O,-5.3565,-7.269109
CC(C)[C@H](NC(=O)[C@H](Cc1c[nH]c2ccccc12)NC(=O)[C@H](C)[n+]1[c-]n2ccccc2c1)C(=O)O,-9.9443,-9.211356
CC(C)[C@H](NC(=O)[C@H](Cc1c[nH]c2ccccc12)NC(=O)[C@H]([C@@H](C)O)[n+]1[c-]n2ccccc2c1)C(=O)O,-7.9728,-8.870613
CC(C)[C@H](NC(=O)[C@H](Cc1c[nH]c2ccccc12)[n+]1[c-]n2ccccc2c1)C(=O)N[C@@H](C)C(=O)O,-2.4305,-3.4555817
CC(C)[C@H](NC(=O)[C@H](Cc1c[nH]c2ccccc12)[n+]1[c-]n2ccccc2c1)C(=O)N[C@@H](CS)C(=O)O,-5.1011,-6.720848
CC(C)[C@H](NC(=O)[C@H](Cc1c[nH]c2ccccc12)[n+]1[c-]n2ccccc2c1)C(=O)N[C@@H](Cc1c[nH]c2ccccc12)C(=O)O,-12.4557,-11.492025
CC(C)[C@H](NC(=O)[C@H](Cc1c[nH]c2ccccc12)[n+]1[c-]n2ccccc2c1)C(=O)N[C@@H](Cc1ccccc1)C(=O)O,-5.7934,-3.9023018
CC(C)[C@H](NC(=O)[C@H](Cc1c[nH]cn1)NC(=O)[C@H](CCC(=O)O)[n+]1[c-]n2ccccc2c1)C(=O)O,-8.8204,-11.26683
CC(C)[C@H](NC(=O)[C@H](Cc1c[nH]cn1)[n+]1[c-]n2ccccc2c1)C(=O)N[C@@H](CCC(=O)O)C(=O)O,-0.3076,-6.862521
CC(C)[C@H](NC(=O)[C@H](Cc1c[nH]cn1)[n+]1[c-]n2ccccc2c1)C(=O)N[C@@H](Cc1c[nH]c2ccccc12)C(=O)O,-4.3877,-5.519784
CC(C)[C@H](NC(=O)[C@H](Cc1c[nH]cn1)[n+]1[c-]n2ccccc2c1)C(=O)N[C@@H](Cc1ccccc1)C(=O)O,-6.0988,-10.559696
CC(C)[C@H](NC(=O)[C@H](Cc1c[nH]cn1)[n+]1[c-]n2ccccc2c1)C(=O)N[C@H](C(=O)O)[C@@H](C)O,-8.8771,-8.262179
CC(C)[C@H](NC(=O)[C@H](Cc1ccc(O)cc1)NC(=O)[C@H](C)[n+]1[c-]n2ccccc2c1)C(=O)O,-5.0696,-6.3452992
CC(C)[C@H](NC(=O)[C@H](Cc1ccc(O)cc1)NC(=O)[C@H](CCC(N)=O)[n+]1[c-]n2ccccc2c1)C(=O)O,-12.3239,-10.98706
CC(C)[C@H](NC(=O)[C@H](Cc1ccc(O)cc1)NC(=O)[C@H](CO)[n+]1[c-]n2ccccc2c1)C(=O)O,-4.7088,-8.949869
CC(C)[C@H](NC(=O)[C@H](Cc1ccccc1)NC(=O)[C@H](CCC(=O)O)[n+]1[c-]n2ccccc2c1)C(=O)O,-4.0946,-5.486728
CC(C)[C@H](NC(=O)[C@H](Cc1ccccc1)[n+]1[c-]n2ccccc2c1)C(=O)N[C@@H](CO)C(=O)O,-10.1247,-6.369988
CC(C)[C@H](NC(=O)[C@H](Cc1ccccc1)[n+]1[c-]n2ccccc2c1)C(=O)N[C@@H](CS)C(=O)O,-5.4552,-4.2580333
CC(C)[C@H](NC(=O)[C@H](Cc1ccccc1)[n+]1[c-]n2ccccc2c1)C(=O)O,-6.5159,-3.664116
CC(C)[C@H](NC(=O)[C@H]([C@@H](C)O)[n+]1[c-]n2ccccc2c1)C(=O)N[C@@H](C)C(=O)O,-7.9347,-6.0671144
CC(C)[C@H](NC(=O)[C@H]([C@@H](C)O)[n+]1[c-]n2ccccc2c1)C(=O)N[C@@H](CC(=O)O)C(=O)O,-9.203,-6.6316805
CC(C)[C@H](NC(=O)[C@H]([C@@H](C)O)[n+]1[c-]n2ccccc2c1)C(=O)N[C@@H](CCC(=O)O)C(=O)O,-8.6289,-8.19796
CC(C)[C@H](NC(=O)[C@H]([C@@H](C)O)[n+]1[c-]n2ccccc2c1)C(=O)N[C@@H](CO)C(=O)O,-7.9122,-7.827849
CC(C)[C@H](NC(=O)[C@H]([C@@H](C)O)[n+]1[c-]n2ccccc2c1)C(=O)N[C@@H](Cc1c[nH]c2ccccc12)C(=O)O,-12.5802,-10.507851
CC(C)[C@H](NC(=O)[C@H]([C@@H](C)O)[n+]1[c-]n2ccccc2c1)C(=O)O,-7.0685,-7.237994
CC[C@H](C)[C@@H](C(=O)N1CCC[C@H]1C(=O)N[C@@H](CC(=O)O)C(=O)O)[n+]1[c-]n2ccccc2c1,-7.0286,-8.745426
CC[C@H](C)[C@@H](C(=O)N1CCC[C@H]1C(=O)N[C@@H](CCCNC(=N)N)C(=O)O)[n+]1[c-]n2ccccc2c1,-11.5924,-7.5337067
CC[C@H](C)[C@@H](C(=O)N1CCC[C@H]1C(=O)N[C@@H](CO)C(=O)O)[n+]1[c-]n2ccccc2c1,-8.3136,-6.8056993
CC[C@H](C)[C@@H](C(=O)N1CCC[C@H]1C(=O)N[C@@H](Cc1ccc(O)cc1)C(=O)O)[n+]1[c-]n2ccccc2c1,-10.4079,-5.682575
CC[C@H](C)[C@@H](C(=O)N1CCC[C@H]1C(=O)N[C@H](C(=O)O)[C@@H](C)O)[n+]1[c-]n2ccccc2c1,-12.1632,-8.063528
CC[C@H](C)[C@@H](C(=O)N1CCC[C@H]1C(=O)O)[n+]1[c-]n2ccccc2c1,-6.5014,-6.542556
CC[C@H](C)[C@@H](C(=O)NCC(=O)N[C@@H](CCC(N)=O)C(=O)O)[n+]1[c-]n2ccccc2c1,-15.1738,-10.072198
CC[C@H](C)[C@@H](C(=O)NCC(=O)N[C@@H](Cc1c[nH]c2ccccc12)C(=O)O)[n+]1[c-]n2ccccc2c1,-11.2927,-8.812191
CC[C@H](C)[C@@H](C(=O)NCC(=O)N[C@@H](Cc1ccc(O)cc1)C(=O)O)[n+]1[c-]n2ccccc2c1,-14.7919,-12.095915
CC[C@H](C)[C@@H](C(=O)NCC(=O)N[C@@H](Cc1ccccc1)C(=O)O)[n+]1[c-]n2ccccc2c1,-9.3935,-11.039012
CC[C@H](C)[C@@H](C(=O)NCC(=O)N[C@H](C(=O)O)[C@@H](C)O)[n+]1[c-]n2ccccc2c1,-8.4516,-6.4903746
CC[C@H](C)[C@@H](C(=O)N[C@@H](C)C(=O)N[C@@H](CC(N)=O)C(=O)O)[n+]1[c-]n2ccccc2c1,-14.3024,-7.921347
CC[C@H](C)[C@@H](C(=O)N[C@@H](C)C(=O)N[C@@H](CO)C(=O)O)[n+]1[c-]n2ccccc2c1,-2.2949,-5.550983
CC[C@H](C)[C@@H](C(=O)N[C@@H](C)C(=O)O)[n+]1[c-]n2ccccc2c1,-4.0559,-5.138282
CC[C@H](C)[C@@H](C(=O)N[C@@H](CC(=O)O)C(=O)NCC(=O)O)[n+]1[c-]n2ccccc2c1,-7.683,-7.990931
CC[C@H](C)[C@@H](C(=O)N[C@@H](CC(=O)O)C(=O)N[C@@H](CC(=O)O)C(=O)O)[n+]1[c-]n2ccccc2c1,-9.1267,-13.384581
CC[C@H](C)[C@@H](C(=O)N[C@@H](CC(=O)O)C(=O)N[C@@H](CCC(N)=O)C(=O)O)[n+]1[c-]n2ccccc2c1,-4.853,-8.762453
CC[C@H](C)[C@@H](C(=O)N[C@@H](CC(=O)O)C(=O)N[C@@H](Cc1c[nH]cn1)C(=O)O)[n+]1[c-]n2ccccc2c1,-3.7917,-5.9844527
CC[C@H](C)[C@@H](C(=O)N[C@@H](CC(C)C)C(=O)N[C@@H](C)C(=O)O)[n+]1[c-]n2ccccc2c1,-4.6479,-4.3911643
CC[C@H](C)[C@@H](C(=O)N[C@@H](CC(C)C)C(=O)N[C@@H](Cc1c[nH]c2ccccc12)C(=O)O)[n+]1[c-]n2ccccc2c1,-6.3088,-6.9443707
CC[C@H](C)[C@@H](C(=O)N[C@@H](CC(N)=O)C(=O)N1CCC[C@H]1C(=O)O)[n+]1[c-]n2ccccc2c1,-11.9675,-7.933567
CC[C@H](C)[C@@H](C(=O)N[C@@H](CC(N)=O)C(=O)NCC(=O)O)[n+]1[c-]n2ccccc2c1,-6.9343,-9.296871
CC[C@H](C)[C@@H](C(=O)N[C@@H](CC(N)=O)C(=O)N[C@@H](CS)C(=O)O)[n+]1[c-]n2ccccc2c1,-11.8984,-5.416086
CC[C@H](C)[C@@H](C(=O)N[C@@H](CC(N)=O)C(=O)N[C@@H](Cc1c[nH]c2ccccc12)C(=O)O)[n+]1[c-]n2ccccc2c1,-11.5685,-10.430647
CC[C@H](C)[C@@H](C(=O)N[C@@H](CCC(=O)O)C(=O)N1CCC[C@H]1C(=O)O)[n+]1[c-]n2ccccc2c1,-4.9593,-7.9139533
CC[C@H](C)[C@@H](C(=O)N[C@@H](CCC(=O)O)C(=O)N[C@@H](CC(=O)O)C(=O)O)[n+]1[c-]n2ccccc2c1,-9.712,-9.642193
CC[C@H](C)[C@@H](C(=O)N[C@@H](CCC(=O)O)C(=O)N[C@@H](CC(N)=O)C(=O)O)[n+]1[c-]n2ccccc2c1,-9.6987,-8.827098
CC[C@H](C)[C@@H](C(=O)N[C@@H](CCC(=O)O)C(=O)N[C@@H](CCC(=O)O)C(=O)O)[n+]1[c-]n2ccccc2c1,-11.9012,-9.453319
CC[C@H](C)[C@@H](C(=O)N[C@@H](CCC(=O)O)C(=O)N[C@@H](CS)C(=O)O)[n+]1[c-]n2ccccc2c1,-8.0716,-8.86673
CC[C@H](C)[C@@H](C(=O)N[C@@H](CCC(=O)O)C(=O)N[C@@H](Cc1ccccc1)C(=O)O)[n+]1[c-]n2ccccc2c1,-23.3517,-8.629787
CC[C@H](C)[C@@H](C(=O)N[C@@H](CCC(=O)O)C(=O)N[C@H](C(=O)O)[C@@H](C)O)[n+]1[c-]n2ccccc2c1,-10.1075,-10.230312
CC[C@H](C)[C@@H](C(=O)N[C@@H](CCC(=O)O)C(=O)O)[n+]1[c-]n2ccccc2c1,-11.9663,-11.187667
CC[C@H](C)[C@@H](C(=O)N[C@@H](CCC(N)=O)C(=O)N1CCC[C@H]1C(=O)O)[n+]1[c-]n2ccccc2c1,-11.4671,-9.03022
CC[C@H](C)[C@@H](C(=O)N[C@@H](CCC(N)=O)C(=O)N[C@@H](CC(N)=O)C(=O)O)[n+]1[c-]n2ccccc2c1,-9.6228,-10.025534
CC[C@H](C)[C@@H](C(=O)N[C@@H](CCC(N)=O)C(=O)N[C@H](C(=O)O)[C@@H](C)O)[n+]1[c-]n2ccccc2c1,-11.4453,-10.739029
CC[C@H](C)[C@@H](C(=O)N[C@@H](CCC(N)=O)C(=O)O)[n+]1[c-]n2ccccc2c1,-12.4269,-12.172334
CC[C@H](C)[C@@H](C(=O)N[C@@H](CCCNC(=N)N)C(=O)N[C@@H](CC(=O)O)C(=O)O)[n+]1[c-]n2ccccc2c1,-3.2546,-8.448407
CC[C@H](C)[C@@H](C(=O)N[C@@H](CCCNC(=N)N)C(=O)N[C@@H](CS)C(=O)O)[n+]1[c-]n2ccccc2c1,-6.5742,-8.694534
CC[C@H](C)[C@@H](C(=O)N[C@@H](CCCNC(=N)N)C(=O)N[C@H](C(=O)O)C(C)C)[n+]1[c-]n2ccccc2c1,-7.5729,-6.746106
CC[C@H](C)[C@@H](C(=O)N[C@@H](CCSC)C(=O)N[C@@H](C)C(=O)O)[n+]1[c-]n2ccccc2c1,-4.1454,-5.614946
CC[C@H](C)[C@@H](C(=O)N[C@@H](CCSC)C(=O)N[C@@H](CC(C)C)C(=O)O)[n+]1[c-]n2ccccc2c1,-4.4383,-7.235099
CC[C@H](C)[C@@H](C(=O)N[C@@H](CCSC)C(=O)N[C@@H](CO)C(=O)O)[n+]1[c-]n2ccccc2c1,-10.0513,-8.203127
CC[C@H](C)[C@@H](C(=O)N[C@@H](CCSC)C(=O)O)[n+]1[c-]n2ccccc2c1,-5.0213,-4.6577444
CC[C@H](C)[C@@H](C(=O)N[C@@H](CO)C(=O)N[C@@H](CCSC)C(=O)O)[n+]1[c-]n2ccccc2c1,1.5493,-5.584142
CC[C@H](C)[C@@H](C(=O)N[C@@H](CO)C(=O)N[C@@H](Cc1ccc(O)cc1)C(=O)O)[n+]1[c-]n2ccccc2c1,-6.5486,-9.028181
CC[C@H](C)[C@@H](C(=O)N[C@@H](CO)C(=O)N[C@@H](Cc1ccccc1)C(=O)O)[n+]1[c-]n2ccccc2c1,-5.8575,-6.281859
CC[C@H](C)[C@@H](C(=O)N[C@@H](CS)C(=O)N[C@@H](CC(C)C)C(=O)O)[n+]1[c-]n2ccccc2c1,-11.5802,-6.75701
CC[C@H](C)[C@@H](C(=O)N[C@@H](CS)C(=O)N[C@@H](CC(N)=O)C(=O)O)[n+]1[c-]n2ccccc2c1,-5.7517,-6.831946
CC[C@H](C)[C@@H](C(=O)N[C@@H](Cc1c[nH]c2ccccc12)C(=O)NCC(=O)O)[n+]1[c-]n2ccccc2c1,-9.716,-6.6032376
CC[C@H](C)[C@@H](C(=O)N[C@@H](Cc1c[nH]c2ccccc12)C(=O)N[C@@H](CCC(=O)O)C(=O)O)[n+]1[c-]n2ccccc2c1,-3.5157,-12.260795
CC[C@H](C)[C@@H](C(=O)N[C@@H](Cc1c[nH]c2ccccc12)C(=O)N[C@@H](Cc1c[nH]cn1)C(=O)O)[n+]1[c-]n2ccccc2c1,-10.9186,-8.567722
CC[C@H](C)[C@@H](C(=O)N[C@@H](Cc1c[nH]c2ccccc12)C(=O)O)[n+]1[c-]n2ccccc2c1,-10.7381,-8.810065
CC[C@H](C)[C@@H](C(=O)N[C@@H](Cc1c[nH]cn1)C(=O)NCC(=O)O)[n+]1[c-]n2ccccc2c1,-3.0203,-9.623598
CC[C@H](C)[C@@H](C(=O)N[C@@H](Cc1c[nH]cn1)C(=O)N[C@@H](CC(C)C)C(=O)O)[n+]1[c-]n2ccccc2c1,-11.1053,-8.482825
CC[C@H](C)[C@@H](C(=O)N[C@@H](Cc1c[nH]cn1)C(=O)N[C@@H](CCC(=O)O)C(=O)O)[n+]1[c-]n2ccccc2c1,-17.108,-10.848682
CC[C@H](C)[C@@H](C(=O)N[C@@H](Cc1ccc(O)cc1)C(=O)N[C@@H](CCCNC(=N)N)C(=O)O)[n+]1[c-]n2ccccc2c1,-4.8788,-10.250307
CC[C@H](C)[C@@H](C(=O)N[C@@H](Cc1ccc(O)cc1)C(=O)N[C@@H](Cc1c[nH]c2ccccc12)C(=O)O)[n+]1[c-]n2ccccc2c1,-6.29,-8.998743
CC[C@H](C)[C@@H](C(=O)N[C@@H](Cc1ccc(O)cc1)C(=O)N[C@@H](Cc1ccc(O)cc1)C(=O)O)[n+]1[c-]n2ccccc2c1,-8.219,-10.126997
CC[C@H](C)[C@@H](C(=O)N[C@@H](Cc1ccc(O)cc1)C(=O)N[C@H](C(=O)O)C(C)C)[n+]1[c-]n2ccccc2c1,-10.759,-6.882015
CC[C@H](C)[C@@H](C(=O)N[C@@H](Cc1ccccc1)C(=O)N[C@@H](C)C(=O)O)[n+]1[c-]n2ccccc2c1,-7.3388,-7.565028
CC[C@H](C)[C@@H](C(=O)N[C@@H](Cc1ccccc1)C(=O)N[C@@H](CC(C)C)C(=O)O)[n+]1[c-]n2ccccc2c1,-3.439,-5.36897
CC[C@H](C)[C@@H](C(=O)N[C@@H](Cc1ccccc1)C(=O)N[C@@H](CCC(=O)O)C(=O)O)[n+]1[c-]n2ccccc2c1,-7.9025,-11.989716
CC[C@H](C)[C@@H](C(=O)N[C@@H](Cc1ccccc1)C(=O)N[C@@H](CCCNC(=N)N)C(=O)O)[n+]1[c-]n2ccccc2c1,-2.4254,-8.301239
CC[C@H](C)[C@@H](C(=O)N[C@@H](Cc1ccccc1)C(=O)N[C@@H](CCSC)C(=O)O)[n+]1[c-]n2ccccc2c1,-5.0584,-5.7873993
CC[C@H](C)[C@@H](C(=O)N[C@@H](Cc1ccccc1)C(=O)N[C@@H](CS)C(=O)O)[n+]1[c-]n2ccccc2c1,-5.0951,-7.7840743
CC[C@H](C)[C@@H](C(=O)N[C@@H](Cc1ccccc1)C(=O)N[C@@H](Cc1c[nH]cn1)C(=O)O)[n+]1[c-]n2ccccc2c1,-7.6257,-9.500065
CC[C@H](C)[C@@H](C(=O)N[C@H](C(=O)NCC(=O)O)C(C)C)[n+]1[c-]n2ccccc2c1,-1.4083,-4.1814523
CC[C@H](C)[C@@H](C(=O)N[C@H](C(=O)N[C@@H](CCC(=O)O)C(=O)O)[C@@H](C)O)[n+]1[c-]n2ccccc2c1,-17.2701,-10.080839
CC[C@H](C)[C@@H](C(=O)N[C@H](C(=O)N[C@@H](CCC(N)=O)C(=O)O)C(C)C)[n+]1[c-]n2ccccc2c1,-7.4637,-11.453095
CC[C@H](C)[C@@H](C(=O)N[C@H](C(=O)N[C@@H](Cc1c[nH]c2ccccc12)C(=O)O)C(C)C)[n+]1[c-]n2ccccc2c1,-7.858,-8.702459
CC[C@H](C)[C@@H](C(=O)N[C@H](C(=O)N[C@@H](Cc1c[nH]cn1)C(=O)O)C(C)C)[n+]1[c-]n2ccccc2c1,-1.5971,-3.7967098
CC[C@H](C)[C@@H](C(=O)N[C@H](C(=O)N[C@@H](Cc1ccc(O)cc1)C(=O)O)[C@@H](C)O)[n+]1[c-]n2ccccc2c1,-8.0317,-7.9905157
CC[C@H](C)[C@H](NC(=O)CNC(=O)[C@H](C(C)C)[n+]1[c-]n2ccccc2c1)C(=O)O,-8.0939,-6.5414214
CC[C@H](C)[C@H](NC(=O)CNC(=O)[C@H](CCC(N)=O)[n+]1[c-]n2ccccc2c1)C(=O)O,-5.7901,-4.732841
CC[C@H](C)[C@H](NC(=O)CNC(=O)[C@H](CS)[n+]1[c-]n2ccccc2c1)C(=O)O,-7.6116,-6.1600595
CC[C@H](C)[C@H](NC(=O)CNC(=O)[C@H](Cc1c[nH]c2ccccc12)[n+]1[c-]n2ccccc2c1)C(=O)O,-8.9048,-6.430516
CC[C@H](C)[C@H](NC(=O)CNC(=O)[C@H](Cc1c[nH]cn1)[n+]1[c-]n2ccccc2c1)C(=O)O,-10.0688,-10.04763
CC[C@H](C)[C@H](NC(=O)C[n+]1[c-]n2ccccc2c1)C(=O)N[C@@H](C)C(=O)O,-8.7303,-8.165417
CC[C@H](C)[C@H](NC(=O)C[n+]1[c-]n2ccccc2c1)C(=O)N[C@@H](CCCNC(=N)N)C(=O)O,-12.6728,-11.924292
CC[C@H](C)[C@H](NC(=O)C[n+]1[c-]n2ccccc2c1)C(=O)N[C@H](C(=O)O)C(C)C,-7.7669,-8.42824
CC[C@H](C)[C@H](NC(=O)C[n+]1[c-]n2ccccc2c1)C(=O)O,-6.8099,-8.050034
CC[C@H](C)[C@H](NC(=O)[C@@H](NC(=O)[C@H](C(C)C)[n+]1[c-]n2ccccc2c1)[C@@H](C)CC)C(=O)O,-3.6124,-3.8440871
CC[C@H](C)[C@H](NC(=O)[C@@H](NC(=O)[C@H](C(C)C)[n+]1[c-]n2ccccc2c1)[C@@H](C)O)C(=O)O,-6.6992,-2.9126291
CC[C@H](C)[C@H](NC(=O)[C@@H](NC(=O)[C@H](CC(=O)O)[n+]1[c-]n2ccccc2c1)C(C)C)C(=O)O,-9.9881,-6.532722
CC[C@H](C)[C@H](NC(=O)[C@@H](NC(=O)[C@H](CC(N)=O)[n+]1[c-]n2ccccc2c1)[C@@H](C)CC)C(=O)O,-2.0424,-6.317173
CC[C@H](C)[C@H](NC(=O)[C@@H](NC(=O)[C@H](CCC(N)=O)[n+]1[c-]n2ccccc2c1)[C@@H](C)CC)C(=O)O,-2.7073,-5.7882185
CC[C@H](C)[C@H](NC(=O)[C@@H](NC(=O)[C@H](CCC(N)=O)[n+]1[c-]n2ccccc2c1)[C@@H](C)O)C(=O)O,-3.9767,-4.9805126
CC[C@H](C)[C@H](NC(=O)[C@@H](NC(=O)[C@H](CCSC)[n+]1[c-]n2ccccc2c1)[C@@H](C)O)C(=O)O,0.1512,-4.0081806
CC[C@H](C)[C@H](NC(=O)[C@@H](NC(=O)[C@H](CO)[n+]1[c-]n2ccccc2c1)[C@@H](C)O)C(=O)O,-3.8945,-6.234907
CC[C@H](C)[C@H](NC(=O)[C@@H](NC(=O)[C@H](CS)[n+]1[c-]n2ccccc2c1)[C@@H](C)O)C(=O)O,-0.1667,-4.029434
CC[C@H](C)[C@H](NC(=O)[C@@H](NC(=O)[C@H](Cc1c[nH]cn1)[n+]1[c-]n2ccccc2c1)[C@@H](C)CC)C(=O)O,-3.1367,-6.8341255
CC[C@H](C)[C@H](NC(=O)[C@@H](NC(=O)[C@H](Cc1ccc(O)cc1)[n+]1[c-]n2ccccc2c1)[C@@H](C)O)C(=O)O,-1.0692,-4.707176
CC[C@H](C)[C@H](NC(=O)[C@@H]1CCCN1C(=O)[C@H](CC(=O)O)[n+]1[c-]n2ccccc2c1)C(=O)O,-3.1543,-3.5481691
CC[C@H](C)[C@H](NC(=O)[C@@H]1CCCN1C(=O)[C@H](CCCNC(=N)N)[n+]1[c-]n2ccccc2c1)C(=O)O,-1.7481,-7.3017197
CC[C@H](C)[C@H](NC(=O)[C@@H]1CCCN1C(=O)[C@H](CS)[n+]1[c-]n2ccccc2c1)C(=O)O,-5.7081,-4.806612
CC[C@H](C)[C@H](NC(=O)[C@@H]1CCCN1C(=O)[C@H](Cc1c[nH]cn1)[n+]1[c-]n2ccccc2c1)C(=O)O,-8.0632,-6.329292
CC[C@H](C)[C@H](NC(=O)[C@@H]1CCCN1C(=O)[C@H](Cc1ccc(O)cc1)[n+]1[c-]n2ccccc2c1)C(=O)O,-8.8137,-5.76828
CC[C@H](C)[C@H](NC(=O)[C@H](C(C)C)[n+]1[c-]n2ccccc2c1)C(=O)N[C@@H](CCC(=O)O)C(=O)O,-10.3886,-8.225168
CC[C@H](C)[C@H](NC(=O)[C@H](C(C)C)[n+]1[c-]n2ccccc2c1)C(=O)N[C@@H](CS)C(=O)O,-5.2124,-5.7305946
CC[C@H](C)[C@H](NC(=O)[C@H](C(C)C)[n+]1[c-]n2ccccc2c1)C(=O)N[C@H](C(=O)O)[C@@H](C)O,-5.9349,-5.7068486
CC[C@H](C)[C@H](NC(=O)[C@H](C)NC(=O)[C@H](C(C)C)[n+]1[c-]n2ccccc2c1)C(=O)O,10.574,-2.9316077
CC[C@H](C)[C@H](NC(=O)[C@H](C)NC(=O)[C@H](CC(=O)O)[n+]1[c-]n2ccccc2c1)C(=O)O,-1.9938,-4.9694557
CC[C@H](C)[C@H](NC(=O)[C@H](C)NC(=O)[C@H](CCC(=O)O)[n+]1[c-]n2ccccc2c1)C(=O)O,-3.4593,-4.1097326
CC[C@H](C)[C@H](NC(=O)[C@H](C)NC(=O)[C@H](CCSC)[n+]1[c-]n2ccccc2c1)C(=O)O,-1.3762,-4.7832375
CC[C@H](C)[C@H](NC(=O)[C@H](C)[n+]1[c-]n2ccccc2c1)C(=O)N1CCC[C@H]1C(=O)O,-9.016,-7.7607822
CC[C@H](C)[C@H](NC(=O)[C@H](C)[n+]1[c-]n2ccccc2c1)C(=O)NCC(=O)O,-3.5027,-3.5872679
CC[C@H](C)[C@H](NC(=O)[C@H](C)[n+]1[c-]n2ccccc2c1)C(=O)N[C@@H](CC(=O)O)C(=O)O,-2.8614,-4.2476754
CC[C@H](C)[C@H](NC(=O)[C@H](C)[n+]1[c-]n2ccccc2c1)C(=O)N[C@@H](CC(C)C)C(=O)O,-11.5721,-9.671876
CC[C@H](C)[C@H](NC(=O)[C@H](C)[n+]1[c-]n2ccccc2c1)C(=O)N[C@@H](CO)C(=O)O,-4.9325,-4.2405643
CC[C@H](C)[C@H](NC(=O)[C@H](C)[n+]1[c-]n2ccccc2c1)C(=O)N[C@@H](Cc1c[nH]c2ccccc12)C(=O)O,-6.6176,-5.945149
CC[C@H](C)[C@H](NC(=O)[C@H](C)[n+]1[c-]n2ccccc2c1)C(=O)N[C@@H](Cc1c[nH]cn1)C(=O)O,-2.6789,-4.302327
CC[C@H](C)[C@H](NC(=O)[C@H](C)[n+]1[c-]n2ccccc2c1)C(=O)N[C@@H](Cc1ccccc1)C(=O)O,-9.2105,-8.668429
CC[C@H](C)[C@H](NC(=O)[C@H](CC(=O)O)NC(=O)[C@H](CC(=O)O)[n+]1[c-]n2ccccc2c1)C(=O)O,-3.9967,-2.575004
CC[C@H](C)[C@H](NC(=O)[C@H](CC(=O)O)NC(=O)[C@H](CO)[n+]1[c-]n2ccccc2c1)C(=O)O,-8.5095,-8.258559
CC[C@H](C)[C@H](NC(=O)[C@H](CC(=O)O)NC(=O)[C@H](Cc1ccccc1)[n+]1[c-]n2ccccc2c1)C(=O)O,-2.699,-6.653327
CC[C@H](C)[C@H](NC(=O)[C@H](CC(=O)O)[n+]1[c-]n2ccccc2c1)C(=O)N[C@@H](C)C(=O)O,-3.9516,-5.747118
CC[C@H](C)[C@H](NC(=O)[C@H](CC(=O)O)[n+]1[c-]n2ccccc2c1)C(=O)N[C@@H](CCC(N)=O)C(=O)O,-10.3132,-10.21774
CC[C@H](C)[C@H](NC(=O)[C@H](CC(=O)O)[n+]1[c-]n2ccccc2c1)C(=O)N[C@@H](Cc1c[nH]c2ccccc12)C(=O)O,-9.5949,-9.172079
CC[C@H](C)[C@H](NC(=O)[C@H](CC(=O)O)[n+]1[c-]n2ccccc2c1)C(=O)N[C@@H](Cc1ccccc1)C(=O)O,-2.1178,-6.2707605
CC[C@H](C)[C@H](NC(=O)[C@H](CC(=O)O)[n+]1[c-]n2ccccc2c1)C(=O)N[C@H](C(=O)O)C(C)C,-1.6044,-5.204108
CC[C@H](C)[C@H](NC(=O)[C@H](CC(C)C)NC(=O)[C@H](CC(N)=O)[n+]1[c-]n2ccccc2c1)C(=O)O,-6.9849,-7.3332686
CC[C@H](C)[C@H](NC(=O)[C@H](CC(C)C)NC(=O)[C@H](CCC(N)=O)[n+]1[c-]n2ccccc2c1)C(=O)O,-4.7181,-7.3781424
CC[C@H](C)[C@H](NC(=O)[C@H](CC(C)C)NC(=O)[C@H](CCCNC(=N)N)[n+]1[c-]n2ccccc2c1)C(=O)O,-5.1836,-7.39691
CC[C@H](C)[C@H](NC(=O)[C@H](CC(C)C)NC(=O)[C@H](CCSC)[n+]1[c-]n2ccccc2c1)C(=O)O,-0.6135,-4.694201
CC[C@H](C)[C@H](NC(=O)[C@H](CC(C)C)NC(=O)[C@H](CO)[n+]1[c-]n2ccccc2c1)C(=O)O,-3.5767,-4.1572723
CC[C@H](C)[C@H](NC(=O)[C@H](CC(C)C)NC(=O)[C@H](Cc1c[nH]cn1)[n+]1[c-]n2ccccc2c1)C(=O)O,-8.3647,-7.399407
CC[C@H](C)[C@H](NC(=O)[C@H](CC(C)C)[n+]1[c-]n2ccccc2c1)C(=O)N[C@@H](C)C(=O)O,-3.6412,-4.0137186
CC[C@H](C)[C@H](NC(=O)[C@H](CC(C)C)[n+]1[c-]n2ccccc2c1)C(=O)N[C@@H](CC(=O)O)C(=O)O,-3.4738,-6.264911
CC[C@H](C)[C@H](NC(=O)[C@H](CC(C)C)[n+]1[c-]n2ccccc2c1)C(=O)N[C@@H](Cc1ccccc1)C(=O)O,-3.6443,-5.9195466
CC[C@H](C)[C@H](NC(=O)[C@H](CC(N)=O)NC(=O)[C@H](CC(N)=O)[n+]1[c-]n2ccccc2c1)C(=O)O,-10.1913,-7.2325625
CC[C@H](C)[C@H](NC(=O)[C@H](CC(N)=O)NC(=O)[C@H](Cc1ccccc1)[n+]1[c-]n2ccccc2c1)C(=O)O,-7.4653,-8.482249
CC[C@H](C)[C@H](NC(=O)[C@H](CC(N)=O)[n+]1[c-]n2ccccc2c1)C(=O)NCC(=O)O,-0.4101,-3.9689362
CC[C@H](C)[C@H](NC(=O)[C@H](CC(N)=O)[n+]1[c-]n2ccccc2c1)C(=O)N[C@@H](CC(=O)O)C(=O)O,2.3724,-6.38892
CC[C@H](C)[C@H](NC(=O)[C@H](CC(N)=O)[n+]1[c-]n2ccccc2c1)C(=O)N[C@@H](CC(C)C)C(=O)O,-4.297,-5.148043
CC[C@H](C)[C@H](NC(=O)[C@H](CC(N)=O)[n+]1[c-]n2ccccc2c1)C(=O)N[C@@H](CC(N)=O)C(=O)O,-15.4008,-8.170672
CC[C@H](C)[C@H](NC(=O)[C@H](CC(N)=O)[n+]1[c-]n2ccccc2c1)C(=O)N[C@@H](Cc1c[nH]cn1)C(=O)O,0.6849,-4.3344593
CC[C@H](C)[C@H](NC(=O)[C@H](CCC(=O)O)NC(=O)[C@H](CCC(=O)O)[n+]1[c-]n2ccccc2c1)C(=O)O,-9.353,-7.0666366
CC[C@H](C)[C@H](NC(=O)[C@H](CCC(=O)O)NC(=O)[C@H](CCSC)[n+]1[c-]n2ccccc2c1)C(=O)O,-11.2216,-5.5120077
CC[C@H](C)[C@H](NC(=O)[C@H](CCC(=O)O)NC(=O)[C@H](CO)[n+]1[c-]n2ccccc2c1)C(=O)O,-10.4256,-9.585199
CC[C@H](C)[C@H](NC(=O)[C@H](CCC(=O)O)[n+]1[c-]n2ccccc2c1)C(=O)N[C@@H](C)C(=O)O,-6.3443,-4.231999
CC[C@H](C)[C@H](NC(=O)[C@H](CCC(=O)O)[n+]1[c-]n2ccccc2c1)C(=O)N[C@@H](CC(C)C)C(=O)O,0.2604,-3.5589418
CC[C@H](C)[C@H](NC(=O)[C@H](CCC(=O)O)[n+]1[c-]n2ccccc2c1)C(=O)N[C@@H](CCC(=O)O)C(=O)O,-9.4835,-5.681283
CC[C@H](C)[C@H](NC(=O)[C@H](CCC(=O)O)[n+]1[c-]n2ccccc2c1)C(=O)N[C@@H](CCSC)C(=O)O,-2.9801,-7.662471
CC[C@H](C)[C@H](NC(=O)[C@H](CCC(=O)O)[n+]1[c-]n2ccccc2c1)C(=O)N[C@@H](CO)C(=O)O,-2.4477,-5.3697677
CC[C@H](C)[C@H](NC(=O)[C@H](CCC(=O)O)[n+]1[c-]n2ccccc2c1)C(=O)N[C@@H](Cc1ccccc1)C(=O)O,-4.4777,-4.3668065
CC[C@H](C)[C@H](NC(=O)[C@H](CCC(N)=O)NC(=O)[C@H](C(C)C)[n+]1[c-]n2ccccc2c1)C(=O)O,-12.0022,-9.336005
CC[C@H](C)[C@H](NC(=O)[C@H](CCC(N)=O)NC(=O)[C@H](CCCNC(=N)N)[n+]1[c-]n2ccccc2c1)C(=O)O,-6.1534,-8.499042
CC[C@H](C)[C@H](NC(=O)[C@H](CCC(N)=O)NC(=O)[C@H](CCSC)[n+]1[c-]n2ccccc2c1)C(=O)O,-9.2054,-7.9003973
CC[C@H](C)[C@H](NC(=O)[C@H](CCC(N)=O)[n+]1[c-]n2ccccc2c1)C(=O)NCC(=O)O,-1.3701,-5.8076706
CC[C@H](C)[C@H](NC(=O)[C@H](CCC(N)=O)[n+]1[c-]n2ccccc2c1)C(=O)N[C@@H](CC(=O)O)C(=O)O,-15.2405,-8.437746
CC[C@H](C)[C@H](NC(=O)[C@H](CCCNC(=N)N)NC(=O)[C@H](CS)[n+]1[c-]n2ccccc2c1)C(=O)O,-0.1438,-6.167402
CC[C@H](C)[C@H](NC(=O)[C@H](CCCNC(=N)N)NC(=O)[C@H](Cc1c[nH]c2ccccc12)[n+]1[c-]n2ccccc2c1)C(=O)O,-13.2332,-8.799818
CC[C@H](C)[C@H](NC(=O)[C@H](CCCNC(=N)N)NC(=O)[C@H](Cc1c[nH]cn1)[n+]1[c-]n2ccccc2c1)C(=O)O,-6.5786,-9.0413885
CC[C@H](C)[C@H](NC(=O)[C@H](CCCNC(=N)N)NC(=O)[C@H](Cc1ccc(O)cc1)[n+]1[c-]n2ccccc2c1)C(=O)O,-11.7869,-13.784761
CC[C@H](C)[C@H](NC(=O)[C@H](CCCNC(=N)N)[n+]1[c-]n2ccccc2c1)C(=O)N1CCC[C@H]1C(=O)O,0.0611,-5.0842104
CC[C@H](C)[C@H](NC(=O)[C@H](CCCNC(=N)N)[n+]1[c-]n2ccccc2c1)C(=O)N[C@@H](C)C(=O)O,-1.5104,-8.101793
CC[C@H](C)[C@H](NC(=O)[C@H](CCCNC(=N)N)[n+]1[c-]n2ccccc2c1)C(=O)N[C@@H](CC(=O)O)C(=O)O,-1.2819,-9.208347
CC[C@H](C)[C@H](NC(=O)[C@H](CCCNC(=N)N)[n+]1[c-]n2ccccc2c1)C(=O)N[C@@H](Cc1c[nH]c2ccccc12)C(=O)O,-5.7141,-7.660157
CC[C@H](C)[C@H](NC(=O)[C@H](CCCNC(=N)N)[n+]1[c-]n2ccccc2c1)C(=O)N[C@@H](Cc1c[nH]cn1)C(=O)O,-5.8187,-13.0999775
CC[C@H](C)[C@H](NC(=O)[C@H](CCCNC(=N)N)[n+]1[c-]n2ccccc2c1)C(=O)N[C@@H](Cc1ccccc1)C(=O)O,-9.9106,-6.8894887
CC[C@H](C)[C@H](NC(=O)[C@H](CCCNC(=N)N)[n+]1[c-]n2ccccc2c1)C(=O)O,-10.1295,-8.756571
CC[C@H](C)[C@H](NC(=O)[C@H](CCSC)NC(=O)[C@H](CC(C)C)[n+]1[c-]n2ccccc2c1)C(=O)O,-1.9969,-7.654951
CC[C@H](C)[C@H](NC(=O)[C@H](CCSC)NC(=O)[C@H](Cc1c[nH]cn1)[n+]1[c-]n2ccccc2c1)C(=O)O,-10.5634,-7.768902
CC[C@H](C)[C@H](NC(=O)[C@H](CCSC)[n+]1[c-]n2ccccc2c1)C(=O)N1CCC[C@H]1C(=O)O,-4.0713,-5.999307
CC[C@H](C)[C@H](NC(=O)[C@H](CCSC)[n+]1[c-]n2ccccc2c1)C(=O)NCC(=O)O,-4.1662,-3.8005068
CC[C@H](C)[C@H](NC(=O)[C@H](CCSC)[n+]1[c-]n2ccccc2c1)C(=O)N[C@@H](CO)C(=O)O,0.1563,-6.7850237
CC[C@H](C)[C@H](NC(=O)[C@H](CCSC)[n+]1[c-]n2ccccc2c1)C(=O)N[C@H](C(=O)O)[C@@H](C)O,-5.8976,-6.6008463
CC[C@H](C)[C@H](NC(=O)[C@H](CO)NC(=O)C[n+]1[c-]n2ccccc2c1)C(=O)O,-5.9886,-9.384949
CC[C@H](C)[C@H](NC(=O)[C@H](CO)NC(=O)[C@H](CC(N)=O)[n+]1[c-]n2ccccc2c1)C(=O)O,-2.8419,-6.0376124
CC[C@H](C)[C@H](NC(=O)[C@H](CO)NC(=O)[C@H](CCC(N)=O)[n+]1[c-]n2ccccc2c1)C(=O)O,6.4594,-3.7972987
CC[C@H](C)[C@H](NC(=O)[C@H](CO)[n+]1[c-]n2ccccc2c1)C(=O)N[C@@H](CC(C)C)C(=O)O,-8.9159,-6.6377954
CC[C@H](C)[C@H](NC(=O)[C@H](CO)[n+]1[c-]n2ccccc2c1)C(=O)N[C@@H](CCCNC(=N)N)C(=O)O,-7.956,-8.271588
CC[C@H](C)[C@H](NC(=O)[C@H](CO)[n+]1[c-]n2ccccc2c1)C(=O)O,-4.0419,-6.81211
CC[C@H](C)[C@H](NC(=O)[C@H](CS)NC(=O)C[n+]1[c-]n2ccccc2c1)C(=O)O,-14.3716,-9.782404
CC[C@H](C)[C@H](NC(=O)[C@H](CS)NC(=O)[C@H](CO)[n+]1[c-]n2ccccc2c1)C(=O)O,-10.0444,-8.829542
CC[C@H](C)[C@H](NC(=O)[C@H](CS)NC(=O)[C@H](Cc1ccccc1)[n+]1[c-]n2ccccc2c1)C(=O)O,-11.201,-10.291155
CC[C@H](C)[C@H](NC(=O)[C@H](CS)[n+]1[c-]n2ccccc2c1)C(=O)NCC(=O)O,-4.8665,-6.297536
CC[C@H](C)[C@H](NC(=O)[C@H](CS)[n+]1[c-]n2ccccc2c1)C(=O)N[C@@H](CCC(=O)O)C(=O)O,-15.8139,-8.122807
CC[C@H](C)[C@H](NC(=O)[C@H](CS)[n+]1[c-]n2ccccc2c1)C(=O)N[C@@H](CO)C(=O)O,-4.9573,-6.041375
CC[C@H](C)[C@H](NC(=O)[C@H](CS)[n+]1[c-]n2ccccc2c1)C(=O)N[C@@H](Cc1ccc(O)cc1)C(=O)O,-13.513,-11.144735
CC[C@H](C)[C@H](NC(=O)[C@H](Cc1c[nH]c2ccccc12)NC(=O)[C@H](C(C)C)[n+]1[c-]n2ccccc2c1)C(=O)O,-5.7367,-6.35839
CC[C@H](C)[C@H](NC(=O)[C@H](Cc1c[nH]c2ccccc12)NC(=O)[C@H](CC(C)C)[n+]1[c-]n2ccccc2c1)C(=O)O,-10.2535,-7.4170637
CC[C@H](C)[C@H](NC(=O)[C@H](Cc1c[nH]c2ccccc12)NC(=O)[C@H](CCC(N)=O)[n+]1[c-]n2ccccc2c1)C(=O)O,-3.1342,-7.980194
CC[C@H](C)[C@H](NC(=O)[C@H](Cc1c[nH]c2ccccc12)NC(=O)[C@H](CCCNC(=N)N)[n+]1[c-]n2ccccc2c1)C(=O)O,-1.9046,-6.0270805
CC[C@H](C)[C@H](NC(=O)[C@H](Cc1c[nH]c2ccccc12)[n+]1[c-]n2ccccc2c1)C(=O)NCC(=O)O,-1.0702,-4.195956
CC[C@H](C)[C@H](NC(=O)[C@H](Cc1c[nH]c2ccccc12)[n+]1[c-]n2ccccc2c1)C(=O)N[C@@H](C)C(=O)O,-4.4076,-2.948737
CC[C@H](C)[C@H](NC(=O)[C@H](Cc1c[nH]c2ccccc12)[n+]1[c-]n2ccccc2c1)C(=O)N[C@@H](CCC(N)=O)C(=O)O,-9.638,-7.933338
CC[C@H](C)[C@H](NC(=O)[C@H](Cc1c[nH]c2ccccc12)[n+]1[c-]n2ccccc2c1)C(=O)N[C@@H](CS)C(=O)O,-7.9025,-8.563205
CC[C@H](C)[C@H](NC(=O)[C@H](Cc1c[nH]c2ccccc12)[n+]1[c-]n2ccccc2c1)C(=O)N[C@@H](Cc1c[nH]c2ccccc12)C(=O)O,-4.9474,-7.485625
CC[C@H](C)[C@H](NC(=O)[C@H](Cc1c[nH]c2ccccc12)[n+]1[c-]n2ccccc2c1)C(=O)N[C@H](C(=O)O)C(C)C,-6.4013,-2.7725148
CC[C@H](C)[C@H](NC(=O)[C@H](Cc1c[nH]cn1)NC(=O)[C@H](CS)[n+]1[c-]n2ccccc2c1)C(=O)O,-8.4763,-6.6758156
CC[C@H](C)[C@H](NC(=O)[C@H](Cc1c[nH]cn1)NC(=O)[C@H](Cc1ccccc1)[n+]1[c-]n2ccccc2c1)C(=O)O,-8.0241,-7.8399878
CC[C@H](C)[C@H](NC(=O)[C@H](Cc1c[nH]cn1)[n+]1[c-]n2ccccc2c1)C(=O)NCC(=O)O,-4.6207,-6.466455
CC[C@H](C)[C@H](NC(=O)[C@H](Cc1c[nH]cn1)[n+]1[c-]n2ccccc2c1)C(=O)N[C@@H](CS)C(=O)O,-10.7911,-9.628216
CC[C@H](C)[C@H](NC(=O)[C@H](Cc1c[nH]cn1)[n+]1[c-]n2ccccc2c1)C(=O)N[C@H](C(=O)O)C(C)C,-5.6869,-5.115553
CC[C@H](C)[C@H](NC(=O)[C@H](Cc1ccc(O)cc1)NC(=O)[C@H](C)[n+]1[c-]n2ccccc2c1)C(=O)O,-3.2814,-3.7414343
CC[C@H](C)[C@H](NC(=O)[C@H](Cc1ccc(O)cc1)NC(=O)[C@H](CC(N)=O)[n+]1[c-]n2ccccc2c1)C(=O)O,-8.3531,-9.692053
CC[C@H](C)[C@H](NC(=O)[C@H](Cc1ccc(O)cc1)NC(=O)[C@H](CCC(=O)O)[n+]1[c-]n2ccccc2c1)C(=O)O,-2.4409,-4.940188
CC[C@H](C)[C@H](NC(=O)[C@H](Cc1ccc(O)cc1)NC(=O)[C@H](CCCNC(=N)N)[n+]1[c-]n2ccccc2c1)C(=O)O,-5.4551,-5.5349913
CC[C@H](C)[C@H](NC(=O)[C@H](Cc1ccc(O)cc1)NC(=O)[C@H](Cc1ccc(O)cc1)[n+]1[c-]n2ccccc2c1)C(=O)O,-5.4317,-9.438668
CC[C@H](C)[C@H](NC(=O)[C@H](Cc1ccc(O)cc1)[n+]1[c-]n2ccccc2c1)C(=O)N[C@@H](CCC(=O)O)C(=O)O,-5.0986,-8.304682
CC[C@H](C)[C@H](NC(=O)[C@H](Cc1ccc(O)cc1)[n+]1[c-]n2ccccc2c1)C(=O)N[C@@H](Cc1ccccc1)C(=O)O,-3.208,-7.372436
CC[C@H](C)[C@H](NC(=O)[C@H](Cc1ccccc1)NC(=O)[C@H](CC(N)=O)[n+]1[c-]n2ccccc2c1)C(=O)O,-5.4002,-6.725104
CC[C@H](C)[C@H](NC(=O)[C@H](Cc1ccccc1)NC(=O)[C@H](Cc1c[nH]c2ccccc12)[n+]1[c-]n2ccccc2c1)C(=O)O,-12.0485,-7.47627
CC[C@H](C)[C@H](NC(=O)[C@H](Cc1ccccc1)NC(=O)[C@H](Cc1c[nH]cn1)[n+]1[c-]n2ccccc2c1)C(=O)O,-9.8351,-7.406699
CC[C@H](C)[C@H](NC(=O)[C@H](Cc1ccccc1)NC(=O)[C@H]([C@@H](C)O)[n+]1[c-]n2ccccc2c1)C(=O)O,-7.9301,-8.141455
CC[C@H](C)[C@H](NC(=O)[C@H](Cc1ccccc1)[n+]1[c-]n2ccccc2c1)C(=O)N[C@@H](CO)C(=O)O,-4.204,-4.472186
CC[C@H](C)[C@H](NC(=O)[C@H](Cc1ccccc1)[n+]1[c-]n2ccccc2c1)C(=O)N[C@@H](Cc1c[nH]c2ccccc12)C(=O)O,-9.93,-10.634562
CC[C@H](C)[C@H](NC(=O)[C@H]([C@@H](C)CC)[n+]1[c-]n2ccccc2c1)C(=O)N[C@@H](C)C(=O)O,-3.7984,-4.2027907
CC[C@H](C)[C@H](NC(=O)[C@H]([C@@H](C)CC)[n+]1[c-]n2ccccc2c1)C(=O)N[C@@H](CC(C)C)C(=O)O,-3.5835,-5.6389213
CC[C@H](C)[C@H](NC(=O)[C@H]([C@@H](C)CC)[n+]1[c-]n2ccccc2c1)C(=O)N[C@@H](CCC(=O)O)C(=O)O,-15.288,-10.571667
CC[C@H](C)[C@H](NC(=O)[C@H]([C@@H](C)CC)[n+]1[c-]n2ccccc2c1)C(=O)N[C@@H](CCSC)C(=O)O,-2.5716,-5.2800493
CC[C@H](C)[C@H](NC(=O)[C@H]([C@@H](C)CC)[n+]1[c-]n2ccccc2c1)C(=O)N[C@@H](CO)C(=O)O,-5.983,-4.8671994
CC[C@H](C)[C@H](NC(=O)[C@H]([C@@H](C)O)[n+]1[c-]n2ccccc2c1)C(=O)NCC(=O)O,-3.4498,-4.7455826
CC[C@H](C)[C@H](NC(=O)[C@H]([C@@H](C)O)[n+]1[c-]n2ccccc2c1)C(=O)N[C@@H](CC(N)=O)C(=O)O,-12.2603,-9.015347
CC[C@H](C)[C@H](NC(=O)[C@H]([C@@H](C)O)[n+]1[c-]n2ccccc2c1)C(=O)N[C@@H](CCC(N)=O)C(=O)O,-9.5581,-6.6121426
CC[C@H](C)[C@H](NC(=O)[C@H]([C@@H](C)O)[n+]1[c-]n2ccccc2c1)C(=O)N[C@@H](CCSC)C(=O)O,-2.6369,-9.707837
CC[C@H](C)[C@H](NC(=O)[C@H]([C@@H](C)O)[n+]1[c-]n2ccccc2c1)C(=O)N[C@@H](Cc1ccccc1)C(=O)O,-12.0662,-7.682104
CSCC[C@@H](C(=O)N1CCC[C@H]1C(=O)N1CCC[C@H]1C(=O)O)[n+]1[c-]n2ccccc2c1,-10.4762,-7.1199484
CSCC[C@@H](C(=O)N1CCC[C@H]1C(=O)N[C@@H](CC(N)=O)C(=O)O)[n+]1[c-]n2ccccc2c1,-7.388,-8.528002
CSCC[C@@H](C(=O)N1CCC[C@H]1C(=O)N[C@@H](CCC(N)=O)C(=O)O)[n+]1[c-]n2ccccc2c1,-10.4968,-7.9806457
CSCC[C@@H](C(=O)N1CCC[C@H]1C(=O)N[C@@H](CCCNC(=N)N)C(=O)O)[n+]1[c-]n2ccccc2c1,-0.6944,-7.829549
CSCC[C@@H](C(=O)N1CCC[C@H]1C(=O)N[C@@H](CO)C(=O)O)[n+]1[c-]n2ccccc2c1,-9.5317,-6.3973074
CSCC[C@@H](C(=O)N1CCC[C@H]1C(=O)N[C@H](C(=O)O)C(C)C)[n+]1[c-]n2ccccc2c1,-7.2762,-5.216998
CSCC[C@@H](C(=O)N1CCC[C@H]1C(=O)N[C@H](C(=O)O)[C@@H](C)O)[n+]1[c-]n2ccccc2c1,-9.3884,-6.18622
CSCC[C@@H](C(=O)N1CCC[C@H]1C(=O)O)[n+]1[c-]n2ccccc2c1,-7.6913,-5.9753284
CSCC[C@@H](C(=O)NCC(=O)N[C@@H](CC(=O)O)C(=O)O)[n+]1[c-]n2ccccc2c1,7.2158,-11.468714
CSCC[C@@H](C(=O)NCC(=O)N[C@@H](CC(C)C)C(=O)O)[n+]1[c-]n2ccccc2c1,-10.6906,-5.308013
CSCC[C@@H](C(=O)NCC(=O)N[C@@H](CC(N)=O)C(=O)O)[n+]1[c-]n2ccccc2c1,-9.5366,-10.588323
CSCC[C@@H](C(=O)N[C@@H](C)C(=O)NCC(=O)O)[n+]1[c-]n2ccccc2c1,-0.594,-4.6874914
CSCC[C@@H](C(=O)N[C@@H](C)C(=O)N[C@@H](C)C(=O)O)[n+]1[c-]n2ccccc2c1,-1.8944,-4.655028
CSCC[C@@H](C(=O)N[C@@H](C)C(=O)N[C@@H](Cc1c[nH]cn1)C(=O)O)[n+]1[c-]n2ccccc2c1,-8.3747,-8.137629
CSCC[C@@H](C(=O)N[C@@H](CC(=O)O)C(=O)N[C@@H](C)C(=O)O)[n+]1[c-]n2ccccc2c1,-6.2941,-4.5126567
CSCC[C@@H](C(=O)N[C@@H](CC(=O)O)C(=O)N[C@@H](CC(C)C)C(=O)O)[n+]1[c-]n2ccccc2c1,-3.4547,-5.8033133
CSCC[C@@H](C(=O)N[C@@H](CC(C)C)C(=O)N1CCC[C@H]1C(=O)O)[n+]1[c-]n2ccccc2c1,-8.0061,-5.2712455
CSCC[C@@H](C(=O)N[C@@H](CC(C)C)C(=O)N[C@@H](CC(N)=O)C(=O)O)[n+]1[c-]n2ccccc2c1,-5.2731,-9.368924
CSCC[C@@H](C(=O)N[C@@H](CC(C)C)C(=O)N[C@@H](CCC(=O)O)C(=O)O)[n+]1[c-]n2ccccc2c1,-8.7197,-10.550967
CSCC[C@@H](C(=O)N[C@@H](CC(C)C)C(=O)N[C@@H](CCCNC(=N)N)C(=O)O)[n+]1[c-]n2ccccc2c1,-7.9002,-8.9311695
CSCC[C@@H](C(=O)N[C@@H](CC(C)C)C(=O)N[C@@H](CO)C(=O)O)[n+]1[c-]n2ccccc2c1,-4.6237,-8.321525
CSCC[C@@H](C(=O)N[C@@H](CC(C)C)C(=O)N[C@@H](Cc1c[nH]cn1)C(=O)O)[n+]1[c-]n2ccccc2c1,-7.8943,-6.9372587
CSCC[C@@H](C(=O)N[C@@H](CC(C)C)C(=O)N[C@H](C(=O)O)C(C)C)[n+]1[c-]n2ccccc2c1,-3.1043,-5.365704
CSCC[C@@H](C(=O)N[C@@H](CC(C)C)C(=O)O)[n+]1[c-]n2ccccc2c1,-3.68,-4.893545
CSCC[C@@H](C(=O)N[C@@H](CC(N)=O)C(=O)N[C@@H](C)C(=O)O)[n+]1[c-]n2ccccc2c1,-6.9851,-5.243905
CSCC[C@@H](C(=O)N[C@@H](CC(N)=O)C(=O)N[C@@H](CC(C)C)C(=O)O)[n+]1[c-]n2ccccc2c1,-5.8267,-4.67393
CSCC[C@@H](C(=O)N[C@@H](CC(N)=O)C(=O)O)[n+]1[c-]n2ccccc2c1,-10.443,-8.870498
CSCC[C@@H](C(=O)N[C@@H](CCC(=O)O)C(=O)NCC(=O)O)[n+]1[c-]n2ccccc2c1,-7.4434,-7.3902116
CSCC[C@@H](C(=O)N[C@@H](CCC(=O)O)C(=O)N[C@@H](Cc1c[nH]c2ccccc12)C(=O)O)[n+]1[c-]n2ccccc2c1,-13.0478,-10.213489
CSCC[C@@H](C(=O)N[C@@H](CCC(N)=O)C(=O)N1CCC[C@H]1C(=O)O)[n+]1[c-]n2ccccc2c1,-13.0664,-8.92229
CSCC[C@@H](C(=O)N[C@@H](CCC(N)=O)C(=O)N[C@@H](CCC(N)=O)C(=O)O)[n+]1[c-]n2ccccc2c1,-23.3334,-15.336691
CSCC[C@@H](C(=O)N[C@@H](CCC(N)=O)C(=O)N[C@@H](Cc1c[nH]cn1)C(=O)O)[n+]1[c-]n2ccccc2c1,-7.9803,-9.258587
CSCC[C@@H](C(=O)N[C@@H](CCC(N)=O)C(=O)N[C@H](C(=O)O)[C@@H](C)O)[n+]1[c-]n2ccccc2c1,-13.6723,-10.591644
CSCC[C@@H](C(=O)N[C@@H](CCCNC(=N)N)C(=O)N1CCC[C@H]1C(=O)O)[n+]1[c-]n2ccccc2c1,-3.1581,-6.9834847
CSCC[C@@H](C(=O)N[C@@H](CCCNC(=N)N)C(=O)NCC(=O)O)[n+]1[c-]n2ccccc2c1,-14.1278,-9.176669
CSCC[C@@H](C(=O)N[C@@H](CCCNC(=N)N)C(=O)N[C@@H](CO)C(=O)O)[n+]1[c-]n2ccccc2c1,-9.5055,-7.505728
CSCC[C@@H](C(=O)N[C@@H](CCCNC(=N)N)C(=O)N[C@@H](Cc1c[nH]cn1)C(=O)O)[n+]1[c-]n2ccccc2c1,-14.0593,-7.7233586
CSCC[C@@H](C(=O)N[C@@H](CO)C(=O)NCC(=O)O)[n+]1[c-]n2ccccc2c1,-7.4792,-6.564329
CSCC[C@@H](C(=O)N[C@@H](CO)C(=O)N[C@@H](CC(=O)O)C(=O)O)[n+]1[c-]n2ccccc2c1,-11.6792,-8.687683
CSCC[C@@H](C(=O)N[C@@H](CO)C(=O)N[C@@H](CO)C(=O)O)[n+]1[c-]n2ccccc2c1,-8.4306,-5.0333242
CSCC[C@@H](C(=O)N[C@@H](CS)C(=O)N[C@@H](CO)C(=O)O)[n+]1[c-]n2ccccc2c1,-10.1614,-7.1187024
CSCC[C@@H](C(=O)N[C@@H](CS)C(=O)N[C@@H](CS)C(=O)O)[n+]1[c-]n2ccccc2c1,-10.7713,-6.851307
CSCC[C@@H](C(=O)N[C@@H](CS)C(=O)N[C@@H](Cc1c[nH]c2ccccc12)C(=O)O)[n+]1[c-]n2ccccc2c1,-10.8887,-9.2829075
CSCC[C@@H](C(=O)N[C@@H](CS)C(=O)N[C@@H](Cc1ccc(O)cc1)C(=O)O)[n+]1[c-]n2ccccc2c1,-4.1387,-7.649908
CSCC[C@@H](C(=O)N[C@@H](CS)C(=O)N[C@H](C(=O)O)[C@@H](C)O)[n+]1[c-]n2ccccc2c1,-9.7423,-5.9144764
CSCC[C@@H](C(=O)N[C@@H](Cc1c[nH]c2ccccc12)C(=O)N[C@@H](CC(=O)O)C(=O)O)[n+]1[c-]n2ccccc2c1,-15.8652,-9.438648
CSCC[C@@H](C(=O)N[C@@H](Cc1c[nH]c2ccccc12)C(=O)N[C@@H](CCC(N)=O)C(=O)O)[n+]1[c-]n2ccccc2c1,-10.498,-7.0850763
CSCC[C@@H](C(=O)N[C@@H](Cc1c[nH]c2ccccc12)C(=O)N[C@@H](CCCNC(=N)N)C(=O)O)[n+]1[c-]n2ccccc2c1,-7.8175,-11.0820265
CSCC[C@@H](C(=O)N[C@@H](Cc1c[nH]c2ccccc12)C(=O)N[C@@H](Cc1ccc(O)cc1)C(=O)O)[n+]1[c-]n2ccccc2c1,-13.5986,-14.520997
CSCC[C@@H](C(=O)N[C@@H](Cc1c[nH]c2ccccc12)C(=O)N[C@H](C(=O)O)[C@@H](C)O)[n+]1[c-]n2ccccc2c1,-6.2383,-7.946064
CSCC[C@@H](C(=O)N[C@@H](Cc1c[nH]cn1)C(=O)N[C@@H](CC(C)C)C(=O)O)[n+]1[c-]n2ccccc2c1,-5.8456,-6.0022273
CSCC[C@@H](C(=O)N[C@@H](Cc1c[nH]cn1)C(=O)N[C@@H](CCC(=O)O)C(=O)O)[n+]1[c-]n2ccccc2c1,-12.8312,-10.618612
CSCC[C@@H](C(=O)N[C@@H](Cc1c[nH]cn1)C(=O)N[C@H](C(=O)O)C(C)C)[n+]1[c-]n2ccccc2c1,-6.8399,-7.9944177
CSCC[C@@H](C(=O)N[C@@H](Cc1c[nH]cn1)C(=O)O)[n+]1[c-]n2ccccc2c1,-8.131,-8.429433
CSCC[C@@H](C(=O)N[C@@H](Cc1ccc(O)cc1)C(=O)NCC(=O)O)[n+]1[c-]n2ccccc2c1,-7.2216,-4.61868
CSCC[C@@H](C(=O)N[C@@H](Cc1ccc(O)cc1)C(=O)N[C@@H](CC(=O)O)C(=O)O)[n+]1[c-]n2ccccc2c1,-9.1663,-5.491362
CSCC[C@@H](C(=O)N[C@@H](Cc1ccc(O)cc1)C(=O)N[C@@H](CO)C(=O)O)[n+]1[c-]n2ccccc2c1,-3.5246,-6.024498
CSCC[C@@H](C(=O)N[C@@H](Cc1ccc(O)cc1)C(=O)N[C@@H](CS)C(=O)O)[n+]1[c-]n2ccccc2c1,-12.581,-8.644604
CSCC[C@@H](C(=O)N[C@@H](Cc1ccccc1)C(=O)NCC(=O)O)[n+]1[c-]n2ccccc2c1,-4.6426,-9.60557
CSCC[C@@H](C(=O)N[C@@H](Cc1ccccc1)C(=O)N[C@@H](CC(C)C)C(=O)O)[n+]1[c-]n2ccccc2c1,-3.9804,-5.104946
CSCC[C@@H](C(=O)N[C@@H](Cc1ccccc1)C(=O)N[C@@H](CC(N)=O)C(=O)O)[n+]1[c-]n2ccccc2c1,-8.2494,-8.4542885
CSCC[C@@H](C(=O)N[C@@H](Cc1ccccc1)C(=O)N[C@@H](CS)C(=O)O)[n+]1[c-]n2ccccc2c1,-2.5894,-5.0370946
CSCC[C@@H](C(=O)N[C@@H](Cc1ccccc1)C(=O)N[C@@H](Cc1ccccc1)C(=O)O)[n+]1[c-]n2ccccc2c1,-1.065,-6.254805
CSCC[C@@H](C(=O)N[C@@H](Cc1ccccc1)C(=O)N[C@H](C(=O)O)C(C)C)[n+]1[c-]n2ccccc2c1,-2.7526,-4.9445524
CSCC[C@@H](C(=O)N[C@@H](Cc1ccccc1)C(=O)N[C@H](C(=O)O)[C@@H](C)O)[n+]1[c-]n2ccccc2c1,-8.7081,-4.515086
CSCC[C@@H](C(=O)N[C@H](C(=O)N[C@@H](CC(N)=O)C(=O)O)[C@@H](C)O)[n+]1[c-]n2ccccc2c1,-13.229,-7.4892683
CSCC[C@@H](C(=O)N[C@H](C(=O)N[C@@H](CCC(N)=O)C(=O)O)C(C)C)[n+]1[c-]n2ccccc2c1,-8.8685,-11.120918
CSCC[C@@H](C(=O)N[C@H](C(=O)N[C@@H](CCCNC(=N)N)C(=O)O)[C@@H](C)O)[n+]1[c-]n2ccccc2c1,-2.8215,-10.766157
CSCC[C@@H](C(=O)O)[n+]1[c-]n2ccccc2c1,-3.6226,-4.2126055
CSCC[C@H](NC(=O)CNC(=O)[C@H](CCC(=O)O)[n+]1[c-]n2ccccc2c1)C(=O)O,-9.3558,-6.805964
CSCC[C@H](NC(=O)CNC(=O)[C@H](CCSC)[n+]1[c-]n2ccccc2c1)C(=O)O,-10.9629,-6.3722897
CSCC[C@H](NC(=O)C[n+]1[c-]n2ccccc2c1)C(=O)N[C@@H](CCC(N)=O)C(=O)O,-15.0027,-12.50347
CSCC[C@H](NC(=O)C[n+]1[c-]n2ccccc2c1)C(=O)N[C@@H](Cc1ccc(O)cc1)C(=O)O,-10.868,-12.903431
CSCC[C@H](NC(=O)C[n+]1[c-]n2ccccc2c1)C(=O)N[C@@H](Cc1ccccc1)C(=O)O,-11.8521,-11.862116
CSCC[C@H](NC(=O)[C@@H](NC(=O)[C@H](CCC(N)=O)[n+]1[c-]n2ccccc2c1)C(C)C)C(=O)O,-4.4377,-7.2539206
CSCC[C@H](NC(=O)[C@@H](NC(=O)[C@H](CCCNC(=N)N)[n+]1[c-]n2ccccc2c1)[C@@H](C)O)C(=O)O,-13.5721,-10.437523
CSCC[C@H](NC(=O)[C@@H](NC(=O)[C@H](CO)[n+]1[c-]n2ccccc2c1)C(C)C)C(=O)O,-6.6513,-9.10748
CSCC[C@H](NC(=O)[C@@H](NC(=O)[C@H](Cc1c[nH]cn1)[n+]1[c-]n2ccccc2c1)C(C)C)C(=O)O,-5.8904,-11.963892
CSCC[C@H](NC(=O)[C@@H](NC(=O)[C@H](Cc1ccc(O)cc1)[n+]1[c-]n2ccccc2c1)C(C)C)C(=O)O,1.7413,-5.4811797
CSCC[C@H](NC(=O)[C@@H](NC(=O)[C@H](Cc1ccccc1)[n+]1[c-]n2ccccc2c1)C(C)C)C(=O)O,-6.3978,-6.433176
CSCC[C@H](NC(=O)[C@@H](NC(=O)[C@H]([C@@H](C)O)[n+]1[c-]n2ccccc2c1)[C@@H](C)O)C(=O)O,-6.4196,-9.095049
CSCC[C@H](NC(=O)[C@@H]1CCCN1C(=O)[C@H](CC(N)=O)[n+]1[c-]n2ccccc2c1)C(=O)O,-3.6705,-5.1930923
CSCC[C@H](NC(=O)[C@@H]1CCCN1C(=O)[C@H](Cc1c[nH]c2ccccc12)[n+]1[c-]n2ccccc2c1)C(=O)O,21.2101,-7.5451117
CSCC[C@H](NC(=O)[C@H](C(C)C)[n+]1[c-]n2ccccc2c1)C(=O)NCC(=O)O,-9.1373,-7.604104
CSCC[C@H](NC(=O)[C@H](C(C)C)[n+]1[c-]n2ccccc2c1)C(=O)N[C@@H](CC(C)C)C(=O)O,-7.1514,-7.761087
CSCC[C@H](NC(=O)[C@H](C(C)C)[n+]1[c-]n2ccccc2c1)C(=O)N[C@@H](CC(N)=O)C(=O)O,-7.0786,-8.709311
CSCC[C@H](NC(=O)[C@H](C(C)C)[n+]1[c-]n2ccccc2c1)C(=O)N[C@@H](Cc1c[nH]cn1)C(=O)O,-10.204,-6.4374313
CSCC[C@H](NC(=O)[C@H](C(C)C)[n+]1[c-]n2ccccc2c1)C(=O)N[C@@H](Cc1ccc(O)cc1)C(=O)O,-8.8666,-5.96257
CSCC[C@H](NC(=O)[C@H](C)NC(=O)[C@H](CCCNC(=N)N)[n+]1[c-]n2ccccc2c1)C(=O)O,-6.8239,-7.125835
CSCC[C@H](NC(=O)[C@H](C)NC(=O)[C@H](Cc1c[nH]c2ccccc12)[n+]1[c-]n2ccccc2c1)C(=O)O,-9.3671,-6.7021294
CSCC[C@H](NC(=O)[C@H](C)[n+]1[c-]n2ccccc2c1)C(=O)N[C@@H](CC(N)=O)C(=O)O,-8.782,-4.7975836
CSCC[C@H](NC(=O)[C@H](C)[n+]1[c-]n2ccccc2c1)C(=O)N[C@@H](CO)C(=O)O,-6.9188,-7.889868
CSCC[C@H](NC(=O)[C@H](CC(=O)O)NC(=O)[C@H](C)[n+]1[c-]n2ccccc2c1)C(=O)O,-6.0302,-6.666148
CSCC[C@H](NC(=O)[C@H](CC(=O)O)NC(=O)[C@H](CC(=O)O)[n+]1[c-]n2ccccc2c1)C(=O)O,-10.5173,-9.681149
CSCC[C@H](NC(=O)[C@H](CC(=O)O)NC(=O)[C@H](CCC(=O)O)[n+]1[c-]n2ccccc2c1)C(=O)O,-4.4719,-5.6800904
CSCC[C@H](NC(=O)[C@H](CC(=O)O)NC(=O)[C@H](CCC(N)=O)[n+]1[c-]n2ccccc2c1)C(=O)O,2.1756,-6.1228395
CSCC[C@H](NC(=O)[C@H](CC(=O)O)NC(=O)[C@H](Cc1ccc(O)cc1)[n+]1[c-]n2ccccc2c1)C(=O)O,-0.5702,-9.559471
CSCC[C@H](NC(=O)[C@H](CC(=O)O)[n+]1[c-]n2ccccc2c1)C(=O)NCC(=O)O,-9.737,-8.776001
CSCC[C@H](NC(=O)[C@H](CC(=O)O)[n+]1[c-]n2ccccc2c1)C(=O)N[C@@H](CC(=O)O)C(=O)O,-12.3998,-8.722116
CSCC[C@H](NC(=O)[C@H](CC(=O)O)[n+]1[c-]n2ccccc2c1)C(=O)N[C@@H](Cc1ccc(O)cc1)C(=O)O,-10.0866,-8.059397
CSCC[C@H](NC(=O)[C@H](CC(=O)O)[n+]1[c-]n2ccccc2c1)C(=O)N[C@H](C(=O)O)C(C)C,-11.4508,-5.9185357
CSCC[C@H](NC(=O)[C@H](CC(C)C)NC(=O)[C@H](CC(C)C)[n+]1[c-]n2ccccc2c1)C(=O)O,-4.7307,-5.5843096
CSCC[C@H](NC(=O)[C@H](CC(C)C)NC(=O)[C@H](CCSC)[n+]1[c-]n2ccccc2c1)C(=O)O,-4.3831,-5.7148476
CSCC[C@H](NC(=O)[C@H](CC(C)C)NC(=O)[C@H](Cc1c[nH]c2ccccc12)[n+]1[c-]n2ccccc2c1)C(=O)O,-1.7435,-5.992504
CSCC[C@H](NC(=O)[C@H](CC(C)C)NC(=O)[C@H](Cc1c[nH]cn1)[n+]1[c-]n2ccccc2c1)C(=O)O,-4.3543,-8.926645
CSCC[C@H](NC(=O)[C@H](CC(C)C)[n+]1[c-]n2ccccc2c1)C(=O)NCC(=O)O,-7.9751,-6.533551
CSCC[C@H](NC(=O)[C@H](CC(C)C)[n+]1[c-]n2ccccc2c1)C(=O)N[C@@H](CCC(=O)O)C(=O)O,-9.8938,-10.512561
CSCC[C@H](NC(=O)[C@H](CC(C)C)[n+]1[c-]n2ccccc2c1)C(=O)N[C@@H](Cc1c[nH]cn1)C(=O)O,-3.6507,-8.263651
CSCC[C@H](NC(=O)[C@H](CC(C)C)[n+]1[c-]n2ccccc2c1)C(=O)N[C@@H](Cc1ccccc1)C(=O)O,-5.2951,-5.1088037
CSCC[C@H](NC(=O)[C@H](CC(C)C)[n+]1[c-]n2ccccc2c1)C(=O)N[C@H](C(=O)O)C(C)C,-2.2438,-4.055747
CSCC[C@H](NC(=O)[C@H](CC(N)=O)NC(=O)[C@H](CC(C)C)[n+]1[c-]n2ccccc2c1)C(=O)O,-10.3599,-7.9668684
CSCC[C@H](NC(=O)[C@H](CC(N)=O)NC(=O)[C@H](CCSC)[n+]1[c-]n2ccccc2c1)C(=O)O,-9.2858,-7.7036047
CSCC[C@H](NC(=O)[C@H](CC(N)=O)NC(=O)[C@H](CS)[n+]1[c-]n2ccccc2c1)C(=O)O,-10.9643,-5.555881
CSCC[C@H](NC(=O)[C@H](CC(N)=O)NC(=O)[C@H](Cc1ccccc1)[n+]1[c-]n2ccccc2c1)C(=O)O,-12.5426,-9.801559
CSCC[C@H](NC(=O)[C@H](CC(N)=O)[n+]1[c-]n2ccccc2c1)C(=O)N[C@@H](CC(N)=O)C(=O)O,-13.6387,-9.232533
CSCC[C@H](NC(=O)[C@H](CC(N)=O)[n+]1[c-]n2ccccc2c1)C(=O)N[C@@H](CCC(N)=O)C(=O)O,-12.0503,-11.079778
CSCC[C@H](NC(=O)[C@H](CC(N)=O)[n+]1[c-]n2ccccc2c1)C(=O)N[C@@H](CS)C(=O)O,-10.5738,-9.637707
CSCC[C@H](NC(=O)[C@H](CCC(=O)O)NC(=O)[C@H](C(C)C)[n+]1[c-]n2ccccc2c1)C(=O)O,-7.2946,-6.805254
CSCC[C@H](NC(=O)[C@H](CCC(=O)O)NC(=O)[C@H](CC(N)=O)[n+]1[c-]n2ccccc2c1)C(=O)O,-9.058,-7.5514307
CSCC[C@H](NC(=O)[C@H](CCC(=O)O)NC(=O)[C@H](CCC(N)=O)[n+]1[c-]n2ccccc2c1)C(=O)O,-9.8103,-5.7591743
CSCC[C@H](NC(=O)[C@H](CCC(=O)O)[n+]1[c-]n2ccccc2c1)C(=O)N[C@@H](C)C(=O)O,-6.7254,-9.43849
CSCC[C@H](NC(=O)[C@H](CCC(=O)O)[n+]1[c-]n2ccccc2c1)C(=O)N[C@@H](CC(=O)O)C(=O)O,-11.1493,-11.13265
CSCC[C@H](NC(=O)[C@H](CCC(=O)O)[n+]1[c-]n2ccccc2c1)C(=O)N[C@@H](Cc1c[nH]c2ccccc12)C(=O)O,-8.8966,-4.5962505
CSCC[C@H](NC(=O)[C@H](CCC(N)=O)NC(=O)C[n+]1[c-]n2ccccc2c1)C(=O)O,-11.0469,-11.510924
CSCC[C@H](NC(=O)[C@H](CCC(N)=O)NC(=O)[C@H](CCC(N)=O)[n+]1[c-]n2ccccc2c1)C(=O)O,-8.6138,-9.652424
CSCC[C@H](NC(=O)[C@H](CCC(N)=O)[n+]1[c-]n2ccccc2c1)C(=O)N1CCC[C@H]1C(=O)O,-10.2692,-9.638851
CSCC[C@H](NC(=O)[C@H](CCC(N)=O)[n+]1[c-]n2ccccc2c1)C(=O)N[C@@H](CC(=O)O)C(=O)O,-6.1719,-11.017894
CSCC[C@H](NC(=O)[C@H](CCC(N)=O)[n+]1[c-]n2ccccc2c1)C(=O)N[C@@H](Cc1c[nH]cn1)C(=O)O,-14.0793,-15.07623
CSCC[C@H](NC(=O)[C@H](CCC(N)=O)[n+]1[c-]n2ccccc2c1)C(=O)N[C@H](C(=O)O)[C@@H](C)O,-9.5335,-8.131891
CSCC[C@H](NC(=O)[C@H](CCCNC(=N)N)NC(=O)[C@H](Cc1c[nH]c2ccccc12)[n+]1[c-]n2ccccc2c1)C(=O)O,-13.5245,-14.25937
CSCC[C@H](NC(=O)[C@H](CCCNC(=N)N)[n+]1[c-]n2ccccc2c1)C(=O)N[C@@H](CCCNC(=N)N)C(=O)O,-8.5463,-7.675025
CSCC[C@H](NC(=O)[C@H](CCCNC(=N)N)[n+]1[c-]n2ccccc2c1)C(=O)N[C@@H](CS)C(=O)O,-2.6532,-6.5760612
CSCC[C@H](NC(=O)[C@H](CCCNC(=N)N)[n+]1[c-]n2ccccc2c1)C(=O)N[C@@H](Cc1ccccc1)C(=O)O,-15.516,-15.585428
CSCC[C@H](NC(=O)[C@H](CCSC)NC(=O)[C@H](CC(=O)O)[n+]1[c-]n2ccccc2c1)C(=O)O,-2.3077,-7.130969
CSCC[C@H](NC(=O)[C@H](CCSC)NC(=O)[C@H](CCCNC(=N)N)[n+]1[c-]n2ccccc2c1)C(=O)O,-6.352,-8.4564495
CSCC[C@H](NC(=O)[C@H](CCSC)[n+]1[c-]n2ccccc2c1)C(=O)N1CCC[C@H]1C(=O)O,-8.671,-7.1333613
CSCC[C@H](NC(=O)[C@H](CCSC)[n+]1[c-]n2ccccc2c1)C(=O)N[C@@H](CCC(=O)O)C(=O)O,-14.9715,-6.532866
CSCC[C@H](NC(=O)[C@H](CO)NC(=O)[C@H](CCSC)[n+]1[c-]n2ccccc2c1)C(=O)O,0.4898,-8.712963
CSCC[C@H](NC(=O)[C@H](CO)NC(=O)[C@H](CO)[n+]1[c-]n2ccccc2c1)C(=O)O,-8.7672,-9.02494
CSCC[C@H](NC(=O)[C@H](CO)NC(=O)[C@H](Cc1ccc(O)cc1)[n+]1[c-]n2ccccc2c1)C(=O)O,-4.0427,-7.069625
CSCC[C@H](NC(=O)[C@H](CO)[n+]1[c-]n2ccccc2c1)C(=O)N1CCC[C@H]1C(=O)O,-9.0799,-9.58769
CSCC[C@H](NC(=O)[C@H](CO)[n+]1[c-]n2ccccc2c1)C(=O)N[C@@H](CCCNC(=N)N)C(=O)O,-4.503,-11.460268
CSCC[C@H](NC(=O)[C@H](CS)NC(=O)[C@H](CCC(N)=O)[n+]1[c-]n2ccccc2c1)C(=O)O,-6.1509,-8.426133
CSCC[C@H](NC(=O)[C@H](CS)NC(=O)[C@H](CCSC)[n+]1[c-]n2ccccc2c1)C(=O)O,-2.6155,-7.1370525
CSCC[C@H](NC(=O)[C@H](CS)[n+]1[c-]n2ccccc2c1)C(=O)N1CCC[C@H]1C(=O)O,-8.5799,-6.907159
CSCC[C@H](NC(=O)[C@H](CS)[n+]1[c-]n2ccccc2c1)C(=O)N[C@@H](CC(=O)O)C(=O)O,-7.9275,-6.9582314
CSCC[C@H](NC(=O)[C@H](CS)[n+]1[c-]n2ccccc2c1)C(=O)N[C@@H](CCCNC(=N)N)C(=O)O,-9.9284,-9.084961
CSCC[C@H](NC(=O)[C@H](CS)[n+]1[c-]n2ccccc2c1)C(=O)N[C@@H](Cc1c[nH]c2ccccc12)C(=O)O,-10.6257,-13.123216
CSCC[C@H](NC(=O)[C@H](Cc1c[nH]c2ccccc12)NC(=O)[C@H](CC(N)=O)[n+]1[c-]n2ccccc2c1)C(=O)O,-14.4094,-10.461169
CSCC[C@H](NC(=O)[C@H](Cc1c[nH]c2ccccc12)[n+]1[c-]n2ccccc2c1)C(=O)N[C@@H](CO)C(=O)O,-6.4346,-9.372101
CSCC[C@H](NC(=O)[C@H](Cc1c[nH]c2ccccc12)[n+]1[c-]n2ccccc2c1)C(=O)N[C@@H](Cc1ccc(O)cc1)C(=O)O,-12.9426,-9.299248
CSCC[C@H](NC(=O)[C@H](Cc1c[nH]c2ccccc12)[n+]1[c-]n2ccccc2c1)C(=O)N[C@H](C(=O)O)C(C)C,-0.0173,-5.153678
CSCC[C@H](NC(=O)[C@H](Cc1c[nH]cn1)NC(=O)C[n+]1[c-]n2ccccc2c1)C(=O)O,-12.5738,-10.915768
CSCC[C@H](NC(=O)[C@H](Cc1c[nH]cn1)NC(=O)[C@H](C)[n+]1[c-]n2ccccc2c1)C(=O)O,-9.7697,-8.163836
CSCC[C@H](NC(=O)[C@H](Cc1c[nH]cn1)NC(=O)[C@H](CCCNC(=N)N)[n+]1[c-]n2ccccc2c1)C(=O)O,-12.484,-9.695814
CSCC[C@H](NC(=O)[C@H](Cc1c[nH]cn1)NC(=O)[C@H](CO)[n+]1[c-]n2ccccc2c1)C(=O)O,-7.8436,-6.953832
CSCC[C@H](NC(=O)[C@H](Cc1c[nH]cn1)[n+]1[c-]n2ccccc2c1)C(=O)N1CCC[C@H]1C(=O)O,-11.3663,-7.3346148
CSCC[C@H](NC(=O)[C@H](Cc1c[nH]cn1)[n+]1[c-]n2ccccc2c1)C(=O)N[C@@H](CC(C)C)C(=O)O,-8.3353,-9.266656
CSCC[C@H](NC(=O)[C@H](Cc1c[nH]cn1)[n+]1[c-]n2ccccc2c1)C(=O)N[C@@H](CC(N)=O)C(=O)O,-13.3354,-10.371259
CSCC[C@H](NC(=O)[C@H](Cc1c[nH]cn1)[n+]1[c-]n2ccccc2c1)C(=O)N[C@@H](CCC(=O)O)C(=O)O,-8.5179,-12.037679
CSCC[C@H](NC(=O)[C@H](Cc1c[nH]cn1)[n+]1[c-]n2ccccc2c1)C(=O)N[C@@H](CCC(N)=O)C(=O)O,-9.6517,-7.7710667
CSCC[C@H](NC(=O)[C@H](Cc1c[nH]cn1)[n+]1[c-]n2ccccc2c1)C(=O)N[C@@H](Cc1ccccc1)C(=O)O,-7.5006,-11.20515
CSCC[C@H](NC(=O)[C@H](Cc1c[nH]cn1)[n+]1[c-]n2ccccc2c1)C(=O)O,-7.4731,-7.637505
CSCC[C@H](NC(=O)[C@H](Cc1ccc(O)cc1)NC(=O)[C@H](CO)[n+]1[c-]n2ccccc2c1)C(=O)O,-9.4526,-6.7690134
CSCC[C@H](NC(=O)[C@H](Cc1ccc(O)cc1)[n+]1[c-]n2ccccc2c1)C(=O)N[C@@H](CCCNC(=N)N)C(=O)O,-10.7398,-9.807216
CSCC[C@H](NC(=O)[C@H](Cc1ccc(O)cc1)[n+]1[c-]n2ccccc2c1)C(=O)N[C@H](C(=O)O)C(C)C,-3.1515,-7.1662755
CSCC[C@H](NC(=O)[C@H](Cc1ccc(O)cc1)[n+]1[c-]n2ccccc2c1)C(=O)N[C@H](C(=O)O)[C@@H](C)O,-9.5272,-6.854075
CSCC[C@H](NC(=O)[C@H](Cc1ccc(O)cc1)[n+]1[c-]n2ccccc2c1)C(=O)O,-5.9164,-5.544071
CSCC[C@H](NC(=O)[C@H](Cc1ccccc1)NC(=O)C[n+]1[c-]n2ccccc2c1)C(=O)O,-10.308,-10.792854
CSCC[C@H](NC(=O)[C@H](Cc1ccccc1)NC(=O)[C@H](CC(N)=O)[n+]1[c-]n2ccccc2c1)C(=O)O,-8.1549,-6.559772
CSCC[C@H](NC(=O)[C@H](Cc1ccccc1)NC(=O)[C@H](Cc1c[nH]cn1)[n+]1[c-]n2ccccc2c1)C(=O)O,-5.4209,-6.76118
CSCC[C@H](NC(=O)[C@H](Cc1ccccc1)[n+]1[c-]n2ccccc2c1)C(=O)N[C@@H](CC(=O)O)C(=O)O,-14.8531,-7.5076103
CSCC[C@H](NC(=O)[C@H](Cc1ccccc1)[n+]1[c-]n2ccccc2c1)C(=O)N[C@@H](CC(C)C)C(=O)O,-3.5734,-6.597402
CSCC[C@H](NC(=O)[C@H](Cc1ccccc1)[n+]1[c-]n2ccccc2c1)C(=O)N[C@@H](CCC(=O)O)C(=O)O,-15.3442,-11.602543
CSCC[C@H](NC(=O)[C@H](Cc1ccccc1)[n+]1[c-]n2ccccc2c1)C(=O)N[C@H](C(=O)O)[C@@H](C)O,-11.8516,-9.0692
CSCC[C@H](NC(=O)[C@H](Cc1ccccc1)[n+]1[c-]n2ccccc2c1)C(=O)O,-7.1198,-9.763721
CSCC[C@H](NC(=O)[C@H]([C@@H](C)O)[n+]1[c-]n2ccccc2c1)C(=O)N[C@@H](CO)C(=O)O,-9.5935,-8.840375
CSCC[C@H](NC(=O)[C@H]([C@@H](C)O)[n+]1[c-]n2ccccc2c1)C(=O)N[C@@H](Cc1c[nH]cn1)C(=O)O,-5.777,-9.529024
CSCC[C@H](NC(=O)[C@H]([C@@H](C)O)[n+]1[c-]n2ccccc2c1)C(=O)N[C@@H](Cc1ccccc1)C(=O)O,-1.3535,-9.617
C[C@@H](C(=O)NCC(=O)N[C@@H](CCC(=O)O)C(=O)O)[n+]1[c-]n2ccccc2c1,-11.9846,-8.94804
C[C@@H](C(=O)NCC(=O)N[C@@H](CO)C(=O)O)[n+]1[c-]n2ccccc2c1,-6.2094,-8.156249
C[C@@H](C(=O)NCC(=O)N[C@@H](Cc1c[nH]c2ccccc12)C(=O)O)[n+]1[c-]n2ccccc2c1,-12.9808,-9.942495
C[C@@H](C(=O)NCC(=O)O)[n+]1[c-]n2ccccc2c1,-6.5397,-3.0574327
C[C@@H](C(=O)N[C@@H](CC(=O)O)C(=O)N[C@@H](CCC(=O)O)C(=O)O)[n+]1[c-]n2ccccc2c1,-12.9386,-12.055361
C[C@@H](C(=O)N[C@@H](CC(=O)O)C(=O)N[C@@H](Cc1c[nH]c2ccccc12)C(=O)O)[n+]1[c-]n2ccccc2c1,-8.4196,-10.485391
C[C@@H](C(=O)N[C@@H](CC(=O)O)C(=O)N[C@@H](Cc1ccccc1)C(=O)O)[n+]1[c-]n2ccccc2c1,-7.6793,-7.257855
C[C@@H](C(=O)N[C@@H](CC(N)=O)C(=O)N1CCC[C@H]1C(=O)O)[n+]1[c-]n2ccccc2c1,-15.3467,-7.723532
C[C@@H](C(=O)N[C@@H](CC(N)=O)C(=O)NCC(=O)O)[n+]1[c-]n2ccccc2c1,-7.2021,-9.726395
C[C@@H](C(=O)N[C@@H](CC(N)=O)C(=O)N[C@@H](CCC(=O)O)C(=O)O)[n+]1[c-]n2ccccc2c1,-14.1912,-13.072421
C[C@@H](C(=O)N[C@@H](CC(N)=O)C(=O)N[C@@H](CCCNC(=N)N)C(=O)O)[n+]1[c-]n2ccccc2c1,-16.6927,-15.482491
C[C@@H](C(=O)N[C@@H](CC(N)=O)C(=O)O)[n+]1[c-]n2ccccc2c1,-9.4031,-9.355537
C[C@@H](C(=O)N[C@@H](CCC(=O)O)C(=O)NCC(=O)O)[n+]1[c-]n2ccccc2c1,-17.2962,-12.029946
C[C@@H](C(=O)N[C@@H](CCC(=O)O)C(=O)N[C@@H](CC(=O)O)C(=O)O)[n+]1[c-]n2ccccc2c1,-8.9677,-8.269146
C[C@@H](C(=O)N[C@@H](CCC(=O)O)C(=O)N[C@@H](Cc1ccccc1)C(=O)O)[n+]1[c-]n2ccccc2c1,-12.9686,-8.728514
C[C@@H](C(=O)N[C@@H](CCC(N)=O)C(=O)NCC(=O)O)[n+]1[c-]n2ccccc2c1,-11.2469,-11.374291
C[C@@H](C(=O)N[C@@H](CCC(N)=O)C(=O)N[C@@H](CC(=O)O)C(=O)O)[n+]1[c-]n2ccccc2c1,-18.795,-10.196735
C[C@@H](C(=O)N[C@@H](CCC(N)=O)C(=O)N[C@@H](Cc1c[nH]c2ccccc12)C(=O)O)[n+]1[c-]n2ccccc2c1,-14.4973,-13.719173
C[C@@H](C(=O)N[C@@H](CCC(N)=O)C(=O)N[C@@H](Cc1ccc(O)cc1)C(=O)O)[n+]1[c-]n2ccccc2c1,-16.6285,-10.756175
C[C@@H](C(=O)N[C@@H](CCCNC(=N)N)C(=O)N1CCC[C@H]1C(=O)O)[n+]1[c-]n2ccccc2c1,-0.7561,-7.9321666
C[C@@H](C(=O)N[C@@H](CCCNC(=N)N)C(=O)N[C@@H](CO)C(=O)O)[n+]1[c-]n2ccccc2c1,-6.1252,-8.245401
C[C@@H](C(=O)N[C@@H](CCCNC(=N)N)C(=O)N[C@@H](Cc1c[nH]c2ccccc12)C(=O)O)[n+]1[c-]n2ccccc2c1,-6.4881,-7.6170683
C[C@@H](C(=O)N[C@@H](CO)C(=O)NCC(=O)O)[n+]1[c-]n2ccccc2c1,-5.9495,-7.4454536
C[C@@H](C(=O)N[C@@H](CO)C(=O)N[C@@H](CC(=O)O)C(=O)O)[n+]1[c-]n2ccccc2c1,-8.0551,-8.4140625
C[C@@H](C(=O)N[C@@H](CO)C(=O)N[C@@H](CCC(N)=O)C(=O)O)[n+]1[c-]n2ccccc2c1,-11.5646,-7.7629976
C[C@@H](C(=O)N[C@@H](CO)C(=O)N[C@@H](CO)C(=O)O)[n+]1[c-]n2ccccc2c1,-5.1226,-7.486602
C[C@@H](C(=O)N[C@@H](CS)C(=O)N[C@@H](CCCNC(=N)N)C(=O)O)[n+]1[c-]n2ccccc2c1,-6.7667,-8.77859
C[C@@H](C(=O)N[C@@H](CS)C(=O)O)[n+]1[c-]n2ccccc2c1,-4.5973,-4.6945705
C[C@@H](C(=O)N[C@@H](Cc1c[nH]c2ccccc12)C(=O)N1CCC[C@H]1C(=O)O)[n+]1[c-]n2ccccc2c1,-8.0081,-12.120281
C[C@@H](C(=O)N[C@@H](Cc1c[nH]c2ccccc12)C(=O)N[C@@H](CC(=O)O)C(=O)O)[n+]1[c-]n2ccccc2c1,-5.2716,-13.1048355
C[C@@H](C(=O)N[C@@H](Cc1c[nH]c2ccccc12)C(=O)N[C@@H](CC(N)=O)C(=O)O)[n+]1[c-]n2ccccc2c1,-10.6299,-8.863047
C[C@@H](C(=O)N[C@@H](Cc1c[nH]c2ccccc12)C(=O)N[C@@H](CS)C(=O)O)[n+]1[c-]n2ccccc2c1,-10.7619,-10.235482
C[C@@H](C(=O)N[C@@H](Cc1c[nH]c2ccccc12)C(=O)N[C@@H](Cc1c[nH]cn1)C(=O)O)[n+]1[c-]n2ccccc2c1,-12.1349,-13.621711
C[C@@H](C(=O)N[C@@H](Cc1c[nH]c2ccccc12)C(=O)N[C@@H](Cc1ccc(O)cc1)C(=O)O)[n+]1[c-]n2ccccc2c1,-10.9176,-13.238588
C[C@@H](C(=O)N[C@@H](Cc1c[nH]c2ccccc12)C(=O)O)[n+]1[c-]n2ccccc2c1,-9.3364,-7.285118
C[C@@H](C(=O)N[C@@H](Cc1ccc(O)cc1)C(=O)N[C@@H](CC(N)=O)C(=O)O)[n+]1[c-]n2ccccc2c1,-11.26,-11.1362705
C[C@@H](C(=O)N[C@@H](Cc1ccc(O)cc1)C(=O)N[C@@H](CCC(=O)O)C(=O)O)[n+]1[c-]n2ccccc2c1,-9.1848,-9.252309
C[C@@H](C(=O)N[C@@H](Cc1ccc(O)cc1)C(=O)N[C@@H](Cc1ccc(O)cc1)C(=O)O)[n+]1[c-]n2ccccc2c1,-6.4702,-7.9714365
C[C@@H](C(=O)N[C@@H](Cc1ccc(O)cc1)C(=O)N[C@@H](Cc1ccccc1)C(=O)O)[n+]1[c-]n2ccccc2c1,-7.7735,-8.766487
C[C@@H](C(=O)N[C@@H](Cc1ccccc1)C(=O)N1CCC[C@H]1C(=O)O)[n+]1[c-]n2ccccc2c1,-10.4058,-9.01049
C[C@@H](C(=O)N[C@@H](Cc1ccccc1)C(=O)N[C@@H](CC(N)=O)C(=O)O)[n+]1[c-]n2ccccc2c1,-17.0529,-11.857265
C[C@@H](C(=O)N[C@@H](Cc1ccccc1)C(=O)N[C@@H](CCCNC(=N)N)C(=O)O)[n+]1[c-]n2ccccc2c1,-6.5521,-11.628433
C[C@@H](C(=O)N[C@@H](Cc1ccccc1)C(=O)N[C@@H](Cc1c[nH]c2ccccc12)C(=O)O)[n+]1[c-]n2ccccc2c1,-14.392,-12.671854
C[C@@H](C(=O)N[C@@H](Cc1ccccc1)C(=O)N[C@@H](Cc1c[nH]cn1)C(=O)O)[n+]1[c-]n2ccccc2c1,-7.8988,-7.6581645
C[C@@H](C(=O)N[C@@H](Cc1ccccc1)C(=O)N[C@@H](Cc1ccccc1)C(=O)O)[n+]1[c-]n2ccccc2c1,-4.3135,-10.620335
C[C@@H](C(=O)O)[n+]1[c-]n2ccccc2c1,-5.9318,-9.238367
C[C@@H](O)[C@@H](C(=O)N1CCC[C@H]1C(=O)N[C@@H](CS)C(=O)O)[n+]1[c-]n2ccccc2c1,-10.325,-8.034839
C[C@@H](O)[C@@H](C(=O)N1CCC[C@H]1C(=O)N[C@@H](Cc1c[nH]cn1)C(=O)O)[n+]1[c-]n2ccccc2c1,-5.0764,-7.11627
C[C@@H](O)[C@@H](C(=O)NCC(=O)N[C@@H](CC(N)=O)C(=O)O)[n+]1[c-]n2ccccc2c1,-14.171,-8.051538
C[C@@H](O)[C@@H](C(=O)NCC(=O)N[C@@H](CCC(=O)O)C(=O)O)[n+]1[c-]n2ccccc2c1,-16.3023,-7.9827523
C[C@@H](O)[C@@H](C(=O)NCC(=O)N[C@@H](Cc1ccccc1)C(=O)O)[n+]1[c-]n2ccccc2c1,-6.6481,-10.530497
C[C@@H](O)[C@@H](C(=O)NCC(=O)O)[n+]1[c-]n2ccccc2c1,-8.1866,-5.86862
C[C@@H](O)[C@@H](C(=O)N[C@@H](CC(=O)O)C(=O)N[C@@H](CC(=O)O)C(=O)O)[n+]1[c-]n2ccccc2c1,-4.6067,-11.630135
C[C@@H](O)[C@@H](C(=O)N[C@@H](CC(=O)O)C(=O)N[C@@H](CC(N)=O)C(=O)O)[n+]1[c-]n2ccccc2c1,-9.8459,-10.156544
C[C@@H](O)[C@@H](C(=O)N[C@@H](CC(=O)O)C(=O)N[C@@H](CO)C(=O)O)[n+]1[c-]n2ccccc2c1,-8.4486,-10.3249855
C[C@@H](O)[C@@H](C(=O)N[C@@H](CC(=O)O)C(=O)N[C@@H](Cc1c[nH]c2ccccc12)C(=O)O)[n+]1[c-]n2ccccc2c1,-10.7751,-11.63691
C[C@@H](O)[C@@H](C(=O)N[C@@H](CC(=O)O)C(=O)N[C@@H](Cc1c[nH]cn1)C(=O)O)[n+]1[c-]n2ccccc2c1,-12.3383,-10.679846
C[C@@H](O)[C@@H](C(=O)N[C@@H](CC(N)=O)C(=O)N1CCC[C@H]1C(=O)O)[n+]1[c-]n2ccccc2c1,-13.8338,-8.442017
C[C@@H](O)[C@@H](C(=O)N[C@@H](CC(N)=O)C(=O)N[C@@H](CCC(N)=O)C(=O)O)[n+]1[c-]n2ccccc2c1,-9.693,-8.554714
C[C@@H](O)[C@@H](C(=O)N[C@@H](CC(N)=O)C(=O)N[C@@H](Cc1c[nH]c2ccccc12)C(=O)O)[n+]1[c-]n2ccccc2c1,-11.7596,-9.571183
C[C@@H](O)[C@@H](C(=O)N[C@@H](CCC(=O)O)C(=O)N[C@@H](CCC(=O)O)C(=O)O)[n+]1[c-]n2ccccc2c1,-19.9501,-18.637115
C[C@@H](O)[C@@H](C(=O)N[C@@H](CCC(=O)O)C(=O)N[C@@H](Cc1ccccc1)C(=O)O)[n+]1[c-]n2ccccc2c1,-15.5841,-8.43312
C[C@@H](O)[C@@H](C(=O)N[C@@H](CCC(N)=O)C(=O)N[C@@H](CC(=O)O)C(=O)O)[n+]1[c-]n2ccccc2c1,-11.8639,-11.011948
C[C@@H](O)[C@@H](C(=O)N[C@@H](CCC(N)=O)C(=O)N[C@@H](CC(N)=O)C(=O)O)[n+]1[c-]n2ccccc2c1,-3.9592,-10.243008
C[C@@H](O)[C@@H](C(=O)N[C@@H](CCC(N)=O)C(=O)N[C@@H](CCCNC(=N)N)C(=O)O)[n+]1[c-]n2ccccc2c1,-11.2059,-9.382463
C[C@@H](O)[C@@H](C(=O)N[C@@H](CCC(N)=O)C(=O)N[C@@H](CO)C(=O)O)[n+]1[c-]n2ccccc2c1,-15.681,-10.935391
C[C@@H](O)[C@@H](C(=O)N[C@@H](CCCNC(=N)N)C(=O)N[C@@H](CCCNC(=N)N)C(=O)O)[n+]1[c-]n2ccccc2c1,-12.9813,-10.451637
C[C@@H](O)[C@@H](C(=O)N[C@@H](CCCNC(=N)N)C(=O)N[C@@H](Cc1c[nH]c2ccccc12)C(=O)O)[n+]1[c-]n2ccccc2c1,-9.075,-10.940215
C[C@@H](O)[C@@H](C(=O)N[C@@H](CO)C(=O)N1CCC[C@H]1C(=O)O)[n+]1[c-]n2ccccc2c1,-12.4574,-7.8731384
C[C@@H](O)[C@@H](C(=O)N[C@@H](CO)C(=O)N[C@@H](Cc1c[nH]cn1)C(=O)O)[n+]1[c-]n2ccccc2c1,-8.2073,-10.16763
C[C@@H](O)[C@@H](C(=O)N[C@@H](CS)C(=O)N[C@@H](CC(=O)O)C(=O)O)[n+]1[c-]n2ccccc2c1,-10.3165,-7.936482
C[C@@H](O)[C@@H](C(=O)N[C@@H](Cc1c[nH]c2ccccc12)C(=O)N1CCC[C@H]1C(=O)O)[n+]1[c-]n2ccccc2c1,-10.5051,-10.23884
C[C@@H](O)[C@@H](C(=O)N[C@@H](Cc1c[nH]cn1)C(=O)NCC(=O)O)[n+]1[c-]n2ccccc2c1,-3.296,-8.062961
C[C@@H](O)[C@@H](C(=O)N[C@@H](Cc1c[nH]cn1)C(=O)N[C@@H](CCC(=O)O)C(=O)O)[n+]1[c-]n2ccccc2c1,-10.1015,-9.993977
C[C@@H](O)[C@@H](C(=O)N[C@@H](Cc1c[nH]cn1)C(=O)N[C@@H](Cc1c[nH]c2ccccc12)C(=O)O)[n+]1[c-]n2ccccc2c1,-3.0052,-9.784086
C[C@@H](O)[C@@H](C(=O)N[C@@H](Cc1ccc(O)cc1)C(=O)N[C@@H](CCC(N)=O)C(=O)O)[n+]1[c-]n2ccccc2c1,-9.3001,-8.6331415
C[C@@H](O)[C@@H](C(=O)N[C@@H](Cc1ccc(O)cc1)C(=O)N[C@@H](CCCNC(=N)N)C(=O)O)[n+]1[c-]n2ccccc2c1,-12.262,-9.886116
C[C@@H](O)[C@@H](C(=O)N[C@@H](Cc1ccc(O)cc1)C(=O)N[C@@H](Cc1ccc(O)cc1)C(=O)O)[n+]1[c-]n2ccccc2c1,-6.8899,-9.767306
C[C@@H](O)[C@@H](C(=O)N[C@@H](Cc1ccccc1)C(=O)N[C@@H](CC(=O)O)C(=O)O)[n+]1[c-]n2ccccc2c1,-7.6714,-10.338481
C[C@@H](O)[C@@H](C(=O)N[C@@H](Cc1ccccc1)C(=O)N[C@@H](CCC(N)=O)C(=O)O)[n+]1[c-]n2ccccc2c1,-14.8627,-13.472273
C[C@@H](O)[C@@H](C(=O)N[C@@H](Cc1ccccc1)C(=O)O)[n+]1[c-]n2ccccc2c1,-9.872,-7.9968853
C[C@@H](O)[C@H](NC(=O)CNC(=O)[C@H](C)[n+]1[c-]n2ccccc2c1)C(=O)O,-8.7511,-8.039808
C[C@@H](O)[C@H](NC(=O)CNC(=O)[C@H](Cc1c[nH]c2ccccc12)[n+]1[c-]n2ccccc2c1)C(=O)O,-7.6769,-8.38908
C[C@@H](O)[C@H](NC(=O)C[n+]1[c-]n2ccccc2c1)C(=O)NCC(=O)O,-36.3135,-24.100367
C[C@@H](O)[C@H](NC(=O)C[n+]1[c-]n2ccccc2c1)C(=O)N[C@@H](CCC(N)=O)C(=O)O,-11.9158,-11.605635
C[C@@H](O)[C@H](NC(=O)C[n+]1[c-]n2ccccc2c1)C(=O)N[C@@H](Cc1c[nH]cn1)C(=O)O,-13.3069,-11.10557
C[C@@H](O)[C@H](NC(=O)C[n+]1[c-]n2ccccc2c1)C(=O)N[C@@H](Cc1ccccc1)C(=O)O,-11.4478,-10.579344
C[C@@H](O)[C@H](NC(=O)[C@@H](NC(=O)[C@H](Cc1c[nH]c2ccccc12)[n+]1[c-]n2ccccc2c1)[C@@H](C)O)C(=O)O,-4.7892,-7.157384
C[C@@H](O)[C@H](NC(=O)[C@@H](NC(=O)[C@H](Cc1c[nH]cn1)[n+]1[c-]n2ccccc2c1)[C@@H](C)O)C(=O)O,-6.3282,-8.482897
C[C@@H](O)[C@H](NC(=O)[C@@H]1CCCN1C(=O)C[n+]1[c-]n2ccccc2c1)C(=O)O,-13.6874,-10.213663
C[C@@H](O)[C@H](NC(=O)[C@@H]1CCCN1C(=O)[C@H](CCCNC(=N)N)[n+]1[c-]n2ccccc2c1)C(=O)O,-10.7489,-4.3034725
C[C@@H](O)[C@H](NC(=O)[C@@H]1CCCN1C(=O)[C@H](CO)[n+]1[c-]n2ccccc2c1)C(=O)O,-9.93,-8.735264
C[C@@H](O)[C@H](NC(=O)[C@@H]1CCCN1C(=O)[C@H](CS)[n+]1[c-]n2ccccc2c1)C(=O)O,-11.4716,-6.4936924
C[C@@H](O)[C@H](NC(=O)[C@H](C)[n+]1[c-]n2ccccc2c1)C(=O)NCC(=O)O,-1.7162,-4.4823065
C[C@@H](O)[C@H](NC(=O)[C@H](C)[n+]1[c-]n2ccccc2c1)C(=O)N[C@@H](CC(=O)O)C(=O)O,-0.8421,-8.781538
C[C@@H](O)[C@H](NC(=O)[C@H](C)[n+]1[c-]n2ccccc2c1)C(=O)N[C@@H](CO)C(=O)O,-10.1972,-4.7568417
C[C@@H](O)[C@H](NC(=O)[C@H](C)[n+]1[c-]n2ccccc2c1)C(=O)N[C@@H](CS)C(=O)O,-7.5784,-8.01531
C[C@@H](O)[C@H](NC(=O)[C@H](C)[n+]1[c-]n2ccccc2c1)C(=O)N[C@@H](Cc1ccccc1)C(=O)O,-0.089,-3.29067
C[C@@H](O)[C@H](NC(=O)[C@H](CC(=O)O)NC(=O)C[n+]1[c-]n2ccccc2c1)C(=O)O,-12.7903,-12.849415
C[C@@H](O)[C@H](NC(=O)[C@H](CC(=O)O)NC(=O)[C@H](C)[n+]1[c-]n2ccccc2c1)C(=O)O,-8.6705,-4.393442
C[C@@H](O)[C@H](NC(=O)[C@H](CC(=O)O)NC(=O)[C@H](CCC(N)=O)[n+]1[c-]n2ccccc2c1)C(=O)O,-9.2599,-8.014093
C[C@@H](O)[C@H](NC(=O)[C@H](CC(=O)O)NC(=O)[C@H](CS)[n+]1[c-]n2ccccc2c1)C(=O)O,2.0388,-6.3808317
C[C@@H](O)[C@H](NC(=O)[C@H](CC(=O)O)NC(=O)[C@H](Cc1c[nH]c2ccccc12)[n+]1[c-]n2ccccc2c1)C(=O)O,-3.307,-6.617154
C[C@@H](O)[C@H](NC(=O)[C@H](CC(=O)O)[n+]1[c-]n2ccccc2c1)C(=O)N[C@@H](CC(=O)O)C(=O)O,-5.5518,-8.287452
C[C@@H](O)[C@H](NC(=O)[C@H](CC(=O)O)[n+]1[c-]n2ccccc2c1)C(=O)N[C@@H](CCC(N)=O)C(=O)O,-21.7336,-17.865509
C[C@@H](O)[C@H](NC(=O)[C@H](CC(=O)O)[n+]1[c-]n2ccccc2c1)C(=O)N[C@@H](CCCNC(=N)N)C(=O)O,7.6538,-6.9609356
C[C@@H](O)[C@H](NC(=O)[C@H](CC(=O)O)[n+]1[c-]n2ccccc2c1)C(=O)N[C@@H](Cc1c[nH]c2ccccc12)C(=O)O,-7.6788,-10.385643
C[C@@H](O)[C@H](NC(=O)[C@H](CC(=O)O)[n+]1[c-]n2ccccc2c1)C(=O)N[C@@H](Cc1ccc(O)cc1)C(=O)O,-9.0335,-11.509911
C[C@@H](O)[C@H](NC(=O)[C@H](CC(=O)O)[n+]1[c-]n2ccccc2c1)C(=O)O,-1.3506,-4.8769026
C[C@@H](O)[C@H](NC(=O)[C@H](CC(N)=O)NC(=O)C[n+]1[c-]n2ccccc2c1)C(=O)O,-13.6817,-10.008882
C[C@@H](O)[C@H](NC(=O)[C@H](CC(N)=O)NC(=O)[C@H](CCC(N)=O)[n+]1[c-]n2ccccc2c1)C(=O)O,-11.9003,-11.435192
C[C@@H](O)[C@H](NC(=O)[C@H](CC(N)=O)NC(=O)[C@H](CO)[n+]1[c-]n2ccccc2c1)C(=O)O,-11.0757,-9.201382
C[C@@H](O)[C@H](NC(=O)[C@H](CC(N)=O)NC(=O)[C@H]([C@@H](C)O)[n+]1[c-]n2ccccc2c1)C(=O)O,-2.7322,-8.561495
C[C@@H](O)[C@H](NC(=O)[C@H](CC(N)=O)[n+]1[c-]n2ccccc2c1)C(=O)N[C@@H](CCCNC(=N)N)C(=O)O,-8.6897,-5.1522045
C[C@@H](O)[C@H](NC(=O)[C@H](CCC(=O)O)NC(=O)[C@H](CC(=O)O)[n+]1[c-]n2ccccc2c1)C(=O)O,-10.4101,-13.753952
C[C@@H](O)[C@H](NC(=O)[C@H](CCC(=O)O)NC(=O)[C@H](CCC(=O)O)[n+]1[c-]n2ccccc2c1)C(=O)O,-13.7133,-9.27343
C[C@@H](O)[C@H](NC(=O)[C@H](CCC(=O)O)NC(=O)[C@H](Cc1c[nH]c2ccccc12)[n+]1[c-]n2ccccc2c1)C(=O)O,-13.0014,-11.051428
C[C@@H](O)[C@H](NC(=O)[C@H](CCC(=O)O)[n+]1[c-]n2ccccc2c1)C(=O)N[C@@H](CC(N)=O)C(=O)O,-10.3804,-9.26869
C[C@@H](O)[C@H](NC(=O)[C@H](CCC(N)=O)NC(=O)[C@H]([C@@H](C)O)[n+]1[c-]n2ccccc2c1)C(=O)O,-14.3407,-11.577205
C[C@@H](O)[C@H](NC(=O)[C@H](CCCNC(=N)N)NC(=O)[C@H](C)[n+]1[c-]n2ccccc2c1)C(=O)O,-5.8845,-8.255604
C[C@@H](O)[C@H](NC(=O)[C@H](CCCNC(=N)N)NC(=O)[C@H](CC(=O)O)[n+]1[c-]n2ccccc2c1)C(=O)O,-11.6803,-17.29473
C[C@@H](O)[C@H](NC(=O)[C@H](CCCNC(=N)N)NC(=O)[C@H](CCC(N)=O)[n+]1[c-]n2ccccc2c1)C(=O)O,-12.137,-8.198116
C[C@@H](O)[C@H](NC(=O)[C@H](CCCNC(=N)N)NC(=O)[C@H](CO)[n+]1[c-]n2ccccc2c1)C(=O)O,-12.2744,-11.06946
C[C@@H](O)[C@H](NC(=O)[C@H](CCCNC(=N)N)NC(=O)[C@H](CS)[n+]1[c-]n2ccccc2c1)C(=O)O,-11.4366,-16.135384
C[C@@H](O)[C@H](NC(=O)[C@H](CCCNC(=N)N)NC(=O)[C@H](Cc1c[nH]c2ccccc12)[n+]1[c-]n2ccccc2c1)C(=O)O,-8.6919,-12.0959
C[C@@H](O)[C@H](NC(=O)[C@H](CCCNC(=N)N)[n+]1[c-]n2ccccc2c1)C(=O)N[C@@H](CC(N)=O)C(=O)O,0.7316,-9.723547
C[C@@H](O)[C@H](NC(=O)[C@H](CCCNC(=N)N)[n+]1[c-]n2ccccc2c1)C(=O)N[C@@H](CCC(=O)O)C(=O)O,-6.1652,-7.2757835
C[C@@H](O)[C@H](NC(=O)[C@H](CCCNC(=N)N)[n+]1[c-]n2ccccc2c1)C(=O)O,-5.2297,-6.5796127
C[C@@H](O)[C@H](NC(=O)[C@H](CO)NC(=O)C[n+]1[c-]n2ccccc2c1)C(=O)O,-12.4192,-9.7659855
C[C@@H](O)[C@H](NC(=O)[C@H](CO)NC(=O)[C@H](CS)[n+]1[c-]n2ccccc2c1)C(=O)O,-13.3233,-8.817239
C[C@@H](O)[C@H](NC(=O)[C@H](CO)NC(=O)[C@H](Cc1ccccc1)[n+]1[c-]n2ccccc2c1)C(=O)O,-11.5685,-8.343172
C[C@@H](O)[C@H](NC(=O)[C@H](CO)[n+]1[c-]n2ccccc2c1)C(=O)N[C@@H](CCCNC(=N)N)C(=O)O,-7.187,-8.726847
C[C@@H](O)[C@H](NC(=O)[C@H](CO)[n+]1[c-]n2ccccc2c1)C(=O)O,-7.3716,-6.3443084
C[C@@H](O)[C@H](NC(=O)[C@H](CS)NC(=O)C[n+]1[c-]n2ccccc2c1)C(=O)O,-10.4408,-11.877729
C[C@@H](O)[C@H](NC(=O)[C@H](CS)NC(=O)[C@H](C)[n+]1[c-]n2ccccc2c1)C(=O)O,-12.31,-5.2954464
C[C@@H](O)[C@H](NC(=O)[C@H](CS)NC(=O)[C@H](CCC(=O)O)[n+]1[c-]n2ccccc2c1)C(=O)O,-4.9347,-4.880564
C[C@@H](O)[C@H](NC(=O)[C@H](CS)NC(=O)[C@H]([C@@H](C)O)[n+]1[c-]n2ccccc2c1)C(=O)O,-15.9488,-9.505556
C[C@@H](O)[C@H](NC(=O)[C@H](CS)[n+]1[c-]n2ccccc2c1)C(=O)N[C@@H](CS)C(=O)O,-3.6214,-7.523617
C[C@@H](O)[C@H](NC(=O)[C@H](Cc1c[nH]c2ccccc12)NC(=O)[C@H](CC(N)=O)[n+]1[c-]n2ccccc2c1)C(=O)O,-12.5016,-13.133786
C[C@@H](O)[C@H](NC(=O)[C@H](Cc1c[nH]c2ccccc12)NC(=O)[C@H](CCCNC(=N)N)[n+]1[c-]n2ccccc2c1)C(=O)O,-2.5616,-8.2160425
C[C@@H](O)[C@H](NC(=O)[C@H](Cc1c[nH]c2ccccc12)NC(=O)[C@H](Cc1c[nH]c2ccccc12)[n+]1[c-]n2ccccc2c1)C(=O)O,-9.228,-8.573729
C[C@@H](O)[C@H](NC(=O)[C@H](Cc1c[nH]c2ccccc12)[n+]1[c-]n2ccccc2c1)C(=O)N1CCC[C@H]1C(=O)O,-6.4791,-9.639578
C[C@@H](O)[C@H](NC(=O)[C@H](Cc1c[nH]c2ccccc12)[n+]1[c-]n2ccccc2c1)C(=O)NCC(=O)O,-3.4409,-11.940842
C[C@@H](O)[C@H](NC(=O)[C@H](Cc1c[nH]c2ccccc12)[n+]1[c-]n2ccccc2c1)C(=O)N[C@@H](CCC(=O)O)C(=O)O,-18.3502,-11.461491
C[C@@H](O)[C@H](NC(=O)[C@H](Cc1c[nH]c2ccccc12)[n+]1[c-]n2ccccc2c1)C(=O)N[C@@H](CCCNC(=N)N)C(=O)O,1.1711,-9.894652
C[C@@H](O)[C@H](NC(=O)[C@H](Cc1c[nH]c2ccccc12)[n+]1[c-]n2ccccc2c1)C(=O)N[C@@H](CO)C(=O)O,-9.4538,-9.600743
C[C@@H](O)[C@H](NC(=O)[C@H](Cc1c[nH]c2ccccc12)[n+]1[c-]n2ccccc2c1)C(=O)N[C@@H](Cc1c[nH]cn1)C(=O)O,-0.882,-6.819508
C[C@@H](O)[C@H](NC(=O)[C@H](Cc1c[nH]cn1)NC(=O)[C@H](CCCNC(=N)N)[n+]1[c-]n2ccccc2c1)C(=O)O,-5.8828,-7.295512
C[C@@H](O)[C@H](NC(=O)[C@H](Cc1c[nH]cn1)NC(=O)[C@H](CS)[n+]1[c-]n2ccccc2c1)C(=O)O,-10.4946,-7.6233006
C[C@@H](O)[C@H](NC(=O)[C@H](Cc1c[nH]cn1)NC(=O)[C@H]([C@@H](C)O)[n+]1[c-]n2ccccc2c1)C(=O)O,-13.6143,-9.666111
C[C@@H](O)[C@H](NC(=O)[C@H](Cc1c[nH]cn1)[n+]1[c-]n2ccccc2c1)C(=O)N[C@@H](CS)C(=O)O,-9.5497,-9.898456
C[C@@H](O)[C@H](NC(=O)[C@H](Cc1c[nH]cn1)[n+]1[c-]n2ccccc2c1)C(=O)N[C@@H](Cc1ccc(O)cc1)C(=O)O,-8.8382,-5.965355
C[C@@H](O)[C@H](NC(=O)[C@H](Cc1ccc(O)cc1)NC(=O)[C@H](CO)[n+]1[c-]n2ccccc2c1)C(=O)O,-5.2017,-9.688619
C[C@@H](O)[C@H](NC(=O)[C@H](Cc1ccc(O)cc1)NC(=O)[C@H](Cc1ccc(O)cc1)[n+]1[c-]n2ccccc2c1)C(=O)O,-10.5972,-8.016924
C[C@@H](O)[C@H](NC(=O)[C@H](Cc1ccc(O)cc1)[n+]1[c-]n2ccccc2c1)C(=O)NCC(=O)O,1.29,-6.223212
C[C@@H](O)[C@H](NC(=O)[C@H](Cc1ccccc1)NC(=O)[C@H](CCCNC(=N)N)[n+]1[c-]n2ccccc2c1)C(=O)O,-5.6761,-7.1039085
C[C@@H](O)[C@H](NC(=O)[C@H](Cc1ccccc1)NC(=O)[C@H](CO)[n+]1[c-]n2ccccc2c1)C(=O)O,-13.8014,-7.93169
C[C@@H](O)[C@H](NC(=O)[C@H](Cc1ccccc1)[n+]1[c-]n2ccccc2c1)C(=O)N[C@@H](CC(N)=O)C(=O)O,-10.3198,-7.672
C[C@@H](O)[C@H](NC(=O)[C@H](Cc1ccccc1)[n+]1[c-]n2ccccc2c1)C(=O)N[C@@H](CS)C(=O)O,-9.1061,-6.580592
C[C@@H](O)[C@H](NC(=O)[C@H]([C@@H](C)O)[n+]1[c-]n2ccccc2c1)C(=O)NCC(=O)O,-4.7059,-7.0428963
C[C@@H](O)[C@H](NC(=O)[C@H]([C@@H](C)O)[n+]1[c-]n2ccccc2c1)C(=O)N[C@@H](CO)C(=O)O,-9.292,-7.7507343
C[C@@H](O)[C@H](NC(=O)[C@H]([C@@H](C)O)[n+]1[c-]n2ccccc2c1)C(=O)N[C@@H](Cc1c[nH]c2ccccc12)C(=O)O,-8.5169,-9.512836
C[C@@H](O)[C@H](NC(=O)[C@H]([C@@H](C)O)[n+]1[c-]n2ccccc2c1)C(=O)N[C@@H](Cc1c[nH]cn1)C(=O)O,-6.4353,-8.822167
C[C@H](NC(=O)CNC(=O)[C@H](CCCNC(=N)N)[n+]1[c-]n2ccccc2c1)C(=O)O,-5.1088,-7.977764
C[C@H](NC(=O)C[n+]1[c-]n2ccccc2c1)C(=O)N1CCC[C@H]1C(=O)O,-10.681,-10.483107
C[C@H](NC(=O)C[n+]1[c-]n2ccccc2c1)C(=O)N[C@@H](CCC(N)=O)C(=O)O,-18.8755,-13.24556
C[C@H](NC(=O)C[n+]1[c-]n2ccccc2c1)C(=O)N[C@H](C(=O)O)[C@@H](C)O,-10.1402,-11.606785
C[C@H](NC(=O)C[n+]1[c-]n2ccccc2c1)C(=O)O,-20.2992,-17.82737
C[C@H](NC(=O)[C@@H](NC(=O)[C@H](Cc1c[nH]c2ccccc12)[n+]1[c-]n2ccccc2c1)[C@@H](C)O)C(=O)O,-3.0548,-6.5403795
C[C@H](NC(=O)[C@@H]1CCCN1C(=O)[C@H](C)[n+]1[c-]n2ccccc2c1)C(=O)O,-8.8814,-7.826137
C[C@H](NC(=O)[C@@H]1CCCN1C(=O)[C@H](CCC(=O)O)[n+]1[c-]n2ccccc2c1)C(=O)O,-13.1762,-14.167209
C[C@H](NC(=O)[C@@H]1CCCN1C(=O)[C@H](CO)[n+]1[c-]n2ccccc2c1)C(=O)O,-10.3746,-6.0719495
C[C@H](NC(=O)[C@H](C)NC(=O)[C@H](CCCNC(=N)N)[n+]1[c-]n2ccccc2c1)C(=O)O,-3.7151,-5.133168
C[C@H](NC(=O)[C@H](C)NC(=O)[C@H](Cc1ccccc1)[n+]1[c-]n2ccccc2c1)C(=O)O,-5.9942,-8.105699
C[C@H](NC(=O)[C@H](C)NC(=O)[C@H]([C@@H](C)O)[n+]1[c-]n2ccccc2c1)C(=O)O,-5.6942,-7.779269
C[C@H](NC(=O)[C@H](C)[n+]1[c-]n2ccccc2c1)C(=O)NCC(=O)O,-3.5411,-4.6644306
C[C@H](NC(=O)[C@H](C)[n+]1[c-]n2ccccc2c1)C(=O)N[C@@H](CC(=O)O)C(=O)O,-8.5543,-6.3152742
C[C@H](NC(=O)[C@H](C)[n+]1[c-]n2ccccc2c1)C(=O)N[C@@H](CC(N)=O)C(=O)O,-7.8889,-9.952276
C[C@H](NC(=O)[C@H](C)[n+]1[c-]n2ccccc2c1)C(=O)N[C@@H](Cc1ccc(O)cc1)C(=O)O,-13.0098,-10.385462
C[C@H](NC(=O)[C@H](C)[n+]1[c-]n2ccccc2c1)C(=O)N[C@H](C(=O)O)[C@@H](C)O,-5.9647,-3.919795
C[C@H](NC(=O)[C@H](CC(=O)O)NC(=O)C[n+]1[c-]n2ccccc2c1)C(=O)O,-8.766,-10.086404
C[C@H](NC(=O)[C@H](CC(=O)O)NC(=O)[C@H](C)[n+]1[c-]n2ccccc2c1)C(=O)O,-4.8117,-3.2032886
C[C@H](NC(=O)[C@H](CC(=O)O)NC(=O)[C@H](CCC(=O)O)[n+]1[c-]n2ccccc2c1)C(=O)O,0.9698,-5.094112
C[C@H](NC(=O)[C@H](CC(=O)O)NC(=O)[C@H](Cc1ccccc1)[n+]1[c-]n2ccccc2c1)C(=O)O,-7.572,-8.0389595
C[C@H](NC(=O)[C@H](CC(=O)O)NC(=O)[C@H]([C@@H](C)O)[n+]1[c-]n2ccccc2c1)C(=O)O,-1.2455,-8.918535
C[C@H](NC(=O)[C@H](CC(=O)O)[n+]1[c-]n2ccccc2c1)C(=O)N[C@@H](CO)C(=O)O,-5.6123,-5.097334
C[C@H](NC(=O)[C@H](CC(N)=O)NC(=O)[C@H](CC(=O)O)[n+]1[c-]n2ccccc2c1)C(=O)O,-2.9866,-10.068377
C[C@H](NC(=O)[C@H](CC(N)=O)NC(=O)[C@H](CCC(N)=O)[n+]1[c-]n2ccccc2c1)C(=O)O,-5.6928,-5.5022564
C[C@H](NC(=O)[C@H](CCC(=O)O)NC(=O)[C@H](C)[n+]1[c-]n2ccccc2c1)C(=O)O,-8.3451,-6.9155746
C[C@H](NC(=O)[C@H](CCC(=O)O)NC(=O)[C@H](CCC(N)=O)[n+]1[c-]n2ccccc2c1)C(=O)O,-8.4661,-8.110901
C[C@H](NC(=O)[C@H](CCC(=O)O)NC(=O)[C@H](Cc1c[nH]c2ccccc12)[n+]1[c-]n2ccccc2c1)C(=O)O,-12.8976,-9.595842
C[C@H](NC(=O)[C@H](CCC(=O)O)[n+]1[c-]n2ccccc2c1)C(=O)N1CCC[C@H]1C(=O)O,-11.3888,-7.7168293
C[C@H](NC(=O)[C@H](CCC(=O)O)[n+]1[c-]n2ccccc2c1)C(=O)N[C@H](C(=O)O)[C@@H](C)O,-2.8673,-4.7745805
C[C@H](NC(=O)[C@H](CCC(N)=O)NC(=O)[C@H](C)[n+]1[c-]n2ccccc2c1)C(=O)O,-10.9827,-7.1961803
C[C@H](NC(=O)[C@H](CCC(N)=O)NC(=O)[C@H](CC(N)=O)[n+]1[c-]n2ccccc2c1)C(=O)O,-10.2947,-8.033344
C[C@H](NC(=O)[C@H](CCC(N)=O)NC(=O)[C@H](CCCNC(=N)N)[n+]1[c-]n2ccccc2c1)C(=O)O,-13.1174,-9.308891
C[C@H](NC(=O)[C@H](CCC(N)=O)NC(=O)[C@H](CS)[n+]1[c-]n2ccccc2c1)C(=O)O,-7.0046,-7.1685896
C[C@H](NC(=O)[C@H](CCC(N)=O)[n+]1[c-]n2ccccc2c1)C(=O)N[C@@H](Cc1c[nH]cn1)C(=O)O,-8.0374,-8.171409
C[C@H](NC(=O)[C@H](CCCNC(=N)N)NC(=O)[C@H](CC(=O)O)[n+]1[c-]n2ccccc2c1)C(=O)O,-11.5698,-9.921007
C[C@H](NC(=O)[C@H](CCCNC(=N)N)NC(=O)[C@H](CC(N)=O)[n+]1[c-]n2ccccc2c1)C(=O)O,-12.9431,-12.136381
C[C@H](NC(=O)[C@H](CCCNC(=N)N)NC(=O)[C@H](CCC(=O)O)[n+]1[c-]n2ccccc2c1)C(=O)O,-1.2274,-6.253682
C[C@H](NC(=O)[C@H](CCCNC(=N)N)NC(=O)[C@H](Cc1c[nH]cn1)[n+]1[c-]n2ccccc2c1)C(=O)O,-15.8651,-11.68877
C[C@H](NC(=O)[C@H](CCCNC(=N)N)[n+]1[c-]n2ccccc2c1)C(=O)N[C@@H](CCC(=O)O)C(=O)O,-7.7155,-8.400675
C[C@H](NC(=O)[C@H](CCCNC(=N)N)[n+]1[c-]n2ccccc2c1)C(=O)N[C@@H](CCC(N)=O)C(=O)O,-8.6564,-8.238101
C[C@H](NC(=O)[C@H](CCCNC(=N)N)[n+]1[c-]n2ccccc2c1)C(=O)N[C@@H](Cc1c[nH]c2ccccc12)C(=O)O,-13.028,-9.709269
C[C@H](NC(=O)[C@H](CCCNC(=N)N)[n+]1[c-]n2ccccc2c1)C(=O)N[C@@H](Cc1ccccc1)C(=O)O,-0.404,-6.1065187
C[C@H](NC(=O)[C@H](CO)NC(=O)[C@H](CCCNC(=N)N)[n+]1[c-]n2ccccc2c1)C(=O)O,0.7083,-4.3674746
C[C@H](NC(=O)[C@H](CO)NC(=O)[C@H](CO)[n+]1[c-]n2ccccc2c1)C(=O)O,-9.507,-6.7909017
C[C@H](NC(=O)[C@H](CO)NC(=O)[C@H](CS)[n+]1[c-]n2ccccc2c1)C(=O)O,-3.4275,-3.584653
C[C@H](NC(=O)[C@H](CO)NC(=O)[C@H](Cc1c[nH]c2ccccc12)[n+]1[c-]n2ccccc2c1)C(=O)O,-2.7716,-8.551455
C[C@H](NC(=O)[C@H](CO)NC(=O)[C@H](Cc1ccc(O)cc1)[n+]1[c-]n2ccccc2c1)C(=O)O,-0.3916,-5.4360213
C[C@H](NC(=O)[C@H](CO)[n+]1[c-]n2ccccc2c1)C(=O)N[C@@H](CCC(N)=O)C(=O)O,-13.229,-6.684948
C[C@H](NC(=O)[C@H](CS)NC(=O)[C@H](Cc1c[nH]c2ccccc12)[n+]1[c-]n2ccccc2c1)C(=O)O,-5.1097,-6.7106013
C[C@H](NC(=O)[C@H](CS)NC(=O)[C@H](Cc1c[nH]cn1)[n+]1[c-]n2ccccc2c1)C(=O)O,-0.8697,-7.343135
C[C@H](NC(=O)[C@H](CS)[n+]1[c-]n2ccccc2c1)C(=O)N1CCC[C@H]1C(=O)O,-7.416,-4.0163145
C[C@H](NC(=O)[C@H](CS)[n+]1[c-]n2ccccc2c1)C(=O)N[C@@H](CO)C(=O)O,-11.6346,-8.578444
C[C@H](NC(=O)[C@H](CS)[n+]1[c-]n2ccccc2c1)C(=O)N[C@@H](Cc1c[nH]cn1)C(=O)O,-3.3936,-5.6629686
C[C@H](NC(=O)[C@H](CS)[n+]1[c-]n2ccccc2c1)C(=O)N[C@@H](Cc1ccc(O)cc1)C(=O)O,-11.8403,-11.025394
C[C@H](NC(=O)[C@H](CS)[n+]1[c-]n2ccccc2c1)C(=O)N[C@@H](Cc1ccccc1)C(=O)O,-5.5043,-4.914839
C[C@H](NC(=O)[C@H](Cc1c[nH]c2ccccc12)NC(=O)[C@H](CCCNC(=N)N)[n+]1[c-]n2ccccc2c1)C(=O)O,-8.044,-11.934899
C[C@H](NC(=O)[C@H](Cc1c[nH]c2ccccc12)NC(=O)[C@H](CO)[n+]1[c-]n2ccccc2c1)C(=O)O,-6.7009,-8.296139
C[C@H](NC(=O)[C@H](Cc1c[nH]c2ccccc12)[n+]1[c-]n2ccccc2c1)C(=O)N[C@@H](CC(=O)O)C(=O)O,-0.989,-6.4502296
C[C@H](NC(=O)[C@H](Cc1c[nH]c2ccccc12)[n+]1[c-]n2ccccc2c1)C(=O)N[C@@H](CC(N)=O)C(=O)O,-5.6906,-7.5703163
C[C@H](NC(=O)[C@H](Cc1c[nH]c2ccccc12)[n+]1[c-]n2ccccc2c1)C(=O)N[C@@H](Cc1c[nH]cn1)C(=O)O,-8.7459,-4.8654656
C[C@H](NC(=O)[C@H](Cc1c[nH]cn1)NC(=O)[C@H](CCC(=O)O)[n+]1[c-]n2ccccc2c1)C(=O)O,-7.7841,-7.3414264
C[C@H](NC(=O)[C@H](Cc1c[nH]cn1)NC(=O)[C@H](CCCNC(=N)N)[n+]1[c-]n2ccccc2c1)C(=O)O,-4.0341,-8.753356
C[C@H](NC(=O)[C@H](Cc1c[nH]cn1)[n+]1[c-]n2ccccc2c1)C(=O)NCC(=O)O,-4.651,-6.4558363
C[C@H](NC(=O)[C@H](Cc1c[nH]cn1)[n+]1[c-]n2ccccc2c1)C(=O)N[C@@H](CC(N)=O)C(=O)O,-10.3098,-8.593876
C[C@H](NC(=O)[C@H](Cc1c[nH]cn1)[n+]1[c-]n2ccccc2c1)C(=O)N[C@@H](CS)C(=O)O,-10.5168,-9.066871
C[C@H](NC(=O)[C@H](Cc1c[nH]cn1)[n+]1[c-]n2ccccc2c1)C(=O)N[C@@H](Cc1c[nH]cn1)C(=O)O,2.2287,-5.2509336
C[C@H](NC(=O)[C@H](Cc1c[nH]cn1)[n+]1[c-]n2ccccc2c1)C(=O)N[C@H](C(=O)O)[C@@H](C)O,-5.9835,-7.635194
C[C@H](NC(=O)[C@H](Cc1ccc(O)cc1)NC(=O)[C@H](CS)[n+]1[c-]n2ccccc2c1)C(=O)O,-2.7128,-4.096049
C[C@H](NC(=O)[C@H](Cc1ccc(O)cc1)[n+]1[c-]n2ccccc2c1)C(=O)N[C@@H](CCCNC(=N)N)C(=O)O,-6.7853,-8.078997
C[C@H](NC(=O)[C@H](Cc1ccc(O)cc1)[n+]1[c-]n2ccccc2c1)C(=O)N[C@@H](CS)C(=O)O,-7.9598,-7.2823987
C[C@H](NC(=O)[C@H](Cc1ccc(O)cc1)[n+]1[c-]n2ccccc2c1)C(=O)N[C@@H](Cc1ccc(O)cc1)C(=O)O,-5.9915,-6.859809
C[C@H](NC(=O)[C@H](Cc1ccc(O)cc1)[n+]1[c-]n2ccccc2c1)C(=O)N[C@@H](Cc1ccccc1)C(=O)O,0.2418,-5.5806375
C[C@H](NC(=O)[C@H](Cc1ccccc1)NC(=O)C[n+]1[c-]n2ccccc2c1)C(=O)O,-10.8097,-9.788883
C[C@H](NC(=O)[C@H](Cc1ccccc1)NC(=O)[C@H](C)[n+]1[c-]n2ccccc2c1)C(=O)O,-2.809,-4.203774
C[C@H](NC(=O)[C@H](Cc1ccccc1)NC(=O)[C@H](CCC(=O)O)[n+]1[c-]n2ccccc2c1)C(=O)O,-7.023,-7.906234
C[C@H](NC(=O)[C@H](Cc1ccccc1)NC(=O)[C@H]([C@@H](C)O)[n+]1[c-]n2ccccc2c1)C(=O)O,-8.0149,-7.143227
C[C@H](NC(=O)[C@H](Cc1ccccc1)[n+]1[c-]n2ccccc2c1)C(=O)N[C@@H](CCCNC(=N)N)C(=O)O,-11.0845,-9.883574
C[C@H](NC(=O)[C@H](Cc1ccccc1)[n+]1[c-]n2ccccc2c1)C(=O)N[C@@H](CO)C(=O)O,-9.3786,-8.787626
C[C@H](NC(=O)[C@H](Cc1ccccc1)[n+]1[c-]n2ccccc2c1)C(=O)N[C@@H](Cc1c[nH]cn1)C(=O)O,-4.4279,-6.829247
C[C@H](NC(=O)[C@H]([C@@H](C)O)[n+]1[c-]n2ccccc2c1)C(=O)N[C@@H](CC(=O)O)C(=O)O,-7.2332,-9.576454
C[C@H](NC(=O)[C@H]([C@@H](C)O)[n+]1[c-]n2ccccc2c1)C(=O)O,-7.5033,-6.274847
N=C(N)NCCC[C@@H](C(=O)N1CCC[C@H]1C(=O)N[C@@H](CC(=O)O)C(=O)O)[n+]1[c-]n2ccccc2c1,-3.9076,-6.0330496
N=C(N)NCCC[C@@H](C(=O)N1CCC[C@H]1C(=O)N[C@@H](CCC(=O)O)C(=O)O)[n+]1[c-]n2ccccc2c1,-2.5553,-6.289368
N=C(N)NCCC[C@@H](C(=O)N1CCC[C@H]1C(=O)N[C@@H](CCC(N)=O)C(=O)O)[n+]1[c-]n2ccccc2c1,1.0564,-5.634081
N=C(N)NCCC[C@@H](C(=O)N1CCC[C@H]1C(=O)N[C@@H](Cc1c[nH]c2ccccc12)C(=O)O)[n+]1[c-]n2ccccc2c1,-2.9369,-9.4156475
N=C(N)NCCC[C@@H](C(=O)NCC(=O)N1CCC[C@H]1C(=O)O)[n+]1[c-]n2ccccc2c1,-15.3779,-9.284159
N=C(N)NCCC[C@@H](C(=O)NCC(=O)N[C@@H](CCC(N)=O)C(=O)O)[n+]1[c-]n2ccccc2c1,-6.2696,-7.1462145
N=C(N)NCCC[C@@H](C(=O)NCC(=O)N[C@@H](CO)C(=O)O)[n+]1[c-]n2ccccc2c1,-6.3553,-10.307803
N=C(N)NCCC[C@@H](C(=O)NCC(=O)N[C@@H](Cc1c[nH]c2ccccc12)C(=O)O)[n+]1[c-]n2ccccc2c1,-1.4088,-8.606047
N=C(N)NCCC[C@@H](C(=O)NCC(=O)N[C@@H](Cc1ccccc1)C(=O)O)[n+]1[c-]n2ccccc2c1,-5.5577,-9.296937
N=C(N)NCCC[C@@H](C(=O)N[C@@H](CC(N)=O)C(=O)N[C@@H](CCC(N)=O)C(=O)O)[n+]1[c-]n2ccccc2c1,-8.1869,-6.2956667
N=C(N)NCCC[C@@H](C(=O)N[C@@H](CC(N)=O)C(=O)N[C@@H](Cc1ccccc1)C(=O)O)[n+]1[c-]n2ccccc2c1,-7.7569,-8.309931
N=C(N)NCCC[C@@H](C(=O)N[C@@H](CCC(=O)O)C(=O)N[C@@H](CC(=O)O)C(=O)O)[n+]1[c-]n2ccccc2c1,-9.5501,-8.771717
N=C(N)NCCC[C@@H](C(=O)N[C@@H](CCC(=O)O)C(=O)N[C@@H](CCC(N)=O)C(=O)O)[n+]1[c-]n2ccccc2c1,-24.4745,-15.593212
N=C(N)NCCC[C@@H](C(=O)N[C@@H](CCC(N)=O)C(=O)N[C@@H](CC(N)=O)C(=O)O)[n+]1[c-]n2ccccc2c1,-8.5001,-9.767059
N=C(N)NCCC[C@@H](C(=O)N[C@@H](CCC(N)=O)C(=O)N[C@@H](Cc1c[nH]cn1)C(=O)O)[n+]1[c-]n2ccccc2c1,-9.3633,-8.809145
N=C(N)NCCC[C@@H](C(=O)N[C@@H](CO)C(=O)N[C@@H](Cc1c[nH]c2ccccc12)C(=O)O)[n+]1[c-]n2ccccc2c1,-6.3248,-10.063514
N=C(N)NCCC[C@@H](C(=O)N[C@@H](CO)C(=O)O)[n+]1[c-]n2ccccc2c1,-11.8849,-8.936178
N=C(N)NCCC[C@@H](C(=O)N[C@@H](CS)C(=O)N[C@@H](CCC(N)=O)C(=O)O)[n+]1[c-]n2ccccc2c1,-6.7097,-5.9304743
N=C(N)NCCC[C@@H](C(=O)N[C@@H](CS)C(=O)N[C@@H](Cc1c[nH]cn1)C(=O)O)[n+]1[c-]n2ccccc2c1,-6.4178,-6.723566
N=C(N)NCCC[C@@H](C(=O)N[C@@H](Cc1c[nH]c2ccccc12)C(=O)N[C@@H](CO)C(=O)O)[n+]1[c-]n2ccccc2c1,-7.3323,-7.9479365
N=C(N)NCCC[C@@H](C(=O)N[C@@H](Cc1c[nH]cn1)C(=O)N1CCC[C@H]1C(=O)O)[n+]1[c-]n2ccccc2c1,3.9745,-10.997765
N=C(N)NCCC[C@@H](C(=O)N[C@@H](Cc1c[nH]cn1)C(=O)N[C@@H](CCC(=O)O)C(=O)O)[n+]1[c-]n2ccccc2c1,-5.013,-8.360273
N=C(N)NCCC[C@@H](C(=O)N[C@@H](Cc1c[nH]cn1)C(=O)N[C@@H](CO)C(=O)O)[n+]1[c-]n2ccccc2c1,-4.3436,-7.7572737
N=C(N)NCCC[C@@H](C(=O)N[C@@H](Cc1ccc(O)cc1)C(=O)N[C@@H](CS)C(=O)O)[n+]1[c-]n2ccccc2c1,-9.0142,-9.625021
N=C(N)NCCC[C@@H](C(=O)N[C@@H](Cc1ccc(O)cc1)C(=O)N[C@@H](Cc1c[nH]cn1)C(=O)O)[n+]1[c-]n2ccccc2c1,-11.0378,-8.578113
N=C(N)NCCC[C@@H](C(=O)N[C@@H](Cc1ccccc1)C(=O)N[C@@H](CC(=O)O)C(=O)O)[n+]1[c-]n2ccccc2c1,-12.6015,-9.23479
N=C(N)NCCC[C@@H](C(=O)N[C@@H](Cc1ccccc1)C(=O)N[C@@H](CCC(N)=O)C(=O)O)[n+]1[c-]n2ccccc2c1,21.0537,-11.79166
N=C(N)NCCC[C@H](NC(=O)CNC(=O)[C@H](CC(N)=O)[n+]1[c-]n2ccccc2c1)C(=O)O,-14.0365,-10.201818
N=C(N)NCCC[C@H](NC(=O)CNC(=O)[C@H](CCC(N)=O)[n+]1[c-]n2ccccc2c1)C(=O)O,-10.7271,-10.264109
N=C(N)NCCC[C@H](NC(=O)CNC(=O)[C@H](Cc1c[nH]c2ccccc12)[n+]1[c-]n2ccccc2c1)C(=O)O,-20.325,-13.127682
N=C(N)NCCC[C@H](NC(=O)[C@@H]1CCCN1C(=O)C[n+]1[c-]n2ccccc2c1)C(=O)O,-12.5408,-7.556179
N=C(N)NCCC[C@H](NC(=O)[C@@H]1CCCN1C(=O)[C@H](CCC(N)=O)[n+]1[c-]n2ccccc2c1)C(=O)O,-8.263,-9.143484
N=C(N)NCCC[C@H](NC(=O)[C@@H]1CCCN1C(=O)[C@H](Cc1ccc(O)cc1)[n+]1[c-]n2ccccc2c1)C(=O)O,-5.6198,-10.340721
N=C(N)NCCC[C@H](NC(=O)[C@H](CC(=O)O)NC(=O)[C@H](CCC(=O)O)[n+]1[c-]n2ccccc2c1)C(=O)O,-19.6855,-20.773577
N=C(N)NCCC[C@H](NC(=O)[C@H](CC(=O)O)[n+]1[c-]n2ccccc2c1)C(=O)N[C@@H](CO)C(=O)O,-5.8788,-6.6775637
N=C(N)NCCC[C@H](NC(=O)[C@H](CC(N)=O)NC(=O)C[n+]1[c-]n2ccccc2c1)C(=O)O,-13.2992,-12.445721
N=C(N)NCCC[C@H](NC(=O)[C@H](CC(N)=O)NC(=O)[C@H](CCCNC(=N)N)[n+]1[c-]n2ccccc2c1)C(=O)O,-8.6212,-11.375161
N=C(N)NCCC[C@H](NC(=O)[C@H](CC(N)=O)NC(=O)[C@H](CO)[n+]1[c-]n2ccccc2c1)C(=O)O,-10.3772,-11.199045
N=C(N)NCCC[C@H](NC(=O)[C@H](CC(N)=O)NC(=O)[C@H](Cc1c[nH]cn1)[n+]1[c-]n2ccccc2c1)C(=O)O,-19.7257,-18.191095
N=C(N)NCCC[C@H](NC(=O)[C@H](CC(N)=O)NC(=O)[C@H](Cc1ccccc1)[n+]1[c-]n2ccccc2c1)C(=O)O,-7.7269,-9.619423
N=C(N)NCCC[C@H](NC(=O)[C@H](CC(N)=O)[n+]1[c-]n2ccccc2c1)C(=O)N1CCC[C@H]1C(=O)O,-8.4709,-10.352106
N=C(N)NCCC[C@H](NC(=O)[C@H](CC(N)=O)[n+]1[c-]n2ccccc2c1)C(=O)N[C@@H](CC(N)=O)C(=O)O,-18.3304,-10.71541
N=C(N)NCCC[C@H](NC(=O)[C@H](CC(N)=O)[n+]1[c-]n2ccccc2c1)C(=O)N[C@@H](CCC(=O)O)C(=O)O,-20.7703,-18.465115
N=C(N)NCCC[C@H](NC(=O)[C@H](CCC(=O)O)NC(=O)[C@H](CC(=O)O)[n+]1[c-]n2ccccc2c1)C(=O)O,-18.1782,-19.320179
N=C(N)NCCC[C@H](NC(=O)[C@H](CCC(=O)O)NC(=O)[C@H](CC(N)=O)[n+]1[c-]n2ccccc2c1)C(=O)O,-13.0807,-13.117458
N=C(N)NCCC[C@H](NC(=O)[C@H](CCC(=O)O)NC(=O)[C@H](CCCNC(=N)N)[n+]1[c-]n2ccccc2c1)C(=O)O,-11.1105,-10.388256
N=C(N)NCCC[C@H](NC(=O)[C@H](CCC(=O)O)NC(=O)[C@H](CS)[n+]1[c-]n2ccccc2c1)C(=O)O,-18.6506,-9.538412
N=C(N)NCCC[C@H](NC(=O)[C@H](CCC(=O)O)[n+]1[c-]n2ccccc2c1)C(=O)N[C@@H](CS)C(=O)O,-0.5213,-8.664405
N=C(N)NCCC[C@H](NC(=O)[C@H](CCC(=O)O)[n+]1[c-]n2ccccc2c1)C(=O)N[C@@H](Cc1c[nH]c2ccccc12)C(=O)O,-13.5108,-10.809078
N=C(N)NCCC[C@H](NC(=O)[C@H](CCC(=O)O)[n+]1[c-]n2ccccc2c1)C(=O)N[C@@H](Cc1c[nH]cn1)C(=O)O,-10.8422,-9.580074
N=C(N)NCCC[C@H](NC(=O)[C@H](CCC(N)=O)NC(=O)[C@H](CCC(N)=O)[n+]1[c-]n2ccccc2c1)C(=O)O,-18.1505,-18.229546
N=C(N)NCCC[C@H](NC(=O)[C@H](CCC(N)=O)NC(=O)[C@H](Cc1c[nH]c2ccccc12)[n+]1[c-]n2ccccc2c1)C(=O)O,-10.9208,-8.757546
N=C(N)NCCC[C@H](NC(=O)[C@H](CCC(N)=O)NC(=O)[C@H](Cc1ccc(O)cc1)[n+]1[c-]n2ccccc2c1)C(=O)O,-12.3857,-11.107739
N=C(N)NCCC[C@H](NC(=O)[C@H](CCC(N)=O)[n+]1[c-]n2ccccc2c1)C(=O)N[C@@H](CC(=O)O)C(=O)O,-9.7487,-16.727442
N=C(N)NCCC[C@H](NC(=O)[C@H](CCC(N)=O)[n+]1[c-]n2ccccc2c1)C(=O)N[C@@H](Cc1c[nH]cn1)C(=O)O,-5.7612,-12.252715
N=C(N)NCCC[C@H](NC(=O)[C@H](CCCNC(=N)N)NC(=O)[C@H](CS)[n+]1[c-]n2ccccc2c1)C(=O)O,-5.0149,-6.6296086
N=C(N)NCCC[C@H](NC(=O)[C@H](CCCNC(=N)N)NC(=O)[C@H](Cc1c[nH]c2ccccc12)[n+]1[c-]n2ccccc2c1)C(=O)O,-2.4089,-12.142165
N=C(N)NCCC[C@H](NC(=O)[C@H](CCCNC(=N)N)NC(=O)[C@H](Cc1ccccc1)[n+]1[c-]n2ccccc2c1)C(=O)O,-18.2851,-10.540798
N=C(N)NCCC[C@H](NC(=O)[C@H](CCCNC(=N)N)[n+]1[c-]n2ccccc2c1)C(=O)N[C@@H](CC(N)=O)C(=O)O,-4.0814,-9.776794
N=C(N)NCCC[C@H](NC(=O)[C@H](CCCNC(=N)N)[n+]1[c-]n2ccccc2c1)C(=O)N[C@@H](Cc1ccccc1)C(=O)O,4.1842,-9.10935
N=C(N)NCCC[C@H](NC(=O)[C@H](CCCNC(=N)N)[n+]1[c-]n2ccccc2c1)C(=O)O,-10.6542,-6.8202276
N=C(N)NCCC[C@H](NC(=O)[C@H](CO)NC(=O)C[n+]1[c-]n2ccccc2c1)C(=O)O,-14.7521,-12.171737
N=C(N)NCCC[C@H](NC(=O)[C@H](CO)NC(=O)[C@H](CC(N)=O)[n+]1[c-]n2ccccc2c1)C(=O)O,-17.3802,-10.81324
N=C(N)NCCC[C@H](NC(=O)[C@H](CO)[n+]1[c-]n2ccccc2c1)C(=O)NCC(=O)O,-5.6616,-9.492545
N=C(N)NCCC[C@H](NC(=O)[C@H](CO)[n+]1[c-]n2ccccc2c1)C(=O)N[C@@H](Cc1c[nH]c2ccccc12)C(=O)O,-10.9761,-12.218579
N=C(N)NCCC[C@H](NC(=O)[C@H](CS)NC(=O)C[n+]1[c-]n2ccccc2c1)C(=O)O,-14.8235,-16.123146
N=C(N)NCCC[C@H](NC(=O)[C@H](CS)[n+]1[c-]n2ccccc2c1)C(=O)N[C@@H](CCC(N)=O)C(=O)O,-8.0122,-8.191839
N=C(N)NCCC[C@H](NC(=O)[C@H](CS)[n+]1[c-]n2ccccc2c1)C(=O)N[C@@H](Cc1c[nH]c2ccccc12)C(=O)O,-11.9074,-10.681852
N=C(N)NCCC[C@H](NC(=O)[C@H](CS)[n+]1[c-]n2ccccc2c1)C(=O)O,-13.3504,-7.3233566
N=C(N)NCCC[C@H](NC(=O)[C@H](Cc1c[nH]c2ccccc12)NC(=O)[C@H](CO)[n+]1[c-]n2ccccc2c1)C(=O)O,-3.9656,-8.592295
N=C(N)NCCC[C@H](NC(=O)[C@H](Cc1c[nH]c2ccccc12)NC(=O)[C@H](Cc1c[nH]c2ccccc12)[n+]1[c-]n2ccccc2c1)C(=O)O,-0.7449,-11.952896
N=C(N)NCCC[C@H](NC(=O)[C@H](Cc1c[nH]c2ccccc12)NC(=O)[C@H](Cc1c[nH]cn1)[n+]1[c-]n2ccccc2c1)C(=O)O,-9.2998,-13.629274
N=C(N)NCCC[C@H](NC(=O)[C@H](Cc1c[nH]c2ccccc12)NC(=O)[C@H](Cc1ccc(O)cc1)[n+]1[c-]n2ccccc2c1)C(=O)O,-15.3066,-12.477281
N=C(N)NCCC[C@H](NC(=O)[C@H](Cc1c[nH]c2ccccc12)[n+]1[c-]n2ccccc2c1)C(=O)N[C@@H](CC(N)=O)C(=O)O,-12.0909,-12.85067
N=C(N)NCCC[C@H](NC(=O)[C@H](Cc1c[nH]cn1)[n+]1[c-]n2ccccc2c1)C(=O)N[C@@H](CC(=O)O)C(=O)O,-7.4111,-13.952933
N=C(N)NCCC[C@H](NC(=O)[C@H](Cc1c[nH]cn1)[n+]1[c-]n2ccccc2c1)C(=O)N[C@@H](Cc1c[nH]c2ccccc12)C(=O)O,-12.0598,-12.451922
N=C(N)NCCC[C@H](NC(=O)[C@H](Cc1ccc(O)cc1)NC(=O)[C@H](CC(=O)O)[n+]1[c-]n2ccccc2c1)C(=O)O,-6.9742,-14.435261
N=C(N)NCCC[C@H](NC(=O)[C@H](Cc1ccc(O)cc1)NC(=O)[C@H](CCCNC(=N)N)[n+]1[c-]n2ccccc2c1)C(=O)O,-11.7354,-17.45194
N=C(N)NCCC[C@H](NC(=O)[C@H](Cc1ccc(O)cc1)[n+]1[c-]n2ccccc2c1)C(=O)N[C@@H](CCC(N)=O)C(=O)O,-7.4177,-9.8402405
N=C(N)NCCC[C@H](NC(=O)[C@H](Cc1ccccc1)NC(=O)[C@H](CC(N)=O)[n+]1[c-]n2ccccc2c1)C(=O)O,-6.4704,-5.741314
N=C(N)NCCC[C@H](NC(=O)[C@H](Cc1ccccc1)NC(=O)[C@H](Cc1c[nH]cn1)[n+]1[c-]n2ccccc2c1)C(=O)O,-3.9248,-9.810621
N=C(N)NCCC[C@H](NC(=O)[C@H](Cc1ccccc1)[n+]1[c-]n2ccccc2c1)C(=O)N1CCC[C@H]1C(=O)O,-7.9468,-5.775509
N=C(N)NCCC[C@H](NC(=O)[C@H](Cc1ccccc1)[n+]1[c-]n2ccccc2c1)C(=O)N[C@@H](CC(N)=O)C(=O)O,-13.8075,-14.16023
N=C(N)NCCC[C@H](NC(=O)[C@H](Cc1ccccc1)[n+]1[c-]n2ccccc2c1)C(=O)N[C@@H](Cc1ccc(O)cc1)C(=O)O,-9.0414,-10.613012
N=C(N)NCCC[C@H](NC(=O)[C@H](Cc1ccccc1)[n+]1[c-]n2ccccc2c1)C(=O)O,-10.9923,-10.032955
NC(=O)CC[C@@H](C(=O)N1CCC[C@H]1C(=O)N[C@@H](CC(=O)O)C(=O)O)[n+]1[c-]n2ccccc2c1,-6.0767,-7.9770346
NC(=O)CC[C@@H](C(=O)N1CCC[C@H]1C(=O)N[C@@H](CCC(=O)O)C(=O)O)[n+]1[c-]n2ccccc2c1,-9.6731,-6.476863
NC(=O)CC[C@@H](C(=O)NCC(=O)N[C@@H](CC(N)=O)C(=O)O)[n+]1[c-]n2ccccc2c1,-11.4219,-11.831964
NC(=O)CC[C@@H](C(=O)NCC(=O)N[C@@H](CCC(=O)O)C(=O)O)[n+]1[c-]n2ccccc2c1,-12.9154,-8.154596
NC(=O)CC[C@@H](C(=O)NCC(=O)O)[n+]1[c-]n2ccccc2c1,-2.6645,-5.3712897
NC(=O)CC[C@@H](C(=O)N[C@@H](CC(=O)O)C(=O)N1CCC[C@H]1C(=O)O)[n+]1[c-]n2ccccc2c1,-10.954,-10.506182
NC(=O)CC[C@@H](C(=O)N[C@@H](CC(=O)O)C(=O)N[C@@H](CC(N)=O)C(=O)O)[n+]1[c-]n2ccccc2c1,-9.2844,-11.572378
NC(=O)CC[C@@H](C(=O)N[C@@H](CC(=O)O)C(=O)N[C@@H](CO)C(=O)O)[n+]1[c-]n2ccccc2c1,-6.7087,-9.202936
NC(=O)CC[C@@H](C(=O)N[C@@H](CC(=O)O)C(=O)N[C@@H](Cc1ccccc1)C(=O)O)[n+]1[c-]n2ccccc2c1,-9.2271,-8.317844
NC(=O)CC[C@@H](C(=O)N[C@@H](CC(N)=O)C(=O)N[C@@H](CCC(=O)O)C(=O)O)[n+]1[c-]n2ccccc2c1,-18.2392,-16.823662
NC(=O)CC[C@@H](C(=O)N[C@@H](CC(N)=O)C(=O)N[C@@H](Cc1ccc(O)cc1)C(=O)O)[n+]1[c-]n2ccccc2c1,-22.4747,-19.539097
NC(=O)CC[C@@H](C(=O)N[C@@H](CC(N)=O)C(=O)N[C@@H](Cc1ccccc1)C(=O)O)[n+]1[c-]n2ccccc2c1,-19.5151,-19.790127
NC(=O)CC[C@@H](C(=O)N[C@@H](CCC(=O)O)C(=O)NCC(=O)O)[n+]1[c-]n2ccccc2c1,-10.9575,-9.647241
NC(=O)CC[C@@H](C(=O)N[C@@H](CCC(=O)O)C(=O)N[C@@H](CS)C(=O)O)[n+]1[c-]n2ccccc2c1,-19.4554,-13.425872
NC(=O)CC[C@@H](C(=O)N[C@@H](CCC(=O)O)C(=O)N[C@@H](Cc1c[nH]c2ccccc12)C(=O)O)[n+]1[c-]n2ccccc2c1,-10.9081,-10.327557
NC(=O)CC[C@@H](C(=O)N[C@@H](CO)C(=O)N[C@@H](Cc1c[nH]c2ccccc12)C(=O)O)[n+]1[c-]n2ccccc2c1,-3.3475,-11.1829605
NC(=O)CC[C@@H](C(=O)N[C@@H](CO)C(=O)N[C@@H](Cc1c[nH]cn1)C(=O)O)[n+]1[c-]n2ccccc2c1,-8.1873,-9.577845
NC(=O)CC[C@@H](C(=O)N[C@@H](CO)C(=O)N[C@@H](Cc1ccccc1)C(=O)O)[n+]1[c-]n2ccccc2c1,-7.0674,-6.9342775
NC(=O)CC[C@@H](C(=O)N[C@@H](CS)C(=O)NCC(=O)O)[n+]1[c-]n2ccccc2c1,-8.0636,-7.9825006
NC(=O)CC[C@@H](C(=O)N[C@@H](Cc1c[nH]c2ccccc12)C(=O)N[C@@H](CC(N)=O)C(=O)O)[n+]1[c-]n2ccccc2c1,-20.7365,-14.666044
NC(=O)CC[C@@H](C(=O)N[C@@H](Cc1c[nH]c2ccccc12)C(=O)N[C@@H](Cc1ccccc1)C(=O)O)[n+]1[c-]n2ccccc2c1,-0.5452,-10.028082
NC(=O)CC[C@@H](C(=O)N[C@@H](Cc1c[nH]cn1)C(=O)NCC(=O)O)[n+]1[c-]n2ccccc2c1,-3.8157,-8.229438
NC(=O)CC[C@@H](C(=O)N[C@@H](Cc1c[nH]cn1)C(=O)N[C@@H](CC(N)=O)C(=O)O)[n+]1[c-]n2ccccc2c1,-17.4856,-12.495342
NC(=O)CC[C@@H](C(=O)N[C@@H](Cc1c[nH]cn1)C(=O)N[C@@H](CO)C(=O)O)[n+]1[c-]n2ccccc2c1,-11.8731,-10.12505
NC(=O)CC[C@@H](C(=O)N[C@@H](Cc1ccc(O)cc1)C(=O)N[C@@H](Cc1ccc(O)cc1)C(=O)O)[n+]1[c-]n2ccccc2c1,-14.9549,-11.2799225
NC(=O)CC[C@@H](C(=O)N[C@@H](Cc1ccccc1)C(=O)N1CCC[C@H]1C(=O)O)[n+]1[c-]n2ccccc2c1,-1.3235,-11.076476
NC(=O)CC[C@@H](C(=O)N[C@@H](Cc1ccccc1)C(=O)N[C@@H](CC(=O)O)C(=O)O)[n+]1[c-]n2ccccc2c1,-5.4077,-7.9152565
NC(=O)CC[C@@H](C(=O)N[C@@H](Cc1ccccc1)C(=O)N[C@@H](Cc1ccccc1)C(=O)O)[n+]1[c-]n2ccccc2c1,-15.9649,-13.218596
NC(=O)CC[C@@H](C(=O)O)[n+]1[c-]n2ccccc2c1,-5.5774,-4.78197
NC(=O)CC[C@H](NC(=O)CNC(=O)[C@H](CCC(=O)O)[n+]1[c-]n2ccccc2c1)C(=O)O,-13.2371,-8.547117
NC(=O)CC[C@H](NC(=O)CNC(=O)[C@H](CS)[n+]1[c-]n2ccccc2c1)C(=O)O,-10.188,-8.6531
NC(=O)CC[C@H](NC(=O)CNC(=O)[C@H](Cc1ccc(O)cc1)[n+]1[c-]n2ccccc2c1)C(=O)O,-10.6358,-9.284178
NC(=O)CC[C@H](NC(=O)C[n+]1[c-]n2ccccc2c1)C(=O)N[C@@H](CC(N)=O)C(=O)O,-13.8397,-14.270544
NC(=O)CC[C@H](NC(=O)[C@@H]1CCCN1C(=O)C[n+]1[c-]n2ccccc2c1)C(=O)O,-13.1606,-11.451086
NC(=O)CC[C@H](NC(=O)[C@@H]1CCCN1C(=O)[C@H](CCC(N)=O)[n+]1[c-]n2ccccc2c1)C(=O)O,-11.9057,-8.056371
NC(=O)CC[C@H](NC(=O)[C@@H]1CCCN1C(=O)[C@H](Cc1ccc(O)cc1)[n+]1[c-]n2ccccc2c1)C(=O)O,-13.8059,-10.097957
NC(=O)CC[C@H](NC(=O)[C@H](CC(=O)O)NC(=O)[C@H](CCC(N)=O)[n+]1[c-]n2ccccc2c1)C(=O)O,-9.446,-8.784451
NC(=O)CC[C@H](NC(=O)[C@H](CC(=O)O)NC(=O)[C@H](CO)[n+]1[c-]n2ccccc2c1)C(=O)O,-16.9702,-20.829746
NC(=O)CC[C@H](NC(=O)[C@H](CC(=O)O)NC(=O)[C@H](CS)[n+]1[c-]n2ccccc2c1)C(=O)O,-14.4734,-14.304662
NC(=O)CC[C@H](NC(=O)[C@H](CC(=O)O)NC(=O)[C@H](Cc1c[nH]cn1)[n+]1[c-]n2ccccc2c1)C(=O)O,-6.9759,-8.068448
NC(=O)CC[C@H](NC(=O)[C@H](CC(N)=O)NC(=O)[C@H](CO)[n+]1[c-]n2ccccc2c1)C(=O)O,-10.2586,-8.9826355
NC(=O)CC[C@H](NC(=O)[C@H](CC(N)=O)NC(=O)[C@H](Cc1c[nH]cn1)[n+]1[c-]n2ccccc2c1)C(=O)O,-14.0561,-8.782501
NC(=O)CC[C@H](NC(=O)[C@H](CC(N)=O)NC(=O)[C@H](Cc1ccccc1)[n+]1[c-]n2ccccc2c1)C(=O)O,-14.0081,-11.665375
NC(=O)CC[C@H](NC(=O)[C@H](CC(N)=O)[n+]1[c-]n2ccccc2c1)C(=O)N[C@@H](CC(N)=O)C(=O)O,-12.6407,-11.972496
NC(=O)CC[C@H](NC(=O)[C@H](CC(N)=O)[n+]1[c-]n2ccccc2c1)C(=O)N[C@@H](CCC(=O)O)C(=O)O,-10.7999,-9.3406105
NC(=O)CC[C@H](NC(=O)[C@H](CC(N)=O)[n+]1[c-]n2ccccc2c1)C(=O)N[C@@H](Cc1c[nH]cn1)C(=O)O,-12.3508,-14.553995
NC(=O)CC[C@H](NC(=O)[C@H](CC(N)=O)[n+]1[c-]n2ccccc2c1)C(=O)O,-8.5658,-8.647425
NC(=O)CC[C@H](NC(=O)[C@H](CCC(=O)O)NC(=O)[C@H](CCC(=O)O)[n+]1[c-]n2ccccc2c1)C(=O)O,-11.2448,-9.272853
NC(=O)CC[C@H](NC(=O)[C@H](CCC(=O)O)NC(=O)[C@H](CO)[n+]1[c-]n2ccccc2c1)C(=O)O,-12.0593,-9.983452
NC(=O)CC[C@H](NC(=O)[C@H](CCC(=O)O)[n+]1[c-]n2ccccc2c1)C(=O)N[C@@H](CC(=O)O)C(=O)O,-19.6085,-12.619477
NC(=O)CC[C@H](NC(=O)[C@H](CCC(=O)O)[n+]1[c-]n2ccccc2c1)C(=O)N[C@@H](CC(N)=O)C(=O)O,-10.9739,-9.017915
NC(=O)CC[C@H](NC(=O)[C@H](CCC(=O)O)[n+]1[c-]n2ccccc2c1)C(=O)N[C@@H](CCC(=O)O)C(=O)O,-9.8668,-7.9745193
NC(=O)CC[C@H](NC(=O)[C@H](CCC(=O)O)[n+]1[c-]n2ccccc2c1)C(=O)N[C@@H](Cc1c[nH]cn1)C(=O)O,-15.0063,-9.046993
NC(=O)CC[C@H](NC(=O)[C@H](CCC(=O)O)[n+]1[c-]n2ccccc2c1)C(=O)N[C@@H](Cc1ccccc1)C(=O)O,-16.5694,-8.031883
NC(=O)CC[C@H](NC(=O)[C@H](CCC(N)=O)NC(=O)[C@H](CC(=O)O)[n+]1[c-]n2ccccc2c1)C(=O)O,-19.9091,-16.97279
NC(=O)CC[C@H](NC(=O)[C@H](CCC(N)=O)NC(=O)[C@H](CC(N)=O)[n+]1[c-]n2ccccc2c1)C(=O)O,-6.1693,-9.237596
NC(=O)CC[C@H](NC(=O)[C@H](CCC(N)=O)NC(=O)[C@H](CCC(N)=O)[n+]1[c-]n2ccccc2c1)C(=O)O,-12.9257,-10.858807
NC(=O)CC[C@H](NC(=O)[C@H](CCC(N)=O)[n+]1[c-]n2ccccc2c1)C(=O)N[C@@H](CC(=O)O)C(=O)O,-8.429,-11.177025
NC(=O)CC[C@H](NC(=O)[C@H](CCC(N)=O)[n+]1[c-]n2ccccc2c1)C(=O)N[C@@H](CS)C(=O)O,-18.623,-15.775297
NC(=O)CC[C@H](NC(=O)[C@H](CCC(N)=O)[n+]1[c-]n2ccccc2c1)C(=O)N[C@@H](Cc1c[nH]cn1)C(=O)O,-12.7402,-8.840959
NC(=O)CC[C@H](NC(=O)[C@H](CCC(N)=O)[n+]1[c-]n2ccccc2c1)C(=O)N[C@@H](Cc1ccc(O)cc1)C(=O)O,-13.6622,-10.506562
NC(=O)CC[C@H](NC(=O)[C@H](CO)NC(=O)[C@H](CCC(N)=O)[n+]1[c-]n2ccccc2c1)C(=O)O,-6.4495,-7.361773
NC(=O)CC[C@H](NC(=O)[C@H](CO)[n+]1[c-]n2ccccc2c1)C(=O)NCC(=O)O,-7.8369,-11.576767
NC(=O)CC[C@H](NC(=O)[C@H](CO)[n+]1[c-]n2ccccc2c1)C(=O)N[C@@H](CC(=O)O)C(=O)O,-13.8181,-10.700234
NC(=O)CC[C@H](NC(=O)[C@H](CO)[n+]1[c-]n2ccccc2c1)C(=O)N[C@@H](CC(N)=O)C(=O)O,-13.1653,-10.614336
NC(=O)CC[C@H](NC(=O)[C@H](CO)[n+]1[c-]n2ccccc2c1)C(=O)N[C@@H](CO)C(=O)O,-8.3204,-9.872139
NC(=O)CC[C@H](NC(=O)[C@H](CS)[n+]1[c-]n2ccccc2c1)C(=O)N[C@@H](CC(=O)O)C(=O)O,-16.4649,-9.44161
NC(=O)CC[C@H](NC(=O)[C@H](CS)[n+]1[c-]n2ccccc2c1)C(=O)N[C@@H](Cc1c[nH]c2ccccc12)C(=O)O,-9.2819,-12.479544
NC(=O)CC[C@H](NC(=O)[C@H](Cc1c[nH]c2ccccc12)NC(=O)[C@H](Cc1ccccc1)[n+]1[c-]n2ccccc2c1)C(=O)O,-14.3925,-14.498691
NC(=O)CC[C@H](NC(=O)[C@H](Cc1c[nH]c2ccccc12)[n+]1[c-]n2ccccc2c1)C(=O)N[C@@H](Cc1ccc(O)cc1)C(=O)O,-12.2487,-12.173958
NC(=O)CC[C@H](NC(=O)[C@H](Cc1c[nH]c2ccccc12)[n+]1[c-]n2ccccc2c1)C(=O)O,-8.1602,-6.0871
NC(=O)CC[C@H](NC(=O)[C@H](Cc1c[nH]cn1)NC(=O)C[n+]1[c-]n2ccccc2c1)C(=O)O,-15.6321,-12.623957
NC(=O)CC[C@H](NC(=O)[C@H](Cc1c[nH]cn1)NC(=O)[C@H](CCC(N)=O)[n+]1[c-]n2ccccc2c1)C(=O)O,-12.3849,-8.972668
NC(=O)CC[C@H](NC(=O)[C@H](Cc1c[nH]cn1)NC(=O)[C@H](Cc1c[nH]cn1)[n+]1[c-]n2ccccc2c1)C(=O)O,-14.7272,-7.8185863
NC(=O)CC[C@H](NC(=O)[C@H](Cc1c[nH]cn1)[n+]1[c-]n2ccccc2c1)C(=O)N1CCC[C@H]1C(=O)O,-13.2787,-7.4868627
NC(=O)CC[C@H](NC(=O)[C@H](Cc1c[nH]cn1)[n+]1[c-]n2ccccc2c1)C(=O)N[C@@H](Cc1c[nH]c2ccccc12)C(=O)O,-6.8052,-9.271751
NC(=O)CC[C@H](NC(=O)[C@H](Cc1c[nH]cn1)[n+]1[c-]n2ccccc2c1)C(=O)O,-13.3678,-8.81926
NC(=O)CC[C@H](NC(=O)[C@H](Cc1ccc(O)cc1)NC(=O)[C@H](CO)[n+]1[c-]n2ccccc2c1)C(=O)O,-13.7979,-10.611359
NC(=O)CC[C@H](NC(=O)[C@H](Cc1ccccc1)NC(=O)[C@H](CC(=O)O)[n+]1[c-]n2ccccc2c1)C(=O)O,-8.0284,-11.569784
NC(=O)CC[C@H](NC(=O)[C@H](Cc1ccccc1)NC(=O)[C@H](CCC(N)=O)[n+]1[c-]n2ccccc2c1)C(=O)O,-2.2977,-9.702397
NC(=O)CC[C@H](NC(=O)[C@H](Cc1ccccc1)NC(=O)[C@H](Cc1c[nH]cn1)[n+]1[c-]n2ccccc2c1)C(=O)O,-9.7937,-7.7926993
NC(=O)CC[C@H](NC(=O)[C@H](Cc1ccccc1)NC(=O)[C@H](Cc1ccccc1)[n+]1[c-]n2ccccc2c1)C(=O)O,-7.9466,-9.289142
NC(=O)CC[C@H](NC(=O)[C@H](Cc1ccccc1)[n+]1[c-]n2ccccc2c1)C(=O)N[C@@H](CCC(=O)O)C(=O)O,-17.1238,-11.27306
NC(=O)CC[C@H](NC(=O)[C@H](Cc1ccccc1)[n+]1[c-]n2ccccc2c1)C(=O)N[C@@H](Cc1c[nH]cn1)C(=O)O,-23.5964,-13.651569
NC(=O)CC[C@H](NC(=O)[C@H](Cc1ccccc1)[n+]1[c-]n2ccccc2c1)C(=O)N[C@@H](Cc1ccc(O)cc1)C(=O)O,-14.3898,-9.5193
NC(=O)C[C@@H](C(=O)N1CCC[C@H]1C(=O)N[C@@H](Cc1c[nH]c2ccccc12)C(=O)O)[n+]1[c-]n2ccccc2c1,-10.0828,-10.335761
NC(=O)C[C@@H](C(=O)NCC(=O)N1CCC[C@H]1C(=O)O)[n+]1[c-]n2ccccc2c1,-3.8474,-6.9411693
NC(=O)C[C@@H](C(=O)NCC(=O)O)[n+]1[c-]n2ccccc2c1,-6.1936,-5.618108
NC(=O)C[C@@H](C(=O)N[C@@H](CC(=O)O)C(=O)N1CCC[C@H]1C(=O)O)[n+]1[c-]n2ccccc2c1,-5.7191,-7.6933627
NC(=O)C[C@@H](C(=O)N[C@@H](CC(=O)O)C(=O)NCC(=O)O)[n+]1[c-]n2ccccc2c1,-4.8771,-5.937017
NC(=O)C[C@@H](C(=O)N[C@@H](CC(=O)O)C(=O)N[C@@H](CS)C(=O)O)[n+]1[c-]n2ccccc2c1,-11.8484,-7.763856
NC(=O)C[C@@H](C(=O)N[C@@H](CC(=O)O)C(=O)N[C@@H](Cc1c[nH]c2ccccc12)C(=O)O)[n+]1[c-]n2ccccc2c1,-9.1667,-9.743824
NC(=O)C[C@@H](C(=O)N[C@@H](CCC(=O)O)C(=O)N[C@@H](Cc1c[nH]c2ccccc12)C(=O)O)[n+]1[c-]n2ccccc2c1,-21.7099,-12.56892
NC(=O)C[C@@H](C(=O)N[C@@H](CCC(=O)O)C(=O)O)[n+]1[c-]n2ccccc2c1,-7.7566,-5.258902
NC(=O)C[C@@H](C(=O)N[C@@H](CS)C(=O)N[C@@H](CCC(=O)O)C(=O)O)[n+]1[c-]n2ccccc2c1,-14.6715,-11.147611
NC(=O)C[C@@H](C(=O)N[C@@H](CS)C(=O)N[C@@H](Cc1ccccc1)C(=O)O)[n+]1[c-]n2ccccc2c1,-4.47,-7.5191803
NC(=O)C[C@@H](C(=O)N[C@@H](Cc1c[nH]c2ccccc12)C(=O)NCC(=O)O)[n+]1[c-]n2ccccc2c1,-8.019,-7.9284368
NC(=O)C[C@@H](C(=O)N[C@@H](Cc1c[nH]c2ccccc12)C(=O)N[C@@H](CC(=O)O)C(=O)O)[n+]1[c-]n2ccccc2c1,-19.9835,-19.714054
NC(=O)C[C@@H](C(=O)N[C@@H](Cc1c[nH]c2ccccc12)C(=O)N[C@@H](CS)C(=O)O)[n+]1[c-]n2ccccc2c1,-4.0336,-9.679682
NC(=O)C[C@@H](C(=O)N[C@@H](Cc1c[nH]cn1)C(=O)N1CCC[C@H]1C(=O)O)[n+]1[c-]n2ccccc2c1,-7.8371,-9.095705
NC(=O)C[C@@H](C(=O)N[C@@H](Cc1c[nH]cn1)C(=O)N[C@@H](Cc1ccccc1)C(=O)O)[n+]1[c-]n2ccccc2c1,-14.1562,-10.871805
NC(=O)C[C@@H](C(=O)N[C@@H](Cc1ccc(O)cc1)C(=O)N1CCC[C@H]1C(=O)O)[n+]1[c-]n2ccccc2c1,-7.853,-6.128615
NC(=O)C[C@@H](C(=O)N[C@@H](Cc1ccc(O)cc1)C(=O)N[C@@H](CC(=O)O)C(=O)O)[n+]1[c-]n2ccccc2c1,-4.2482,-9.183811
NC(=O)C[C@@H](C(=O)N[C@@H](Cc1ccccc1)C(=O)N[C@@H](CC(=O)O)C(=O)O)[n+]1[c-]n2ccccc2c1,-9.4862,-9.689342
NC(=O)C[C@@H](C(=O)N[C@@H](Cc1ccccc1)C(=O)N[C@@H](CO)C(=O)O)[n+]1[c-]n2ccccc2c1,-9.0798,-10.245871
NC(=O)C[C@@H](C(=O)N[C@@H](Cc1ccccc1)C(=O)N[C@@H](CS)C(=O)O)[n+]1[c-]n2ccccc2c1,-12.4822,-8.992512
NC(=O)C[C@@H](C(=O)O)[n+]1[c-]n2ccccc2c1,-3.6334,-4.858465
NC(=O)C[C@H](NC(=O)CNC(=O)[C@H](CC(=O)O)[n+]1[c-]n2ccccc2c1)C(=O)O,-11.709,-8.38489
NC(=O)C[C@H](NC(=O)CNC(=O)[C@H](CCC(=O)O)[n+]1[c-]n2ccccc2c1)C(=O)O,-13.1508,-10.837303
NC(=O)C[C@H](NC(=O)C[n+]1[c-]n2ccccc2c1)C(=O)N[C@@H](CO)C(=O)O,-11.7824,-12.16545
NC(=O)C[C@H](NC(=O)C[n+]1[c-]n2ccccc2c1)C(=O)N[C@@H](Cc1c[nH]c2ccccc12)C(=O)O,-12.4534,-13.858124
NC(=O)C[C@H](NC(=O)[C@H](CC(=O)O)NC(=O)[C@H](CO)[n+]1[c-]n2ccccc2c1)C(=O)O,-12.3179,-11.733034
NC(=O)C[C@H](NC(=O)[C@H](CC(=O)O)NC(=O)[C@H](CS)[n+]1[c-]n2ccccc2c1)C(=O)O,-9.8631,-7.3266206
NC(=O)C[C@H](NC(=O)[C@H](CC(=O)O)[n+]1[c-]n2ccccc2c1)C(=O)N[C@@H](Cc1ccccc1)C(=O)O,-6.7034,-5.7745075
NC(=O)C[C@H](NC(=O)[C@H](CC(N)=O)NC(=O)C[n+]1[c-]n2ccccc2c1)C(=O)O,-14.3007,-16.665161
NC(=O)C[C@H](NC(=O)[C@H](CC(N)=O)NC(=O)[C@H](CC(=O)O)[n+]1[c-]n2ccccc2c1)C(=O)O,-17.4959,-17.041222
NC(=O)C[C@H](NC(=O)[C@H](CC(N)=O)NC(=O)[C@H](Cc1ccccc1)[n+]1[c-]n2ccccc2c1)C(=O)O,-15.5246,-10.488153
NC(=O)C[C@H](NC(=O)[C@H](CCC(=O)O)NC(=O)[C@H](Cc1c[nH]cn1)[n+]1[c-]n2ccccc2c1)C(=O)O,-4.8498,-9.431725
NC(=O)C[C@H](NC(=O)[C@H](CO)NC(=O)[C@H](CC(N)=O)[n+]1[c-]n2ccccc2c1)C(=O)O,-16.9065,-10.522745
NC(=O)C[C@H](NC(=O)[C@H](CO)NC(=O)[C@H](CCC(=O)O)[n+]1[c-]n2ccccc2c1)C(=O)O,-11.6754,-6.589525
NC(=O)C[C@H](NC(=O)[C@H](CO)NC(=O)[C@H](Cc1ccc(O)cc1)[n+]1[c-]n2ccccc2c1)C(=O)O,-12.153,-11.149997
NC(=O)C[C@H](NC(=O)[C@H](CO)NC(=O)[C@H](Cc1ccccc1)[n+]1[c-]n2ccccc2c1)C(=O)O,-15.285,-10.111893
NC(=O)C[C@H](NC(=O)[C@H](CO)[n+]1[c-]n2ccccc2c1)C(=O)N[C@@H](CC(=O)O)C(=O)O,-13.7316,-8.917479
NC(=O)C[C@H](NC(=O)[C@H](CO)[n+]1[c-]n2ccccc2c1)C(=O)N[C@@H](CO)C(=O)O,-9.7804,-9.067646
NC(=O)C[C@H](NC(=O)[C@H](CO)[n+]1[c-]n2ccccc2c1)C(=O)N[C@@H](Cc1c[nH]cn1)C(=O)O,-8.2743,-10.98495
NC(=O)C[C@H](NC(=O)[C@H](CS)[n+]1[c-]n2ccccc2c1)C(=O)N[C@@H](CCC(=O)O)C(=O)O,-11.7729,-17.155125
NC(=O)C[C@H](NC(=O)[C@H](CS)[n+]1[c-]n2ccccc2c1)C(=O)N[C@@H](Cc1ccccc1)C(=O)O,-9.6428,-9.359191
NC(=O)C[C@H](NC(=O)[C@H](CS)[n+]1[c-]n2ccccc2c1)C(=O)O,-7.4972,-7.943071
NC(=O)C[C@H](NC(=O)[C@H](Cc1c[nH]c2ccccc12)NC(=O)[C@H](Cc1ccc(O)cc1)[n+]1[c-]n2ccccc2c1)C(=O)O,-14.4409,-11.120829
NC(=O)C[C@H](NC(=O)[C@H](Cc1c[nH]c2ccccc12)[n+]1[c-]n2ccccc2c1)C(=O)N[C@@H](Cc1c[nH]cn1)C(=O)O,-12.5441,-13.755396
NC(=O)C[C@H](NC(=O)[C@H](Cc1c[nH]c2ccccc12)[n+]1[c-]n2ccccc2c1)C(=O)O,-10.0096,-7.0046873
NC(=O)C[C@H](NC(=O)[C@H](Cc1c[nH]cn1)NC(=O)[C@H](CC(=O)O)[n+]1[c-]n2ccccc2c1)C(=O)O,-6.7858,-12.78369
NC(=O)C[C@H](NC(=O)[C@H](Cc1c[nH]cn1)NC(=O)[C@H](CS)[n+]1[c-]n2ccccc2c1)C(=O)O,-10.7924,-7.779787
NC(=O)C[C@H](NC(=O)[C@H](Cc1ccc(O)cc1)NC(=O)[C@H](CC(=O)O)[n+]1[c-]n2ccccc2c1)C(=O)O,-13.314,-9.325552
NC(=O)C[C@H](NC(=O)[C@H](Cc1ccc(O)cc1)NC(=O)[C@H](Cc1c[nH]cn1)[n+]1[c-]n2ccccc2c1)C(=O)O,-12.4731,-11.716164
NC(=O)C[C@H](NC(=O)[C@H](Cc1ccc(O)cc1)[n+]1[c-]n2ccccc2c1)C(=O)N[C@@H](CCC(=O)O)C(=O)O,-9.8557,-8.87181
NC(=O)C[C@H](NC(=O)[C@H](Cc1ccc(O)cc1)[n+]1[c-]n2ccccc2c1)C(=O)N[C@@H](CS)C(=O)O,-10.6338,-8.654489
NC(=O)C[C@H](NC(=O)[C@H](Cc1ccccc1)NC(=O)C[n+]1[c-]n2ccccc2c1)C(=O)O,-19.7289,-14.254917
NC(=O)C[C@H](NC(=O)[C@H](Cc1ccccc1)NC(=O)[C@H](CC(=O)O)[n+]1[c-]n2ccccc2c1)C(=O)O,-13.098,-12.526767
NC(=O)C[C@H](NC(=O)[C@H](Cc1ccccc1)NC(=O)[C@H](CCC(=O)O)[n+]1[c-]n2ccccc2c1)C(=O)O,-10.37,-11.7554
NC(=O)C[C@H](NC(=O)[C@H](Cc1ccccc1)NC(=O)[C@H](Cc1ccccc1)[n+]1[c-]n2ccccc2c1)C(=O)O,-15.5935,-12.229868
NC(=O)C[C@H](NC(=O)[C@H](Cc1ccccc1)[n+]1[c-]n2ccccc2c1)C(=O)N[C@@H](CCC(=O)O)C(=O)O,-14.1841,-10.873098
NC(=O)C[C@H](NC(=O)[C@H](Cc1ccccc1)[n+]1[c-]n2ccccc2c1)C(=O)N[C@@H](Cc1ccc(O)cc1)C(=O)O,-8.7654,-9.808886
NC(=O)C[C@H](NC(=O)[C@H](Cc1ccccc1)[n+]1[c-]n2ccccc2c1)C(=O)O,-11.1493,-7.748616
O=C(CNC(=O)[C@H](CO)[n+]1[c-]n2ccccc2c1)N[C@@H](Cc1ccc(O)cc1)C(=O)O,-10.2617,-10.186356
O=C(CNC(=O)[C@H](CS)[n+]1[c-]n2ccccc2c1)N[C@@H](CO)C(=O)O,-8.921,-7.347487
O=C(CNC(=O)[C@H](CS)[n+]1[c-]n2ccccc2c1)N[C@@H](CS)C(=O)O,-9.0991,-8.323146
O=C(CNC(=O)[C@H](CS)[n+]1[c-]n2ccccc2c1)N[C@@H](Cc1c[nH]c2ccccc12)C(=O)O,-12.7514,-9.893728
O=C(CNC(=O)[C@H](Cc1c[nH]c2ccccc12)[n+]1[c-]n2ccccc2c1)N[C@@H](CO)C(=O)O,-5.9056,-7.632365
O=C(CNC(=O)[C@H](Cc1c[nH]c2ccccc12)[n+]1[c-]n2ccccc2c1)N[C@@H](Cc1ccccc1)C(=O)O,-5.8503,-6.0413446
O=C(CNC(=O)[C@H](Cc1c[nH]cn1)[n+]1[c-]n2ccccc2c1)N[C@@H](Cc1c[nH]cn1)C(=O)O,-7.1207,-9.649241
O=C(CNC(=O)[C@H](Cc1c[nH]cn1)[n+]1[c-]n2ccccc2c1)N[C@@H](Cc1ccc(O)cc1)C(=O)O,-12.1127,-7.479783
O=C(CNC(=O)[C@H](Cc1ccc(O)cc1)[n+]1[c-]n2ccccc2c1)N[C@@H](Cc1ccc(O)cc1)C(=O)O,-18.4207,-11.856581
O=C(CNC(=O)[C@H](Cc1ccc(O)cc1)[n+]1[c-]n2ccccc2c1)N[C@@H](Cc1ccccc1)C(=O)O,-14.5868,-11.079282
O=C(CNC(=O)[C@H](Cc1ccccc1)[n+]1[c-]n2ccccc2c1)N[C@@H](CS)C(=O)O,-11.8034,-10.527256
O=C(C[n+]1[c-]n2ccccc2c1)NCC(=O)N1CCC[C@H]1C(=O)O,-10.7374,-10.663271
O=C(C[n+]1[c-]n2ccccc2c1)NCC(=O)N[C@@H](Cc1ccc(O)cc1)C(=O)O,-16.4483,-13.851685
O=C(C[n+]1[c-]n2ccccc2c1)NCC(=O)N[C@@H](Cc1ccccc1)C(=O)O,-8.1729,-9.574914
O=C(C[n+]1[c-]n2ccccc2c1)N[C@@H](CS)C(=O)N[C@@H](Cc1ccc(O)cc1)C(=O)O,-10.4601,-12.228366
O=C(C[n+]1[c-]n2ccccc2c1)N[C@@H](CS)C(=O)O,-8.6294,-9.134184
O=C(C[n+]1[c-]n2ccccc2c1)N[C@@H](Cc1c[nH]cn1)C(=O)N[C@@H](Cc1c[nH]c2ccccc12)C(=O)O,-15.1078,-13.288951
O=C(C[n+]1[c-]n2ccccc2c1)N[C@@H](Cc1c[nH]cn1)C(=O)O,-7.4605,-8.341871
O=C(C[n+]1[c-]n2ccccc2c1)N[C@@H](Cc1ccccc1)C(=O)N[C@@H](Cc1c[nH]c2ccccc12)C(=O)O,-14.177,-13.934179
O=C(O)CC[C@@H](C(=O)N1CCC[C@H]1C(=O)NCC(=O)O)[n+]1[c-]n2ccccc2c1,-4.0654,-6.1002097
O=C(O)CC[C@@H](C(=O)N1CCC[C@H]1C(=O)N[C@@H](CO)C(=O)O)[n+]1[c-]n2ccccc2c1,-8.4298,-7.067414
O=C(O)CC[C@@H](C(=O)N1CCC[C@H]1C(=O)N[C@@H](Cc1c[nH]cn1)C(=O)O)[n+]1[c-]n2ccccc2c1,-1.5841,-7.428932
O=C(O)CC[C@@H](C(=O)N1CCC[C@H]1C(=O)N[C@@H](Cc1ccc(O)cc1)C(=O)O)[n+]1[c-]n2ccccc2c1,-4.1045,-7.6757507
O=C(O)CC[C@@H](C(=O)NCC(=O)NCC(=O)O)[n+]1[c-]n2ccccc2c1,-11.0693,-7.715664
O=C(O)CC[C@@H](C(=O)NCC(=O)N[C@@H](Cc1c[nH]cn1)C(=O)O)[n+]1[c-]n2ccccc2c1,-12.9811,-10.806988
O=C(O)CC[C@@H](C(=O)NCC(=O)N[C@@H](Cc1ccccc1)C(=O)O)[n+]1[c-]n2ccccc2c1,-2.6391,-4.143277
O=C(O)CC[C@@H](C(=O)NCC(=O)O)[n+]1[c-]n2ccccc2c1,-3.5348,-4.423444
O=C(O)CC[C@@H](C(=O)N[C@@H](CC(=O)O)C(=O)N1CCC[C@H]1C(=O)O)[n+]1[c-]n2ccccc2c1,-14.6362,-9.589507
O=C(O)CC[C@@H](C(=O)N[C@@H](CC(=O)O)C(=O)N[C@@H](CO)C(=O)O)[n+]1[c-]n2ccccc2c1,-4.7678,-6.3627768
O=C(O)CC[C@@H](C(=O)N[C@@H](CO)C(=O)N[C@@H](Cc1ccccc1)C(=O)O)[n+]1[c-]n2ccccc2c1,-7.6338,-10.8935585
O=C(O)CC[C@@H](C(=O)N[C@@H](CS)C(=O)N[C@@H](CC(=O)O)C(=O)O)[n+]1[c-]n2ccccc2c1,-7.5514,-10.736464
O=C(O)CC[C@@H](C(=O)N[C@@H](CS)C(=O)N[C@@H](Cc1c[nH]cn1)C(=O)O)[n+]1[c-]n2ccccc2c1,-5.188,-11.172016
O=C(O)CC[C@@H](C(=O)N[C@@H](CS)C(=O)N[C@@H](Cc1ccccc1)C(=O)O)[n+]1[c-]n2ccccc2c1,-4.8943,-7.059002
O=C(O)CC[C@@H](C(=O)N[C@@H](CS)C(=O)O)[n+]1[c-]n2ccccc2c1,-5.0663,-5.1683946
O=C(O)CC[C@@H](C(=O)N[C@@H](Cc1c[nH]c2ccccc12)C(=O)N1CCC[C@H]1C(=O)O)[n+]1[c-]n2ccccc2c1,-14.048,-13.630571
O=C(O)CC[C@@H](C(=O)N[C@@H](Cc1c[nH]c2ccccc12)C(=O)N[C@@H](CC(=O)O)C(=O)O)[n+]1[c-]n2ccccc2c1,-2.6588,-11.34288
O=C(O)CC[C@@H](C(=O)N[C@@H](Cc1c[nH]cn1)C(=O)N1CCC[C@H]1C(=O)O)[n+]1[c-]n2ccccc2c1,-7.5228,-9.461357
O=C(O)CC[C@@H](C(=O)N[C@@H](Cc1c[nH]cn1)C(=O)NCC(=O)O)[n+]1[c-]n2ccccc2c1,-6.992,-11.148295
O=C(O)CC[C@@H](C(=O)N[C@@H](Cc1c[nH]cn1)C(=O)N[C@@H](Cc1ccccc1)C(=O)O)[n+]1[c-]n2ccccc2c1,-0.5393,-7.2061253
O=C(O)CC[C@@H](C(=O)N[C@@H](Cc1ccc(O)cc1)C(=O)N[C@@H](Cc1c[nH]c2ccccc12)C(=O)O)[n+]1[c-]n2ccccc2c1,-13.5738,-12.518307
O=C(O)CC[C@@H](C(=O)N[C@@H](Cc1ccc(O)cc1)C(=O)N[C@@H](Cc1c[nH]cn1)C(=O)O)[n+]1[c-]n2ccccc2c1,-7.7276,-8.721735
O=C(O)CC[C@@H](C(=O)N[C@@H](Cc1ccccc1)C(=O)N[C@@H](Cc1ccccc1)C(=O)O)[n+]1[c-]n2ccccc2c1,-1.2092,-7.2899485
O=C(O)CC[C@H](NC(=O)CNC(=O)[C@H](Cc1ccc(O)cc1)[n+]1[c-]n2ccccc2c1)C(=O)O,-15.0866,-7.0458336
O=C(O)CC[C@H](NC(=O)CNC(=O)[C@H](Cc1ccccc1)[n+]1[c-]n2ccccc2c1)C(=O)O,-12.8801,-10.956192
O=C(O)CC[C@H](NC(=O)[C@@H]1CCCN1C(=O)[C@H](Cc1c[nH]cn1)[n+]1[c-]n2ccccc2c1)C(=O)O,-7.201,-7.006069
O=C(O)CC[C@H](NC(=O)[C@H](CC(=O)O)[n+]1[c-]n2ccccc2c1)C(=O)N[C@@H](Cc1c[nH]cn1)C(=O)O,-21.7487,-12.267728
O=C(O)CC[C@H](NC(=O)[C@H](CCC(=O)O)NC(=O)[C@H](CO)[n+]1[c-]n2ccccc2c1)C(=O)O,-10.2017,-7.136095
O=C(O)CC[C@H](NC(=O)[C@H](CCC(=O)O)NC(=O)[C@H](Cc1c[nH]c2ccccc12)[n+]1[c-]n2ccccc2c1)C(=O)O,-9.6412,-8.872612
O=C(O)CC[C@H](NC(=O)[C@H](CCC(=O)O)NC(=O)[C@H](Cc1ccccc1)[n+]1[c-]n2ccccc2c1)C(=O)O,-12.8056,-7.1204944
O=C(O)CC[C@H](NC(=O)[C@H](CCC(=O)O)[n+]1[c-]n2ccccc2c1)C(=O)N[C@@H](CC(=O)O)C(=O)O,-14.894,-11.590897
O=C(O)CC[C@H](NC(=O)[C@H](CCC(=O)O)[n+]1[c-]n2ccccc2c1)C(=O)N[C@@H](CO)C(=O)O,-11.4309,-10.380739
O=C(O)CC[C@H](NC(=O)[C@H](CCC(=O)O)[n+]1[c-]n2ccccc2c1)C(=O)N[C@@H](Cc1c[nH]cn1)C(=O)O,-15.1963,-9.987331
O=C(O)CC[C@H](NC(=O)[C@H](CO)NC(=O)C[n+]1[c-]n2ccccc2c1)C(=O)O,-12.6336,-13.276727
O=C(O)CC[C@H](NC(=O)[C@H](CO)NC(=O)[C@H](CCC(=O)O)[n+]1[c-]n2ccccc2c1)C(=O)O,-10.7271,-12.906565
O=C(O)CC[C@H](NC(=O)[C@H](CO)NC(=O)[C@H](CS)[n+]1[c-]n2ccccc2c1)C(=O)O,-10.906,-8.742557
O=C(O)CC[C@H](NC(=O)[C@H](CS)NC(=O)[C@H](CO)[n+]1[c-]n2ccccc2c1)C(=O)O,-20.3095,-13.758371
O=C(O)CC[C@H](NC(=O)[C@H](CS)NC(=O)[C@H](Cc1c[nH]cn1)[n+]1[c-]n2ccccc2c1)C(=O)O,-14.1453,-9.200354
O=C(O)CC[C@H](NC(=O)[C@H](CS)[n+]1[c-]n2ccccc2c1)C(=O)O,-9.9725,-4.9774666
O=C(O)CC[C@H](NC(=O)[C@H](Cc1c[nH]c2ccccc12)NC(=O)C[n+]1[c-]n2ccccc2c1)C(=O)O,-13.0554,-14.648581
O=C(O)CC[C@H](NC(=O)[C@H](Cc1c[nH]c2ccccc12)NC(=O)[C@H](CO)[n+]1[c-]n2ccccc2c1)C(=O)O,-12.7252,-10.358368
O=C(O)CC[C@H](NC(=O)[C@H](Cc1c[nH]c2ccccc12)[n+]1[c-]n2ccccc2c1)C(=O)N[C@@H](Cc1c[nH]c2ccccc12)C(=O)O,9.0567,-13.407668
O=C(O)CC[C@H](NC(=O)[C@H](Cc1c[nH]cn1)NC(=O)[C@H](CC(=O)O)[n+]1[c-]n2ccccc2c1)C(=O)O,-14.4793,-8.785263
O=C(O)CC[C@H](NC(=O)[C@H](Cc1c[nH]cn1)NC(=O)[C@H](CO)[n+]1[c-]n2ccccc2c1)C(=O)O,-9.5693,-8.500213
O=C(O)CC[C@H](NC(=O)[C@H](Cc1c[nH]cn1)NC(=O)[C@H](CS)[n+]1[c-]n2ccccc2c1)C(=O)O,-15.2719,-8.115378
O=C(O)CC[C@H](NC(=O)[C@H](Cc1c[nH]cn1)[n+]1[c-]n2ccccc2c1)C(=O)N[C@@H](CO)C(=O)O,-10.4938,-9.535615
O=C(O)CC[C@H](NC(=O)[C@H](Cc1c[nH]cn1)[n+]1[c-]n2ccccc2c1)C(=O)N[C@@H](CS)C(=O)O,-5.0722,-8.690532
O=C(O)CC[C@H](NC(=O)[C@H](Cc1c[nH]cn1)[n+]1[c-]n2ccccc2c1)C(=O)N[C@@H](Cc1c[nH]c2ccccc12)C(=O)O,-15.3569,-12.759392
O=C(O)CC[C@H](NC(=O)[C@H](Cc1c[nH]cn1)[n+]1[c-]n2ccccc2c1)C(=O)N[C@@H](Cc1c[nH]cn1)C(=O)O,-11.5649,-8.365486
O=C(O)CC[C@H](NC(=O)[C@H](Cc1ccc(O)cc1)NC(=O)[C@H](CO)[n+]1[c-]n2ccccc2c1)C(=O)O,-7.6468,-9.889179
O=C(O)CC[C@H](NC(=O)[C@H](Cc1ccc(O)cc1)NC(=O)[C@H](Cc1ccc(O)cc1)[n+]1[c-]n2ccccc2c1)C(=O)O,-20.2106,-9.420928
O=C(O)CC[C@H](NC(=O)[C@H](Cc1ccc(O)cc1)[n+]1[c-]n2ccccc2c1)C(=O)N1CCC[C@H]1C(=O)O,-6.713,-6.04737
O=C(O)CC[C@H](NC(=O)[C@H](Cc1ccccc1)NC(=O)[C@H](CCC(=O)O)[n+]1[c-]n2ccccc2c1)C(=O)O,-11.5215,-5.9585824
O=C(O)CC[C@H](NC(=O)[C@H](Cc1ccccc1)NC(=O)[C@H](Cc1c[nH]c2ccccc12)[n+]1[c-]n2ccccc2c1)C(=O)O,-10.1798,-13.177657
O=C(O)CC[C@H](NC(=O)[C@H](Cc1ccccc1)NC(=O)[C@H](Cc1c[nH]cn1)[n+]1[c-]n2ccccc2c1)C(=O)O,-5.6637,-11.237375
O=C(O)CC[C@H](NC(=O)[C@H](Cc1ccccc1)NC(=O)[C@H](Cc1ccccc1)[n+]1[c-]n2ccccc2c1)C(=O)O,-6.159,-10.197168
O=C(O)CC[C@H](NC(=O)[C@H](Cc1ccccc1)[n+]1[c-]n2ccccc2c1)C(=O)N1CCC[C@H]1C(=O)O,-7.6439,-9.02295
O=C(O)CC[C@H](NC(=O)[C@H](Cc1ccccc1)[n+]1[c-]n2ccccc2c1)C(=O)N[C@@H](Cc1ccccc1)C(=O)O,-15.9613,-9.659735
O=C(O)CC[C@H](NC(=O)[C@H](Cc1ccccc1)[n+]1[c-]n2ccccc2c1)C(=O)O,-12.3579,-9.866674
O=C(O)CNC(=O)CNC(=O)[C@H](Cc1c[nH]cn1)[n+]1[c-]n2ccccc2c1,-9.3407,-7.1575108
O=C(O)CNC(=O)[C@@H]1CCCN1C(=O)[C@H](Cc1ccccc1)[n+]1[c-]n2ccccc2c1,-4.6905,-9.854606
O=C(O)CNC(=O)[C@H](CC(=O)O)NC(=O)[C@H](CS)[n+]1[c-]n2ccccc2c1,-0.653,-3.446828
O=C(O)CNC(=O)[C@H](CS)NC(=O)C[n+]1[c-]n2ccccc2c1,-12.3255,-9.785816
O=C(O)CNC(=O)[C@H](CS)NC(=O)[C@H](CS)[n+]1[c-]n2ccccc2c1,-4.2726,-4.2051854
O=C(O)CNC(=O)[C@H](CS)NC(=O)[C@H](Cc1c[nH]c2ccccc12)[n+]1[c-]n2ccccc2c1,-4.5347,-10.763858
O=C(O)CNC(=O)[C@H](CS)NC(=O)[C@H](Cc1c[nH]cn1)[n+]1[c-]n2ccccc2c1,-5.3457,-7.772888
O=C(O)CNC(=O)[C@H](Cc1c[nH]c2ccccc12)NC(=O)[C@H](CO)[n+]1[c-]n2ccccc2c1,-3.46,-6.513651
O=C(O)CNC(=O)[C@H](Cc1c[nH]c2ccccc12)NC(=O)[C@H](Cc1c[nH]c2ccccc12)[n+]1[c-]n2ccccc2c1,-7.0396,-7.685356
O=C(O)CNC(=O)[C@H](Cc1c[nH]cn1)NC(=O)[C@H](Cc1c[nH]cn1)[n+]1[c-]n2ccccc2c1,-5.9256,-7.1056223
O=C(O)CNC(=O)[C@H](Cc1ccc(O)cc1)NC(=O)[C@H](Cc1c[nH]c2ccccc12)[n+]1[c-]n2ccccc2c1,-9.7876,-6.3090467
O=C(O)CNC(=O)[C@H](Cc1ccccc1)NC(=O)C[n+]1[c-]n2ccccc2c1,-5.2049,-9.158143
O=C(O)CNC(=O)[C@H](Cc1ccccc1)NC(=O)[C@H](CO)[n+]1[c-]n2ccccc2c1,-3.007,-5.6654973
O=C(O)C[C@@H](C(=O)N1CCC[C@H]1C(=O)N1CCC[C@H]1C(=O)O)[n+]1[c-]n2ccccc2c1,-8.7115,-7.9309583
O=C(O)C[C@@H](C(=O)N1CCC[C@H]1C(=O)N[C@@H](Cc1ccccc1)C(=O)O)[n+]1[c-]n2ccccc2c1,-0.5437,-5.0091705
O=C(O)C[C@@H](C(=O)N1CCC[C@H]1C(=O)O)[n+]1[c-]n2ccccc2c1,-8.93,-4.697957
O=C(O)C[C@@H](C(=O)NCC(=O)N[C@@H](Cc1c[nH]cn1)C(=O)O)[n+]1[c-]n2ccccc2c1,-8.6012,-8.341219
O=C(O)C[C@@H](C(=O)N[C@@H](CO)C(=O)N[C@@H](Cc1c[nH]cn1)C(=O)O)[n+]1[c-]n2ccccc2c1,-3.8321,-7.7064734
O=C(O)C[C@@H](C(=O)N[C@@H](CS)C(=O)N1CCC[C@H]1C(=O)O)[n+]1[c-]n2ccccc2c1,-2.992,-5.8007517
O=C(O)C[C@@H](C(=O)N[C@@H](Cc1c[nH]c2ccccc12)C(=O)N[C@@H](CS)C(=O)O)[n+]1[c-]n2ccccc2c1,-7.5842,-4.156707
O=C(O)C[C@@H](C(=O)N[C@@H](Cc1c[nH]c2ccccc12)C(=O)N[C@@H](Cc1c[nH]cn1)C(=O)O)[n+]1[c-]n2ccccc2c1,-12.511,-12.220628
O=C(O)C[C@@H](C(=O)N[C@@H](Cc1c[nH]cn1)C(=O)N[C@@H](Cc1c[nH]c2ccccc12)C(=O)O)[n+]1[c-]n2ccccc2c1,-6.0219,-8.654355
O=C(O)C[C@@H](C(=O)N[C@@H](Cc1c[nH]cn1)C(=O)N[C@@H](Cc1c[nH]cn1)C(=O)O)[n+]1[c-]n2ccccc2c1,-14.0476,-13.515436
O=C(O)C[C@@H](C(=O)N[C@@H](Cc1c[nH]cn1)C(=O)O)[n+]1[c-]n2ccccc2c1,-8.1347,-8.832134
O=C(O)C[C@@H](C(=O)N[C@@H](Cc1ccccc1)C(=O)N1CCC[C@H]1C(=O)O)[n+]1[c-]n2ccccc2c1,-11.0748,-9.425499
O=C(O)C[C@@H](C(=O)N[C@@H](Cc1ccccc1)C(=O)N[C@@H](CS)C(=O)O)[n+]1[c-]n2ccccc2c1,-5.1967,-9.119167
O=C(O)C[C@@H](C(=O)N[C@@H](Cc1ccccc1)C(=O)N[C@@H](Cc1ccccc1)C(=O)O)[n+]1[c-]n2ccccc2c1,0.1581,-5.969146
O=C(O)C[C@H](NC(=O)CNC(=O)[C@H](Cc1ccc(O)cc1)[n+]1[c-]n2ccccc2c1)C(=O)O,-8.8382,-10.456018
O=C(O)C[C@H](NC(=O)[C@@H]1CCCN1C(=O)[C@H](CO)[n+]1[c-]n2ccccc2c1)C(=O)O,-6.2034,-9.600074
O=C(O)C[C@H](NC(=O)[C@H](CC(=O)O)NC(=O)C[n+]1[c-]n2ccccc2c1)C(=O)O,-14.3427,-13.107025
O=C(O)C[C@H](NC(=O)[C@H](CC(=O)O)NC(=O)[C@H](CC(=O)O)[n+]1[c-]n2ccccc2c1)C(=O)O,-7.5583,-10.521209
O=C(O)C[C@H](NC(=O)[C@H](CC(=O)O)NC(=O)[C@H](CO)[n+]1[c-]n2ccccc2c1)C(=O)O,-10.7783,-7.0416074
O=C(O)C[C@H](NC(=O)[C@H](CC(=O)O)NC(=O)[C@H](Cc1ccc(O)cc1)[n+]1[c-]n2ccccc2c1)C(=O)O,-8.0023,-9.404266
O=C(O)C[C@H](NC(=O)[C@H](CC(=O)O)[n+]1[c-]n2ccccc2c1)C(=O)N[C@@H](CO)C(=O)O,-5.1948,-9.500105
O=C(O)C[C@H](NC(=O)[C@H](CC(=O)O)[n+]1[c-]n2ccccc2c1)C(=O)N[C@@H](CS)C(=O)O,-5.4532,-6.0680137
O=C(O)C[C@H](NC(=O)[C@H](CC(=O)O)[n+]1[c-]n2ccccc2c1)C(=O)N[C@@H](Cc1ccccc1)C(=O)O,-8.2573,-10.182297
O=C(O)C[C@H](NC(=O)[C@H](CO)NC(=O)[C@H](CS)[n+]1[c-]n2ccccc2c1)C(=O)O,-7.7551,-7.5300937
O=C(O)C[C@H](NC(=O)[C@H](CO)NC(=O)[C@H](Cc1ccc(O)cc1)[n+]1[c-]n2ccccc2c1)C(=O)O,-9.6003,-10.707218
O=C(O)C[C@H](NC(=O)[C@H](CO)[n+]1[c-]n2ccccc2c1)C(=O)N[C@@H](CS)C(=O)O,-9.3934,-7.692937
O=C(O)C[C@H](NC(=O)[C@H](CO)[n+]1[c-]n2ccccc2c1)C(=O)N[C@@H](Cc1c[nH]cn1)C(=O)O,-9.4922,-7.9708233
O=C(O)C[C@H](NC(=O)[C@H](CO)[n+]1[c-]n2ccccc2c1)C(=O)N[C@@H](Cc1ccccc1)C(=O)O,-7.5418,-6.500799
O=C(O)C[C@H](NC(=O)[C@H](CS)NC(=O)[C@H](CS)[n+]1[c-]n2ccccc2c1)C(=O)O,-8.8774,-10.0315895
O=C(O)C[C@H](NC(=O)[C@H](CS)[n+]1[c-]n2ccccc2c1)C(=O)O,-7.9536,-6.5712595
O=C(O)C[C@H](NC(=O)[C@H](Cc1c[nH]c2ccccc12)NC(=O)C[n+]1[c-]n2ccccc2c1)C(=O)O,-11.7598,-12.549243
O=C(O)C[C@H](NC(=O)[C@H](Cc1c[nH]c2ccccc12)NC(=O)[C@H](Cc1c[nH]c2ccccc12)[n+]1[c-]n2ccccc2c1)C(=O)O,-13.2655,-6.1731377
O=C(O)C[C@H](NC(=O)[C@H](Cc1c[nH]c2ccccc12)[n+]1[c-]n2ccccc2c1)C(=O)N1CCC[C@H]1C(=O)O,-8.2709,-5.6410604
O=C(O)C[C@H](NC(=O)[C@H](Cc1c[nH]c2ccccc12)[n+]1[c-]n2ccccc2c1)C(=O)N[C@@H](CS)C(=O)O,-12.3683,-9.735128
O=C(O)C[C@H](NC(=O)[C@H](Cc1c[nH]c2ccccc12)[n+]1[c-]n2ccccc2c1)C(=O)N[C@@H](Cc1c[nH]c2ccccc12)C(=O)O,-6.0341,-11.153915
O=C(O)C[C@H](NC(=O)[C@H](Cc1c[nH]cn1)NC(=O)[C@H](CC(=O)O)[n+]1[c-]n2ccccc2c1)C(=O)O,-6.3488,-11.00009
O=C(O)C[C@H](NC(=O)[C@H](Cc1c[nH]cn1)[n+]1[c-]n2ccccc2c1)C(=O)N[C@@H](CO)C(=O)O,-7.0487,-10.591038
O=C(O)C[C@H](NC(=O)[C@H](Cc1c[nH]cn1)[n+]1[c-]n2ccccc2c1)C(=O)N[C@@H](Cc1ccccc1)C(=O)O,-2.0467,-12.386543
O=C(O)C[C@H](NC(=O)[C@H](Cc1c[nH]cn1)[n+]1[c-]n2ccccc2c1)C(=O)O,-7.6235,-9.14532
O=C(O)C[C@H](NC(=O)[C@H](Cc1ccc(O)cc1)NC(=O)[C@H](Cc1c[nH]cn1)[n+]1[c-]n2ccccc2c1)C(=O)O,-4.9428,-10.239312
O=C(O)C[C@H](NC(=O)[C@H](Cc1ccc(O)cc1)[n+]1[c-]n2ccccc2c1)C(=O)N1CCC[C@H]1C(=O)O,-4.998,-6.6135883
O=C(O)C[C@H](NC(=O)[C@H](Cc1ccccc1)NC(=O)C[n+]1[c-]n2ccccc2c1)C(=O)O,-11.6159,-11.498227
O=C(O)C[C@H](NC(=O)[C@H](Cc1ccccc1)NC(=O)[C@H](Cc1ccc(O)cc1)[n+]1[c-]n2ccccc2c1)C(=O)O,-7.6984,-11.24116
O=C(O)C[C@H](NC(=O)[C@H](Cc1ccccc1)[n+]1[c-]n2ccccc2c1)C(=O)N[C@@H](CS)C(=O)O,-11.5708,-9.3197155
O=C(O)C[C@H](NC(=O)[C@H](Cc1ccccc1)[n+]1[c-]n2ccccc2c1)C(=O)N[C@@H](Cc1ccc(O)cc1)C(=O)O,-13.3335,-12.113615
O=C(O)[C@@H]1CCCN1C(=O)[C@@H]1CCCN1C(=O)C[n+]1[c-]n2ccccc2c1,-15.091,-11.902689
O=C(O)[C@@H]1CCCN1C(=O)[C@@H]1CCCN1C(=O)[C@H](Cc1c[nH]c2ccccc12)[n+]1[c-]n2ccccc2c1,-7.0088,-7.8812304
O=C(O)[C@@H]1CCCN1C(=O)[C@H](CO)NC(=O)[C@H](CO)[n+]1[c-]n2ccccc2c1,-8.8221,-8.169517
O=C(O)[C@@H]1CCCN1C(=O)[C@H](CO)NC(=O)[C@H](Cc1c[nH]c2ccccc12)[n+]1[c-]n2ccccc2c1,-8.628,-9.010249
O=C(O)[C@@H]1CCCN1C(=O)[C@H](CO)NC(=O)[C@H](Cc1ccccc1)[n+]1[c-]n2ccccc2c1,-12.1818,-7.3046684
O=C(O)[C@@H]1CCCN1C(=O)[C@H](Cc1c[nH]c2ccccc12)NC(=O)[C@H](Cc1ccccc1)[n+]1[c-]n2ccccc2c1,-13.546,-8.953705
O=C(O)[C@@H]1CCCN1C(=O)[C@H](Cc1c[nH]c2ccccc12)[n+]1[c-]n2ccccc2c1,-8.1997,-7.386714
O=C(O)[C@@H]1CCCN1C(=O)[C@H](Cc1c[nH]cn1)NC(=O)[C@H](CO)[n+]1[c-]n2ccccc2c1,-8.2824,-7.3498373
O=C(O)[C@@H]1CCCN1C(=O)[C@H](Cc1c[nH]cn1)NC(=O)[C@H](Cc1c[nH]c2ccccc12)[n+]1[c-]n2ccccc2c1,-10.6717,-14.1087055
O=C(O)[C@@H]1CCCN1C(=O)[C@H](Cc1c[nH]cn1)[n+]1[c-]n2ccccc2c1,-5.5577,-8.364081
O=C(O)[C@@H]1CCCN1C(=O)[C@H](Cc1ccc(O)cc1)NC(=O)[C@H](CS)[n+]1[c-]n2ccccc2c1,-12.3202,-7.537326
O=C(O)[C@@H]1CCCN1C(=O)[C@H](Cc1ccc(O)cc1)NC(=O)[C@H](Cc1c[nH]cn1)[n+]1[c-]n2ccccc2c1,-12.3016,-9.686267
O=C(O)[C@@H]1CCCN1C(=O)[C@H](Cc1ccccc1)NC(=O)[C@H](Cc1c[nH]cn1)[n+]1[c-]n2ccccc2c1,-10.2317,-9.795917
O=C(O)[C@H](CO)NC(=O)[C@H](CO)NC(=O)[C@H](CS)[n+]1[c-]n2ccccc2c1,-4.7723,-5.7289615
O=C(O)[C@H](CO)NC(=O)[C@H](CO)NC(=O)[C@H](Cc1c[nH]cn1)[n+]1[c-]n2ccccc2c1,-7.2908,-11.137394
O=C(O)[C@H](CO)NC(=O)[C@H](CS)NC(=O)[C@H](Cc1c[nH]c2ccccc12)[n+]1[c-]n2ccccc2c1,-8.1472,-9.33165
O=C(O)[C@H](CO)NC(=O)[C@H](Cc1c[nH]c2ccccc12)NC(=O)[C@H](Cc1ccccc1)[n+]1[c-]n2ccccc2c1,-7.7631,-9.159417
O=C(O)[C@H](CO)NC(=O)[C@H](Cc1c[nH]cn1)NC(=O)[C@H](CO)[n+]1[c-]n2ccccc2c1,-9.7911,-8.958324
O=C(O)[C@H](CO)NC(=O)[C@H](Cc1c[nH]cn1)NC(=O)[C@H](Cc1ccc(O)cc1)[n+]1[c-]n2ccccc2c1,-6.6385,-9.772076
O=C(O)[C@H](CO)NC(=O)[C@H](Cc1ccc(O)cc1)NC(=O)[C@H](Cc1c[nH]c2ccccc12)[n+]1[c-]n2ccccc2c1,-10.5002,-8.261389
O=C(O)[C@H](CO)NC(=O)[C@H](Cc1ccc(O)cc1)NC(=O)[C@H](Cc1ccc(O)cc1)[n+]1[c-]n2ccccc2c1,-11.2613,-9.587177
O=C(O)[C@H](CO)NC(=O)[C@H](Cc1ccc(O)cc1)[n+]1[c-]n2ccccc2c1,-6.7786,-7.981303
O=C(O)[C@H](CO)NC(=O)[C@H](Cc1ccccc1)NC(=O)[C@H](Cc1ccc(O)cc1)[n+]1[c-]n2ccccc2c1,-7.3363,-8.05228
O=C(O)[C@H](CO)[n+]1[c-]n2ccccc2c1,-6.9923,-4.696845
O=C(O)[C@H](CS)NC(=O)[C@@H]1CCCN1C(=O)[C@H](Cc1ccc(O)cc1)[n+]1[c-]n2ccccc2c1,-2.1067,-5.5423317
O=C(O)[C@H](CS)NC(=O)[C@@H]1CCCN1C(=O)[C@H](Cc1ccccc1)[n+]1[c-]n2ccccc2c1,-6.2483,-7.944289
O=C(O)[C@H](CS)NC(=O)[C@H](CO)NC(=O)[C@H](CS)[n+]1[c-]n2ccccc2c1,-11.8885,-8.6839485
O=C(O)[C@H](CS)NC(=O)[C@H](CS)NC(=O)[C@H](Cc1c[nH]cn1)[n+]1[c-]n2ccccc2c1,-13.7048,-9.268348
O=C(O)[C@H](CS)NC(=O)[C@H](Cc1c[nH]cn1)NC(=O)[C@H](CS)[n+]1[c-]n2ccccc2c1,-10.0128,-8.242048
O=C(O)[C@H](CS)NC(=O)[C@H](Cc1c[nH]cn1)NC(=O)[C@H](Cc1c[nH]c2ccccc12)[n+]1[c-]n2ccccc2c1,-10.7239,-9.435593
O=C(O)[C@H](CS)NC(=O)[C@H](Cc1ccc(O)cc1)NC(=O)[C@H](CO)[n+]1[c-]n2ccccc2c1,-7.8098,-9.79573
O=C(O)[C@H](CS)NC(=O)[C@H](Cc1ccc(O)cc1)NC(=O)[C@H](Cc1c[nH]cn1)[n+]1[c-]n2ccccc2c1,-2.6646,-9.462225
O=C(O)[C@H](CS)NC(=O)[C@H](Cc1ccccc1)NC(=O)[C@H](Cc1ccccc1)[n+]1[c-]n2ccccc2c1,-7.089,-7.1024075
O=C(O)[C@H](Cc1c[nH]c2ccccc12)NC(=O)[C@H](CO)NC(=O)[C@H](Cc1c[nH]c2ccccc12)[n+]1[c-]n2ccccc2c1,-18.1447,-9.568978
O=C(O)[C@H](Cc1c[nH]c2ccccc12)NC(=O)[C@H](CS)NC(=O)[C@H](Cc1c[nH]c2ccccc12)[n+]1[c-]n2ccccc2c1,-6.2501,-10.58922
O=C(O)[C@H](Cc1c[nH]c2ccccc12)NC(=O)[C@H](CS)[n+]1[c-]n2ccccc2c1,-10.2225,-7.4701753
O=C(O)[C@H](Cc1c[nH]c2ccccc12)NC(=O)[C@H](Cc1c[nH]cn1)NC(=O)[C@H](Cc1c[nH]cn1)[n+]1[c-]n2ccccc2c1,-19.3986,-10.898999
O=C(O)[C@H](Cc1c[nH]c2ccccc12)NC(=O)[C@H](Cc1ccc(O)cc1)NC(=O)[C@H](Cc1ccccc1)[n+]1[c-]n2ccccc2c1,-9.3311,-9.383122
O=C(O)[C@H](Cc1c[nH]c2ccccc12)NC(=O)[C@H](Cc1ccccc1)[n+]1[c-]n2ccccc2c1,-8.0841,-6.9545574
O=C(O)[C@H](Cc1c[nH]cn1)NC(=O)[C@@H]1CCCN1C(=O)[C@H](Cc1c[nH]cn1)[n+]1[c-]n2ccccc2c1,-4.7399,-6.795954
O=C(O)[C@H](Cc1c[nH]cn1)NC(=O)[C@H](CO)NC(=O)[C@H](CO)[n+]1[c-]n2ccccc2c1,-6.9259,-10.067556
O=C(O)[C@H](Cc1c[nH]cn1)NC(=O)[C@H](CO)NC(=O)[C@H](CS)[n+]1[c-]n2ccccc2c1,-10.1235,-8.962472
O=C(O)[C@H](Cc1c[nH]cn1)NC(=O)[C@H](CO)NC(=O)[C@H](Cc1c[nH]cn1)[n+]1[c-]n2ccccc2c1,-2.5516,-8.88511
O=C(O)[C@H](Cc1c[nH]cn1)NC(=O)[C@H](CO)NC(=O)[C@H](Cc1ccc(O)cc1)[n+]1[c-]n2ccccc2c1,-6.2462,-8.977436
O=C(O)[C@H](Cc1c[nH]cn1)NC(=O)[C@H](Cc1c[nH]c2ccccc12)NC(=O)[C@H](Cc1ccccc1)[n+]1[c-]n2ccccc2c1,-10.6292,-10.030213
O=C(O)[C@H](Cc1c[nH]cn1)NC(=O)[C@H](Cc1c[nH]cn1)NC(=O)[C@H](Cc1c[nH]c2ccccc12)[n+]1[c-]n2ccccc2c1,-14.6367,-11.248932
O=C(O)[C@H](Cc1c[nH]cn1)NC(=O)[C@H](Cc1c[nH]cn1)NC(=O)[C@H](Cc1c[nH]cn1)[n+]1[c-]n2ccccc2c1,-18.9696,-10.824675
O=C(O)[C@H](Cc1c[nH]cn1)NC(=O)[C@H](Cc1ccc(O)cc1)NC(=O)[C@H](CS)[n+]1[c-]n2ccccc2c1,-3.3779,-7.7441545
O=C(O)[C@H](Cc1c[nH]cn1)NC(=O)[C@H](Cc1ccc(O)cc1)NC(=O)[C@H](Cc1c[nH]cn1)[n+]1[c-]n2ccccc2c1,-8.9217,-8.642659
O=C(O)[C@H](Cc1ccc(O)cc1)NC(=O)[C@@H]1CCCN1C(=O)C[n+]1[c-]n2ccccc2c1,-11.6614,-6.219014
O=C(O)[C@H](Cc1ccc(O)cc1)NC(=O)[C@@H]1CCCN1C(=O)[C@H](CO)[n+]1[c-]n2ccccc2c1,-8.4435,-9.838867
O=C(O)[C@H](Cc1ccc(O)cc1)NC(=O)[C@@H]1CCCN1C(=O)[C@H](Cc1ccc(O)cc1)[n+]1[c-]n2ccccc2c1,-6.9148,-6.317563
O=C(O)[C@H](Cc1ccc(O)cc1)NC(=O)[C@H](CO)NC(=O)[C@H](Cc1ccc(O)cc1)[n+]1[c-]n2ccccc2c1,-9.6515,-8.794163
O=C(O)[C@H](Cc1ccc(O)cc1)NC(=O)[C@H](CS)NC(=O)[C@H](Cc1ccc(O)cc1)[n+]1[c-]n2ccccc2c1,-8.4497,-9.442536
O=C(O)[C@H](Cc1ccc(O)cc1)NC(=O)[C@H](CS)[n+]1[c-]n2ccccc2c1,-7.6948,-7.235699
O=C(O)[C@H](Cc1ccc(O)cc1)NC(=O)[C@H](Cc1c[nH]cn1)NC(=O)[C@H](Cc1c[nH]c2ccccc12)[n+]1[c-]n2ccccc2c1,-21.3171,-12.091362
O=C(O)[C@H](Cc1ccc(O)cc1)NC(=O)[C@H](Cc1c[nH]cn1)NC(=O)[C@H](Cc1ccc(O)cc1)[n+]1[c-]n2ccccc2c1,-8.359,-11.171016
O=C(O)[C@H](Cc1ccc(O)cc1)NC(=O)[C@H](Cc1ccc(O)cc1)NC(=O)[C@H](CO)[n+]1[c-]n2ccccc2c1,-16.7873,-10.604727
O=C(O)[C@H](Cc1ccc(O)cc1)NC(=O)[C@H](Cc1ccc(O)cc1)NC(=O)[C@H](Cc1c[nH]c2ccccc12)[n+]1[c-]n2ccccc2c1,-15.1803,-10.592912
O=C(O)[C@H](Cc1ccc(O)cc1)NC(=O)[C@H](Cc1ccc(O)cc1)NC(=O)[C@H](Cc1ccccc1)[n+]1[c-]n2ccccc2c1,-7.0068,-6.93933
O=C(O)[C@H](Cc1ccc(O)cc1)NC(=O)[C@H](Cc1ccc(O)cc1)[n+]1[c-]n2ccccc2c1,-10.5671,-9.52993
O=C(O)[C@H](Cc1ccc(O)cc1)NC(=O)[C@H](Cc1ccccc1)NC(=O)[C@H](Cc1c[nH]c2ccccc12)[n+]1[c-]n2ccccc2c1,-8.0006,-9.941147
O=C(O)[C@H](Cc1ccc(O)cc1)NC(=O)[C@H](Cc1ccccc1)NC(=O)[C@H](Cc1ccccc1)[n+]1[c-]n2ccccc2c1,-10.3375,-7.6700096
O=C(O)[C@H](Cc1ccc(O)cc1)[n+]1[c-]n2ccccc2c1,-3.3977,-4.451363
O=C(O)[C@H](Cc1ccccc1)NC(=O)[C@@H]1CCCN1C(=O)C[n+]1[c-]n2ccccc2c1,-11.739,-11.49758
O=C(O)[C@H](Cc1ccccc1)NC(=O)[C@@H]1CCCN1C(=O)[C@H](Cc1c[nH]c2ccccc12)[n+]1[c-]n2ccccc2c1,-8.5396,-11.538255
O=C(O)[C@H](Cc1ccccc1)NC(=O)[C@H](CO)[n+]1[c-]n2ccccc2c1,-6.7666,-6.4740186
O=C(O)[C@H](Cc1ccccc1)NC(=O)[C@H](Cc1c[nH]c2ccccc12)NC(=O)[C@H](Cc1c[nH]cn1)[n+]1[c-]n2ccccc2c1,-10.0917,-11.096453
O=C(O)[C@H](Cc1ccccc1)NC(=O)[C@H](Cc1c[nH]cn1)NC(=O)[C@H](Cc1ccc(O)cc1)[n+]1[c-]n2ccccc2c1,-11.3482,-9.415543
O=C(O)[C@H](Cc1ccccc1)NC(=O)[C@H](Cc1ccc(O)cc1)NC(=O)[C@H](Cc1ccc(O)cc1)[n+]1[c-]n2ccccc2c1,-6.8511,-8.650363
O=C(O)[C@H](Cc1ccccc1)NC(=O)[C@H](Cc1ccccc1)NC(=O)[C@H](Cc1c[nH]cn1)[n+]1[c-]n2ccccc2c1,-5.6943,-10.47238
O=C(O)[C@H](Cc1ccccc1)NC(=O)[C@H](Cc1ccccc1)NC(=O)[C@H](Cc1ccc(O)cc1)[n+]1[c-]n2ccccc2c1,-9.3813,-7.968857
O=C(O)[C@H](Cc1ccccc1)NC(=O)[C@H](Cc1ccccc1)[n+]1[c-]n2ccccc2c1,-9.2623,-6.3321333
O=C(O)[C@H](Cc1ccccc1)[n+]1[c-]n2ccccc2c1,-3.0285,-4.292991
