SMILES,true,pred
CC(C)C[C@@H](C(=O)N1CCC[C@H]1C(=O)N1CCC[C@H]1C(=O)O)[n+]1[c-]n2ccccc2c1,-6.3564,-8.430254525547445
CC(C)C[C@@H](C(=O)N1CCC[C@H]1C(=O)N[C@@H](CCCNC(=N)N)C(=O)O)[n+]1[c-]n2ccccc2c1,-8.2229,-8.430254525547445
CC(C)C[C@@H](C(=O)NCC(=O)N[C@@H](CC(N)=O)C(=O)O)[n+]1[c-]n2ccccc2c1,-10.6994,-8.430254525547445
CC(C)C[C@@H](C(=O)NCC(=O)N[C@@H](CCCNC(=N)N)C(=O)O)[n+]1[c-]n2ccccc2c1,-9.4681,-8.430254525547445
CC(C)C[C@@H](C(=O)NCC(=O)N[C@@H](CO)C(=O)O)[n+]1[c-]n2ccccc2c1,-9.8157,-8.430254525547445
CC(C)C[C@@H](C(=O)NCC(=O)N[C@@H](Cc1c[nH]cn1)C(=O)O)[n+]1[c-]n2ccccc2c1,-12.9529,-8.430254525547445
CC(C)C[C@@H](C(=O)N[C@@H](C)C(=O)NCC(=O)O)[n+]1[c-]n2ccccc2c1,-9.3852,-8.430254525547445
CC(C)C[C@@H](C(=O)N[C@@H](CC(=O)O)C(=O)N[C@@H](CCC(=O)O)C(=O)O)[n+]1[c-]n2ccccc2c1,-13.6961,-8.430254525547445
CC(C)C[C@@H](C(=O)N[C@@H](CC(=O)O)C(=O)N[C@@H](CS)C(=O)O)[n+]1[c-]n2ccccc2c1,0.4207,-8.430254525547445
CC(C)C[C@@H](C(=O)N[C@@H](CC(=O)O)C(=O)N[C@@H](Cc1c[nH]cn1)C(=O)O)[n+]1[c-]n2ccccc2c1,-14.2027,-8.430254525547445
CC(C)C[C@@H](C(=O)N[C@@H](CC(=O)O)C(=O)N[C@@H](Cc1ccc(O)cc1)C(=O)O)[n+]1[c-]n2ccccc2c1,-6.0605,-8.430254525547445
CC(C)C[C@@H](C(=O)N[C@@H](CC(N)=O)C(=O)N[C@@H](CCC(N)=O)C(=O)O)[n+]1[c-]n2ccccc2c1,-5.5816,-8.430254525547445
CC(C)C[C@@H](C(=O)N[C@@H](CC(N)=O)C(=O)N[C@@H](Cc1c[nH]c2ccccc12)C(=O)O)[n+]1[c-]n2ccccc2c1,-13.9866,-8.430254525547445
CC(C)C[C@@H](C(=O)N[C@@H](CC(N)=O)C(=O)N[C@@H](Cc1c[nH]cn1)C(=O)O)[n+]1[c-]n2ccccc2c1,-6.5809,-8.430254525547445
CC(C)C[C@@H](C(=O)N[C@@H](CC(N)=O)C(=O)N[C@H](C(=O)O)[C@@H](C)O)[n+]1[c-]n2ccccc2c1,-13.8789,-8.430254525547445
CC(C)C[C@@H](C(=O)N[C@@H](CCC(=O)O)C(=O)N[C@@H](CO)C(=O)O)[n+]1[c-]n2ccccc2c1,-12.5993,-8.430254525547445
CC(C)C[C@@H](C(=O)N[C@@H](CCC(=O)O)C(=O)N[C@@H](CS)C(=O)O)[n+]1[c-]n2ccccc2c1,-9.2353,-8.430254525547445
CC(C)C[C@@H](C(=O)N[C@@H](CCC(=O)O)C(=O)N[C@H](C(=O)O)C(C)C)[n+]1[c-]n2ccccc2c1,-11.4945,-8.430254525547445
CC(C)C[C@@H](C(=O)N[C@@H](CCC(=O)O)C(=O)N[C@H](C(=O)O)[C@@H](C)O)[n+]1[c-]n2ccccc2c1,-8.208,-8.430254525547445
CC(C)C[C@@H](C(=O)N[C@@H](CCC(N)=O)C(=O)NCC(=O)O)[n+]1[c-]n2ccccc2c1,-8.4736,-8.430254525547445
CC(C)C[C@@H](C(=O)N[C@@H](CCC(N)=O)C(=O)N[C@@H](Cc1c[nH]c2ccccc12)C(=O)O)[n+]1[c-]n2ccccc2c1,-18.7761,-8.430254525547445
CC(C)C[C@@H](C(=O)N[C@@H](CCC(N)=O)C(=O)N[C@@H](Cc1ccccc1)C(=O)O)[n+]1[c-]n2ccccc2c1,-14.9012,-8.430254525547445
CC(C)C[C@@H](C(=O)N[C@@H](CCC(N)=O)C(=O)N[C@H](C(=O)O)C(C)C)[n+]1[c-]n2ccccc2c1,-14.1078,-8.430254525547445
CC(C)C[C@@H](C(=O)N[C@@H](CCCNC(=N)N)C(=O)NCC(=O)O)[n+]1[c-]n2ccccc2c1,-4.6218,-8.430254525547445
CC(C)C[C@@H](C(=O)N[C@@H](CCCNC(=N)N)C(=O)N[C@@H](CC(N)=O)C(=O)O)[n+]1[c-]n2ccccc2c1,-10.8775,-8.430254525547445
CC(C)C[C@@H](C(=O)N[C@@H](CCCNC(=N)N)C(=O)N[C@@H](CCCNC(=N)N)C(=O)O)[n+]1[c-]n2ccccc2c1,-7.5891,-8.430254525547445
CC(C)C[C@@H](C(=O)N[C@@H](CCCNC(=N)N)C(=O)N[C@@H](CO)C(=O)O)[n+]1[c-]n2ccccc2c1,-4.3592,-8.430254525547445
CC(C)C[C@@H](C(=O)N[C@@H](CCCNC(=N)N)C(=O)N[C@@H](Cc1ccc(O)cc1)C(=O)O)[n+]1[c-]n2ccccc2c1,-5.3431,-8.430254525547445
CC(C)C[C@@H](C(=O)N[C@@H](CO)C(=O)N1CCC[C@H]1C(=O)O)[n+]1[c-]n2ccccc2c1,-9.685,-8.430254525547445
CC(C)C[C@@H](C(=O)N[C@@H](CO)C(=O)N[C@@H](Cc1c[nH]c2ccccc12)C(=O)O)[n+]1[c-]n2ccccc2c1,-5.527,-8.430254525547445
CC(C)C[C@@H](C(=O)N[C@@H](CO)C(=O)N[C@H](C(=O)O)C(C)C)[n+]1[c-]n2ccccc2c1,-7.7238,-8.430254525547445
CC(C)C[C@@H](C(=O)N[C@@H](CO)C(=O)N[C@H](C(=O)O)[C@@H](C)O)[n+]1[c-]n2ccccc2c1,-9.1803,-8.430254525547445
CC(C)C[C@@H](C(=O)N[C@@H](CS)C(=O)N1CCC[C@H]1C(=O)O)[n+]1[c-]n2ccccc2c1,-8.2703,-8.430254525547445
CC(C)C[C@@H](C(=O)N[C@@H](CS)C(=O)N[C@@H](CCCNC(=N)N)C(=O)O)[n+]1[c-]n2ccccc2c1,-12.7406,-8.430254525547445
CC(C)C[C@@H](C(=O)N[C@@H](CS)C(=O)N[C@@H](Cc1c[nH]cn1)C(=O)O)[n+]1[c-]n2ccccc2c1,-8.8176,-8.430254525547445
CC(C)C[C@@H](C(=O)N[C@@H](CS)C(=O)N[C@@H](Cc1ccc(O)cc1)C(=O)O)[n+]1[c-]n2ccccc2c1,-8.1173,-8.430254525547445
CC(C)C[C@@H](C(=O)N[C@@H](CS)C(=O)N[C@H](C(=O)O)[C@@H](C)O)[n+]1[c-]n2ccccc2c1,-11.4663,-8.430254525547445
CC(C)C[C@@H](C(=O)N[C@@H](Cc1c[nH]c2ccccc12)C(=O)N[C@@H](CC(N)=O)C(=O)O)[n+]1[c-]n2ccccc2c1,-2.0,-8.430254525547445
CC(C)C[C@@H](C(=O)N[C@@H](Cc1c[nH]c2ccccc12)C(=O)N[C@@H](Cc1c[nH]c2ccccc12)C(=O)O)[n+]1[c-]n2ccccc2c1,-8.6109,-8.430254525547445
CC(C)C[C@@H](C(=O)N[C@@H](Cc1c[nH]c2ccccc12)C(=O)N[C@@H](Cc1c[nH]cn1)C(=O)O)[n+]1[c-]n2ccccc2c1,-10.718,-8.430254525547445
CC(C)C[C@@H](C(=O)N[C@@H](Cc1c[nH]c2ccccc12)C(=O)N[C@@H](Cc1ccccc1)C(=O)O)[n+]1[c-]n2ccccc2c1,-5.2881,-8.430254525547445
CC(C)C[C@@H](C(=O)N[C@@H](Cc1c[nH]c2ccccc12)C(=O)O)[n+]1[c-]n2ccccc2c1,-7.2204,-8.430254525547445
CC(C)C[C@@H](C(=O)N[C@@H](Cc1c[nH]cn1)C(=O)N[C@@H](Cc1c[nH]c2ccccc12)C(=O)O)[n+]1[c-]n2ccccc2c1,-19.3719,-8.430254525547445
CC(C)C[C@@H](C(=O)N[C@@H](Cc1c[nH]cn1)C(=O)N[C@@H](Cc1ccc(O)cc1)C(=O)O)[n+]1[c-]n2ccccc2c1,-14.7529,-8.430254525547445
CC(C)C[C@@H](C(=O)N[C@@H](Cc1c[nH]cn1)C(=O)N[C@H](C(=O)O)C(C)C)[n+]1[c-]n2ccccc2c1,-2.2178,-8.430254525547445
CC(C)C[C@@H](C(=O)N[C@@H](Cc1ccc(O)cc1)C(=O)N[C@@H](CC(=O)O)C(=O)O)[n+]1[c-]n2ccccc2c1,-3.852,-8.430254525547445
CC(C)C[C@@H](C(=O)N[C@@H](Cc1ccc(O)cc1)C(=O)N[C@@H](CCC(=O)O)C(=O)O)[n+]1[c-]n2ccccc2c1,-12.539,-8.430254525547445
CC(C)C[C@@H](C(=O)N[C@@H](Cc1ccc(O)cc1)C(=O)N[C@@H](CO)C(=O)O)[n+]1[c-]n2ccccc2c1,-8.5818,-8.430254525547445
CC(C)C[C@@H](C(=O)N[C@@H](Cc1ccc(O)cc1)C(=O)N[C@@H](CS)C(=O)O)[n+]1[c-]n2ccccc2c1,-5.8783,-8.430254525547445
CC(C)C[C@@H](C(=O)N[C@@H](Cc1ccc(O)cc1)C(=O)N[C@@H](Cc1ccc(O)cc1)C(=O)O)[n+]1[c-]n2ccccc2c1,-8.6212,-8.430254525547445
CC(C)C[C@@H](C(=O)N[C@@H](Cc1ccccc1)C(=O)NCC(=O)O)[n+]1[c-]n2ccccc2c1,-3.4413,-8.430254525547445
CC(C)C[C@@H](C(=O)N[C@@H](Cc1ccccc1)C(=O)N[C@@H](CC(N)=O)C(=O)O)[n+]1[c-]n2ccccc2c1,-10.0505,-8.430254525547445
CC(C)C[C@@H](C(=O)N[C@@H](Cc1ccccc1)C(=O)N[C@H](C(=O)O)[C@@H](C)O)[n+]1[c-]n2ccccc2c1,-13.3184,-8.430254525547445
CC(C)C[C@@H](C(=O)N[C@@H](Cc1ccccc1)C(=O)O)[n+]1[c-]n2ccccc2c1,-7.6692,-8.430254525547445
CC(C)C[C@@H](C(=O)N[C@H](C(=O)N1CCC[C@H]1C(=O)O)[C@@H](C)O)[n+]1[c-]n2ccccc2c1,-6.8211,-8.430254525547445
CC(C)C[C@@H](C(=O)N[C@H](C(=O)N[C@@H](C)C(=O)O)[C@@H](C)O)[n+]1[c-]n2ccccc2c1,-1.3157,-8.430254525547445
CC(C)C[C@@H](C(=O)N[C@H](C(=O)N[C@@H](CS)C(=O)O)C(C)C)[n+]1[c-]n2ccccc2c1,-1.4512,-8.430254525547445
CC(C)C[C@@H](C(=O)N[C@H](C(=O)N[C@H](C(=O)O)C(C)C)C(C)C)[n+]1[c-]n2ccccc2c1,-6.0499,-8.430254525547445
CC(C)C[C@H](NC(=O)CNC(=O)[C@H](C)[n+]1[c-]n2ccccc2c1)C(=O)O,-9.5056,-8.430254525547445
CC(C)C[C@H](NC(=O)CNC(=O)[C@H](CCC(N)=O)[n+]1[c-]n2ccccc2c1)C(=O)O,-4.2035,-8.430254525547445
CC(C)C[C@H](NC(=O)CNC(=O)[C@H](CCCNC(=N)N)[n+]1[c-]n2ccccc2c1)C(=O)O,-5.669,-8.430254525547445
CC(C)C[C@H](NC(=O)CNC(=O)[C@H](Cc1c[nH]c2ccccc12)[n+]1[c-]n2ccccc2c1)C(=O)O,-11.4772,-8.430254525547445
CC(C)C[C@H](NC(=O)C[n+]1[c-]n2ccccc2c1)C(=O)N[C@@H](CC(=O)O)C(=O)O,-13.6056,-8.430254525547445
CC(C)C[C@H](NC(=O)[C@@H](NC(=O)C[n+]1[c-]n2ccccc2c1)[C@@H](C)O)C(=O)O,-11.1893,-8.430254525547445
CC(C)C[C@H](NC(=O)[C@@H](NC(=O)[C@H](CO)[n+]1[c-]n2ccccc2c1)C(C)C)C(=O)O,-8.5589,-8.430254525547445
CC(C)C[C@H](NC(=O)[C@@H](NC(=O)[C@H](Cc1c[nH]c2ccccc12)[n+]1[c-]n2ccccc2c1)[C@@H](C)O)C(=O)O,-8.0772,-8.430254525547445
CC(C)C[C@H](NC(=O)[C@@H](NC(=O)[C@H](Cc1ccccc1)[n+]1[c-]n2ccccc2c1)C(C)C)C(=O)O,-3.7161,-8.430254525547445
CC(C)C[C@H](NC(=O)[C@@H](NC(=O)[C@H]([C@@H](C)O)[n+]1[c-]n2ccccc2c1)[C@@H](C)O)C(=O)O,-7.7622,-8.430254525547445
CC(C)C[C@H](NC(=O)[C@@H]1CCCN1C(=O)[C@H](CC(N)=O)[n+]1[c-]n2ccccc2c1)C(=O)O,-1.369,-8.430254525547445
CC(C)C[C@H](NC(=O)[C@@H]1CCCN1C(=O)[C@H](Cc1c[nH]cn1)[n+]1[c-]n2ccccc2c1)C(=O)O,-6.7655,-8.430254525547445
CC(C)C[C@H](NC(=O)[C@H](C(C)C)[n+]1[c-]n2ccccc2c1)C(=O)N[C@@H](CO)C(=O)O,-3.4848,-8.430254525547445
CC(C)C[C@H](NC(=O)[C@H](C(C)C)[n+]1[c-]n2ccccc2c1)C(=O)N[C@@H](CS)C(=O)O,-5.6156,-8.430254525547445
CC(C)C[C@H](NC(=O)[C@H](C)NC(=O)[C@H](C)[n+]1[c-]n2ccccc2c1)C(=O)O,-5.2169,-8.430254525547445
CC(C)C[C@H](NC(=O)[C@H](C)NC(=O)[C@H](CC(C)C)[n+]1[c-]n2ccccc2c1)C(=O)O,-3.8859,-8.430254525547445
CC(C)C[C@H](NC(=O)[C@H](C)[n+]1[c-]n2ccccc2c1)C(=O)N1CCC[C@H]1C(=O)O,-9.4045,-8.430254525547445
CC(C)C[C@H](NC(=O)[C@H](C)[n+]1[c-]n2ccccc2c1)C(=O)N[C@@H](CO)C(=O)O,-7.4224,-8.430254525547445
CC(C)C[C@H](NC(=O)[C@H](C)[n+]1[c-]n2ccccc2c1)C(=O)N[C@@H](Cc1c[nH]c2ccccc12)C(=O)O,-10.9109,-8.430254525547445
CC(C)C[C@H](NC(=O)[C@H](C)[n+]1[c-]n2ccccc2c1)C(=O)N[C@@H](Cc1ccccc1)C(=O)O,-9.233,-8.430254525547445
CC(C)C[C@H](NC(=O)[C@H](C)[n+]1[c-]n2ccccc2c1)C(=O)O,-4.3863,-8.430254525547445
CC(C)C[C@H](NC(=O)[C@H](CC(=O)O)NC(=O)C[n+]1[c-]n2ccccc2c1)C(=O)O,-11.2374,-8.430254525547445
CC(C)C[C@H](NC(=O)[C@H](CC(=O)O)NC(=O)[C@H](Cc1ccc(O)cc1)[n+]1[c-]n2ccccc2c1)C(=O)O,-7.3557,-8.430254525547445
CC(C)C[C@H](NC(=O)[C@H](CC(=O)O)[n+]1[c-]n2ccccc2c1)C(=O)N[C@@H](CC(=O)O)C(=O)O,-6.5361,-8.430254525547445
CC(C)C[C@H](NC(=O)[C@H](CC(=O)O)[n+]1[c-]n2ccccc2c1)C(=O)N[C@@H](CC(N)=O)C(=O)O,-14.6134,-8.430254525547445
CC(C)C[C@H](NC(=O)[C@H](CC(=O)O)[n+]1[c-]n2ccccc2c1)C(=O)N[C@@H](Cc1c[nH]c2ccccc12)C(=O)O,-11.2361,-8.430254525547445
CC(C)C[C@H](NC(=O)[C@H](CC(=O)O)[n+]1[c-]n2ccccc2c1)C(=O)N[C@@H](Cc1ccccc1)C(=O)O,1.4192,-8.430254525547445
CC(C)C[C@H](NC(=O)[C@H](CC(C)C)NC(=O)C[n+]1[c-]n2ccccc2c1)C(=O)O,-13.7728,-8.430254525547445
CC(C)C[C@H](NC(=O)[C@H](CC(C)C)NC(=O)[C@H](CCCNC(=N)N)[n+]1[c-]n2ccccc2c1)C(=O)O,-6.8849,-8.430254525547445
CC(C)C[C@H](NC(=O)[C@H](CC(C)C)NC(=O)[C@H](CS)[n+]1[c-]n2ccccc2c1)C(=O)O,-2.6475,-8.430254525547445
CC(C)C[C@H](NC(=O)[C@H](CC(C)C)NC(=O)[C@H](Cc1c[nH]c2ccccc12)[n+]1[c-]n2ccccc2c1)C(=O)O,-3.8699,-8.430254525547445
CC(C)C[C@H](NC(=O)[C@H](CC(C)C)NC(=O)[C@H](Cc1c[nH]cn1)[n+]1[c-]n2ccccc2c1)C(=O)O,-4.4809,-8.430254525547445
CC(C)C[C@H](NC(=O)[C@H](CC(C)C)[n+]1[c-]n2ccccc2c1)C(=O)N[C@@H](CCCNC(=N)N)C(=O)O,-10.9015,-8.430254525547445
CC(C)C[C@H](NC(=O)[C@H](CC(C)C)[n+]1[c-]n2ccccc2c1)C(=O)O,-3.7914,-8.430254525547445
CC(C)C[C@H](NC(=O)[C@H](CC(N)=O)[n+]1[c-]n2ccccc2c1)C(=O)N[C@@H](CS)C(=O)O,-11.8556,-8.430254525547445
CC(C)C[C@H](NC(=O)[C@H](CC(N)=O)[n+]1[c-]n2ccccc2c1)C(=O)N[C@@H](Cc1ccc(O)cc1)C(=O)O,-4.5648,-8.430254525547445
CC(C)C[C@H](NC(=O)[C@H](CCC(=O)O)NC(=O)[C@H](C)[n+]1[c-]n2ccccc2c1)C(=O)O,-14.2603,-8.430254525547445
CC(C)C[C@H](NC(=O)[C@H](CCC(=O)O)NC(=O)[C@H](CCC(=O)O)[n+]1[c-]n2ccccc2c1)C(=O)O,-17.8808,-8.430254525547445
CC(C)C[C@H](NC(=O)[C@H](CCC(=O)O)NC(=O)[C@H](CCCNC(=N)N)[n+]1[c-]n2ccccc2c1)C(=O)O,-6.1973,-8.430254525547445
CC(C)C[C@H](NC(=O)[C@H](CCC(=O)O)[n+]1[c-]n2ccccc2c1)C(=O)N[C@@H](CCC(=O)O)C(=O)O,-17.8693,-8.430254525547445
CC(C)C[C@H](NC(=O)[C@H](CCC(=O)O)[n+]1[c-]n2ccccc2c1)C(=O)N[C@@H](CCCNC(=N)N)C(=O)O,2.0675,-8.430254525547445
CC(C)C[C@H](NC(=O)[C@H](CCC(N)=O)NC(=O)[C@H](C)[n+]1[c-]n2ccccc2c1)C(=O)O,-12.1331,-8.430254525547445
CC(C)C[C@H](NC(=O)[C@H](CCC(N)=O)NC(=O)[C@H](CCC(N)=O)[n+]1[c-]n2ccccc2c1)C(=O)O,-15.6244,-8.430254525547445
CC(C)C[C@H](NC(=O)[C@H](CCC(N)=O)NC(=O)[C@H](CO)[n+]1[c-]n2ccccc2c1)C(=O)O,-11.1286,-8.430254525547445
CC(C)C[C@H](NC(=O)[C@H](CCC(N)=O)NC(=O)[C@H]([C@@H](C)O)[n+]1[c-]n2ccccc2c1)C(=O)O,-16.5755,-8.430254525547445
CC(C)C[C@H](NC(=O)[C@H](CCC(N)=O)[n+]1[c-]n2ccccc2c1)C(=O)N[C@@H](CS)C(=O)O,-9.4589,-8.430254525547445
CC(C)C[C@H](NC(=O)[C@H](CCCNC(=N)N)NC(=O)[C@H](CC(=O)O)[n+]1[c-]n2ccccc2c1)C(=O)O,-9.1468,-8.430254525547445
CC(C)C[C@H](NC(=O)[C@H](CCCNC(=N)N)NC(=O)[C@H](CC(N)=O)[n+]1[c-]n2ccccc2c1)C(=O)O,-5.7212,-8.430254525547445
CC(C)C[C@H](NC(=O)[C@H](CCCNC(=N)N)NC(=O)[C@H](CO)[n+]1[c-]n2ccccc2c1)C(=O)O,-1.0658,-8.430254525547445
CC(C)C[C@H](NC(=O)[C@H](CCCNC(=N)N)NC(=O)[C@H](Cc1c[nH]cn1)[n+]1[c-]n2ccccc2c1)C(=O)O,-10.7998,-8.430254525547445
CC(C)C[C@H](NC(=O)[C@H](CCCNC(=N)N)[n+]1[c-]n2ccccc2c1)C(=O)N[C@@H](C)C(=O)O,-2.2568,-8.430254525547445
CC(C)C[C@H](NC(=O)[C@H](CCCNC(=N)N)[n+]1[c-]n2ccccc2c1)C(=O)N[C@@H](CCCNC(=N)N)C(=O)O,-4.0837,-8.430254525547445
CC(C)C[C@H](NC(=O)[C@H](CCCNC(=N)N)[n+]1[c-]n2ccccc2c1)C(=O)N[C@@H](CO)C(=O)O,-9.2076,-8.430254525547445
CC(C)C[C@H](NC(=O)[C@H](CCCNC(=N)N)[n+]1[c-]n2ccccc2c1)C(=O)N[C@@H](Cc1c[nH]cn1)C(=O)O,-7.2909,-8.430254525547445
CC(C)C[C@H](NC(=O)[C@H](CO)NC(=O)[C@H](CC(=O)O)[n+]1[c-]n2ccccc2c1)C(=O)O,-5.7977,-8.430254525547445
CC(C)C[C@H](NC(=O)[C@H](CO)NC(=O)[C@H](CC(C)C)[n+]1[c-]n2ccccc2c1)C(=O)O,-3.3383,-8.430254525547445
CC(C)C[C@H](NC(=O)[C@H](CO)NC(=O)[C@H](CC(N)=O)[n+]1[c-]n2ccccc2c1)C(=O)O,-3.8287,-8.430254525547445
CC(C)C[C@H](NC(=O)[C@H](CO)NC(=O)[C@H](CS)[n+]1[c-]n2ccccc2c1)C(=O)O,-0.5636,-8.430254525547445
CC(C)C[C@H](NC(=O)[C@H](CO)NC(=O)[C@H](Cc1c[nH]c2ccccc12)[n+]1[c-]n2ccccc2c1)C(=O)O,2.3594,-8.430254525547445
CC(C)C[C@H](NC(=O)[C@H](CO)NC(=O)[C@H](Cc1ccc(O)cc1)[n+]1[c-]n2ccccc2c1)C(=O)O,-7.4647,-8.430254525547445
CC(C)C[C@H](NC(=O)[C@H](CO)[n+]1[c-]n2ccccc2c1)C(=O)N1CCC[C@H]1C(=O)O,-5.8859,-8.430254525547445
CC(C)C[C@H](NC(=O)[C@H](CO)[n+]1[c-]n2ccccc2c1)C(=O)N[C@@H](CCC(N)=O)C(=O)O,-10.4022,-8.430254525547445
CC(C)C[C@H](NC(=O)[C@H](CO)[n+]1[c-]n2ccccc2c1)C(=O)N[C@@H](CO)C(=O)O,-8.5075,-8.430254525547445
CC(C)C[C@H](NC(=O)[C@H](CO)[n+]1[c-]n2ccccc2c1)C(=O)N[C@@H](CS)C(=O)O,-5.5384,-8.430254525547445
CC(C)C[C@H](NC(=O)[C@H](CO)[n+]1[c-]n2ccccc2c1)C(=O)N[C@@H](Cc1c[nH]c2ccccc12)C(=O)O,-5.6571,-8.430254525547445
CC(C)C[C@H](NC(=O)[C@H](CS)NC(=O)[C@H](CC(=O)O)[n+]1[c-]n2ccccc2c1)C(=O)O,-6.9842,-8.430254525547445
CC(C)C[C@H](NC(=O)[C@H](CS)NC(=O)[C@H](Cc1c[nH]c2ccccc12)[n+]1[c-]n2ccccc2c1)C(=O)O,-5.3115,-8.430254525547445
CC(C)C[C@H](NC(=O)[C@H](CS)NC(=O)[C@H](Cc1ccc(O)cc1)[n+]1[c-]n2ccccc2c1)C(=O)O,-13.7875,-8.430254525547445
CC(C)C[C@H](NC(=O)[C@H](CS)[n+]1[c-]n2ccccc2c1)C(=O)N1CCC[C@H]1C(=O)O,-2.9439,-8.430254525547445
CC(C)C[C@H](NC(=O)[C@H](CS)[n+]1[c-]n2ccccc2c1)C(=O)N[C@@H](CCC(N)=O)C(=O)O,-12.1274,-8.430254525547445
CC(C)C[C@H](NC(=O)[C@H](CS)[n+]1[c-]n2ccccc2c1)C(=O)N[C@@H](CS)C(=O)O,-6.4305,-8.430254525547445
CC(C)C[C@H](NC(=O)[C@H](CS)[n+]1[c-]n2ccccc2c1)C(=O)N[C@@H](Cc1ccc(O)cc1)C(=O)O,-6.8558,-8.430254525547445
CC(C)C[C@H](NC(=O)[C@H](CS)[n+]1[c-]n2ccccc2c1)C(=O)N[C@H](C(=O)O)C(C)C,-2.6599,-8.430254525547445
CC(C)C[C@H](NC(=O)[C@H](Cc1c[nH]c2ccccc12)NC(=O)[C@H](CC(C)C)[n+]1[c-]n2ccccc2c1)C(=O)O,-5.479,-8.430254525547445
CC(C)C[C@H](NC(=O)[C@H](Cc1c[nH]c2ccccc12)NC(=O)[C@H](CCC(=O)O)[n+]1[c-]n2ccccc2c1)C(=O)O,-10.0546,-8.430254525547445
CC(C)C[C@H](NC(=O)[C@H](Cc1c[nH]c2ccccc12)[n+]1[c-]n2ccccc2c1)C(=O)N[C@@H](CO)C(=O)O,-3.7287,-8.430254525547445
CC(C)C[C@H](NC(=O)[C@H](Cc1c[nH]c2ccccc12)[n+]1[c-]n2ccccc2c1)C(=O)N[C@@H](Cc1ccccc1)C(=O)O,-8.0951,-8.430254525547445
CC(C)C[C@H](NC(=O)[C@H](Cc1c[nH]c2ccccc12)[n+]1[c-]n2ccccc2c1)C(=O)N[C@H](C(=O)O)C(C)C,-3.0413,-8.430254525547445
CC(C)C[C@H](NC(=O)[C@H](Cc1c[nH]c2ccccc12)[n+]1[c-]n2ccccc2c1)C(=O)N[C@H](C(=O)O)[C@@H](C)O,-3.5832,-8.430254525547445
CC(C)C[C@H](NC(=O)[C@H](Cc1c[nH]c2ccccc12)[n+]1[c-]n2ccccc2c1)C(=O)O,-2.8577,-8.430254525547445
CC(C)C[C@H](NC(=O)[C@H](Cc1c[nH]cn1)NC(=O)[C@H](CC(N)=O)[n+]1[c-]n2ccccc2c1)C(=O)O,-6.3594,-8.430254525547445
CC(C)C[C@H](NC(=O)[C@H](Cc1c[nH]cn1)NC(=O)[C@H](CO)[n+]1[c-]n2ccccc2c1)C(=O)O,-6.8857,-8.430254525547445
CC(C)C[C@H](NC(=O)[C@H](Cc1c[nH]cn1)NC(=O)[C@H](Cc1ccccc1)[n+]1[c-]n2ccccc2c1)C(=O)O,-9.3317,-8.430254525547445
CC(C)C[C@H](NC(=O)[C@H](Cc1c[nH]cn1)[n+]1[c-]n2ccccc2c1)C(=O)N[C@H](C(=O)O)C(C)C,-9.88,-8.430254525547445
CC(C)C[C@H](NC(=O)[C@H](Cc1c[nH]cn1)[n+]1[c-]n2ccccc2c1)C(=O)O,-5.4856,-8.430254525547445
CC(C)C[C@H](NC(=O)[C@H](Cc1ccc(O)cc1)NC(=O)[C@H](C(C)C)[n+]1[c-]n2ccccc2c1)C(=O)O,-6.1566,-8.430254525547445
CC(C)C[C@H](NC(=O)[C@H](Cc1ccc(O)cc1)NC(=O)[C@H](CC(=O)O)[n+]1[c-]n2ccccc2c1)C(=O)O,-12.6341,-8.430254525547445
CC(C)C[C@H](NC(=O)[C@H](Cc1ccc(O)cc1)NC(=O)[C@H](CC(N)=O)[n+]1[c-]n2ccccc2c1)C(=O)O,-10.2194,-8.430254525547445
CC(C)C[C@H](NC(=O)[C@H](Cc1ccc(O)cc1)NC(=O)[C@H](CCC(=O)O)[n+]1[c-]n2ccccc2c1)C(=O)O,-8.7189,-8.430254525547445
CC(C)C[C@H](NC(=O)[C@H](Cc1ccc(O)cc1)NC(=O)[C@H](CCCNC(=N)N)[n+]1[c-]n2ccccc2c1)C(=O)O,-10.1868,-8.430254525547445
CC(C)C[C@H](NC(=O)[C@H](Cc1ccc(O)cc1)NC(=O)[C@H](CO)[n+]1[c-]n2ccccc2c1)C(=O)O,-6.7199,-8.430254525547445
CC(C)C[C@H](NC(=O)[C@H](Cc1ccc(O)cc1)[n+]1[c-]n2ccccc2c1)C(=O)N[C@@H](CC(N)=O)C(=O)O,-8.6608,-8.430254525547445
CC(C)C[C@H](NC(=O)[C@H](Cc1ccc(O)cc1)[n+]1[c-]n2ccccc2c1)C(=O)N[C@@H](CCC(N)=O)C(=O)O,-8.4133,-8.430254525547445
CC(C)C[C@H](NC(=O)[C@H](Cc1ccc(O)cc1)[n+]1[c-]n2ccccc2c1)C(=O)N[C@@H](CCCNC(=N)N)C(=O)O,-6.7994,-8.430254525547445
CC(C)C[C@H](NC(=O)[C@H](Cc1ccc(O)cc1)[n+]1[c-]n2ccccc2c1)C(=O)N[C@@H](Cc1ccc(O)cc1)C(=O)O,-2.9098,-8.430254525547445
CC(C)C[C@H](NC(=O)[C@H](Cc1ccc(O)cc1)[n+]1[c-]n2ccccc2c1)C(=O)O,-6.3488,-8.430254525547445
CC(C)C[C@H](NC(=O)[C@H](Cc1ccccc1)NC(=O)[C@H](CC(=O)O)[n+]1[c-]n2ccccc2c1)C(=O)O,-14.4482,-8.430254525547445
CC(C)C[C@H](NC(=O)[C@H](Cc1ccccc1)NC(=O)[C@H](CC(C)C)[n+]1[c-]n2ccccc2c1)C(=O)O,-9.4203,-8.430254525547445
CC(C)C[C@H](NC(=O)[C@H](Cc1ccccc1)NC(=O)[C@H](Cc1c[nH]c2ccccc12)[n+]1[c-]n2ccccc2c1)C(=O)O,-5.1226,-8.430254525547445
CC(C)C[C@H](NC(=O)[C@H](Cc1ccccc1)[n+]1[c-]n2ccccc2c1)C(=O)N[C@@H](CO)C(=O)O,-7.1276,-8.430254525547445
CC(C)C[C@H](NC(=O)[C@H](Cc1ccccc1)[n+]1[c-]n2ccccc2c1)C(=O)N[C@H](C(=O)O)[C@@H](C)O,-4.7488,-8.430254525547445
CC(C)C[C@H](NC(=O)[C@H](Cc1ccccc1)[n+]1[c-]n2ccccc2c1)C(=O)O,-5.0157,-8.430254525547445
CC(C)C[C@H](NC(=O)[C@H]([C@@H](C)O)[n+]1[c-]n2ccccc2c1)C(=O)N[C@@H](CC(=O)O)C(=O)O,-5.1778,-8.430254525547445
CC(C)C[C@H](NC(=O)[C@H]([C@@H](C)O)[n+]1[c-]n2ccccc2c1)C(=O)N[C@@H](CCC(=O)O)C(=O)O,-4.949,-8.430254525547445
CC(C)C[C@H](NC(=O)[C@H]([C@@H](C)O)[n+]1[c-]n2ccccc2c1)C(=O)N[C@@H](CO)C(=O)O,-4.3043,-8.430254525547445
CC(C)C[C@H](NC(=O)[C@H]([C@@H](C)O)[n+]1[c-]n2ccccc2c1)C(=O)N[C@@H](CS)C(=O)O,-12.7696,-8.430254525547445
CC(C)[C@@H](C(=O)N1CCC[C@H]1C(=O)N1CCC[C@H]1C(=O)O)[n+]1[c-]n2ccccc2c1,-6.968,-8.430254525547445
CC(C)[C@@H](C(=O)N1CCC[C@H]1C(=O)N[C@@H](CCC(=O)O)C(=O)O)[n+]1[c-]n2ccccc2c1,-8.8459,-8.430254525547445
CC(C)[C@@H](C(=O)N1CCC[C@H]1C(=O)N[C@@H](CO)C(=O)O)[n+]1[c-]n2ccccc2c1,-10.4177,-8.430254525547445
CC(C)[C@@H](C(=O)N1CCC[C@H]1C(=O)N[C@@H](Cc1c[nH]cn1)C(=O)O)[n+]1[c-]n2ccccc2c1,-6.1323,-8.430254525547445
CC(C)[C@@H](C(=O)N1CCC[C@H]1C(=O)N[C@H](C(=O)O)[C@@H](C)O)[n+]1[c-]n2ccccc2c1,-11.5453,-8.430254525547445
CC(C)[C@@H](C(=O)NCC(=O)NCC(=O)O)[n+]1[c-]n2ccccc2c1,-10.0285,-8.430254525547445
CC(C)[C@@H](C(=O)NCC(=O)N[C@@H](CCC(=O)O)C(=O)O)[n+]1[c-]n2ccccc2c1,-16.9725,-8.430254525547445
CC(C)[C@@H](C(=O)NCC(=O)N[C@@H](Cc1ccccc1)C(=O)O)[n+]1[c-]n2ccccc2c1,-7.4709,-8.430254525547445
CC(C)[C@@H](C(=O)N[C@@H](C)C(=O)N1CCC[C@H]1C(=O)O)[n+]1[c-]n2ccccc2c1,-3.2557,-8.430254525547445
CC(C)[C@@H](C(=O)N[C@@H](C)C(=O)N[C@@H](CC(=O)O)C(=O)O)[n+]1[c-]n2ccccc2c1,-14.1134,-8.430254525547445
CC(C)[C@@H](C(=O)N[C@@H](C)C(=O)N[C@@H](Cc1c[nH]c2ccccc12)C(=O)O)[n+]1[c-]n2ccccc2c1,-11.155,-8.430254525547445
CC(C)[C@@H](C(=O)N[C@@H](C)C(=O)N[C@@H](Cc1ccc(O)cc1)C(=O)O)[n+]1[c-]n2ccccc2c1,-15.055,-8.430254525547445
CC(C)[C@@H](C(=O)N[C@@H](CC(=O)O)C(=O)N[C@@H](CCC(=O)O)C(=O)O)[n+]1[c-]n2ccccc2c1,-17.9304,-8.430254525547445
CC(C)[C@@H](C(=O)N[C@@H](CC(N)=O)C(=O)N[C@@H](CCC(=O)O)C(=O)O)[n+]1[c-]n2ccccc2c1,-11.852,-8.430254525547445
CC(C)[C@@H](C(=O)N[C@@H](CC(N)=O)C(=O)N[C@@H](CCCNC(=N)N)C(=O)O)[n+]1[c-]n2ccccc2c1,-10.962,-8.430254525547445
CC(C)[C@@H](C(=O)N[C@@H](CC(N)=O)C(=O)N[C@H](C(=O)O)[C@@H](C)O)[n+]1[c-]n2ccccc2c1,-6.4572,-8.430254525547445
CC(C)[C@@H](C(=O)N[C@@H](CCC(=O)O)C(=O)N[C@@H](CCC(=O)O)C(=O)O)[n+]1[c-]n2ccccc2c1,-8.4395,-8.430254525547445
CC(C)[C@@H](C(=O)N[C@@H](CCC(=O)O)C(=O)N[C@@H](CCC(N)=O)C(=O)O)[n+]1[c-]n2ccccc2c1,-14.2223,-8.430254525547445
CC(C)[C@@H](C(=O)N[C@@H](CCC(=O)O)C(=O)N[C@@H](CCCNC(=N)N)C(=O)O)[n+]1[c-]n2ccccc2c1,-5.0476,-8.430254525547445
CC(C)[C@@H](C(=O)N[C@@H](CCC(=O)O)C(=O)N[C@@H](Cc1ccc(O)cc1)C(=O)O)[n+]1[c-]n2ccccc2c1,-9.2479,-8.430254525547445
CC(C)[C@@H](C(=O)N[C@@H](CCC(=O)O)C(=O)O)[n+]1[c-]n2ccccc2c1,-11.934,-8.430254525547445
CC(C)[C@@H](C(=O)N[C@@H](CCC(N)=O)C(=O)N[C@@H](CO)C(=O)O)[n+]1[c-]n2ccccc2c1,-9.1716,-8.430254525547445
CC(C)[C@@H](C(=O)N[C@@H](CCC(N)=O)C(=O)N[C@@H](Cc1c[nH]c2ccccc12)C(=O)O)[n+]1[c-]n2ccccc2c1,-13.2135,-8.430254525547445
CC(C)[C@@H](C(=O)N[C@@H](CCCNC(=N)N)C(=O)N1CCC[C@H]1C(=O)O)[n+]1[c-]n2ccccc2c1,-5.7969,-8.430254525547445
CC(C)[C@@H](C(=O)N[C@@H](CCCNC(=N)N)C(=O)N[C@@H](CC(=O)O)C(=O)O)[n+]1[c-]n2ccccc2c1,-6.3845,-8.430254525547445
CC(C)[C@@H](C(=O)N[C@@H](CCCNC(=N)N)C(=O)N[C@@H](Cc1ccccc1)C(=O)O)[n+]1[c-]n2ccccc2c1,-10.9886,-8.430254525547445
CC(C)[C@@H](C(=O)N[C@@H](CO)C(=O)NCC(=O)O)[n+]1[c-]n2ccccc2c1,-6.3034,-8.430254525547445
CC(C)[C@@H](C(=O)N[C@@H](CO)C(=O)N[C@@H](CC(=O)O)C(=O)O)[n+]1[c-]n2ccccc2c1,-9.5555,-8.430254525547445
CC(C)[C@@H](C(=O)N[C@@H](CO)C(=O)N[C@@H](CO)C(=O)O)[n+]1[c-]n2ccccc2c1,-9.9098,-8.430254525547445
CC(C)[C@@H](C(=O)N[C@@H](CO)C(=O)N[C@@H](Cc1ccc(O)cc1)C(=O)O)[n+]1[c-]n2ccccc2c1,-9.1082,-8.430254525547445
CC(C)[C@@H](C(=O)N[C@@H](CO)C(=O)N[C@@H](Cc1ccccc1)C(=O)O)[n+]1[c-]n2ccccc2c1,-1.8216,-8.430254525547445
CC(C)[C@@H](C(=O)N[C@@H](CS)C(=O)N1CCC[C@H]1C(=O)O)[n+]1[c-]n2ccccc2c1,-10.073,-8.430254525547445
CC(C)[C@@H](C(=O)N[C@@H](CS)C(=O)N[C@@H](CCCNC(=N)N)C(=O)O)[n+]1[c-]n2ccccc2c1,-8.2259,-8.430254525547445
CC(C)[C@@H](C(=O)N[C@@H](CS)C(=O)N[C@@H](CO)C(=O)O)[n+]1[c-]n2ccccc2c1,-7.9685,-8.430254525547445
CC(C)[C@@H](C(=O)N[C@@H](CS)C(=O)N[C@@H](Cc1ccccc1)C(=O)O)[n+]1[c-]n2ccccc2c1,-2.3346,-8.430254525547445
CC(C)[C@@H](C(=O)N[C@@H](Cc1c[nH]cn1)C(=O)N[C@@H](Cc1ccc(O)cc1)C(=O)O)[n+]1[c-]n2ccccc2c1,-17.2761,-8.430254525547445
CC(C)[C@@H](C(=O)N[C@@H](Cc1c[nH]cn1)C(=O)N[C@H](C(=O)O)[C@@H](C)O)[n+]1[c-]n2ccccc2c1,-6.9408,-8.430254525547445
CC(C)[C@@H](C(=O)N[C@@H](Cc1ccc(O)cc1)C(=O)N[C@@H](Cc1ccc(O)cc1)C(=O)O)[n+]1[c-]n2ccccc2c1,-11.6887,-8.430254525547445
CC(C)[C@@H](C(=O)N[C@@H](Cc1ccccc1)C(=O)N1CCC[C@H]1C(=O)O)[n+]1[c-]n2ccccc2c1,10.0061,-8.430254525547445
CC(C)[C@@H](C(=O)N[C@@H](Cc1ccccc1)C(=O)N[C@@H](CC(N)=O)C(=O)O)[n+]1[c-]n2ccccc2c1,-4.1278,-8.430254525547445
CC(C)[C@@H](C(=O)N[C@@H](Cc1ccccc1)C(=O)N[C@@H](CS)C(=O)O)[n+]1[c-]n2ccccc2c1,-2.9951,-8.430254525547445
CC(C)[C@@H](C(=O)N[C@H](C(=O)N1CCC[C@H]1C(=O)O)[C@@H](C)O)[n+]1[c-]n2ccccc2c1,-6.9032,-8.430254525547445
CC(C)[C@@H](C(=O)N[C@H](C(=O)N[C@@H](Cc1ccccc1)C(=O)O)[C@@H](C)O)[n+]1[c-]n2ccccc2c1,-3.0004,-8.430254525547445
CC(C)[C@H](NC(=O)CNC(=O)C[n+]1[c-]n2ccccc2c1)C(=O)O,-9.1587,-8.430254525547445
CC(C)[C@H](NC(=O)CNC(=O)[C@H](CCCNC(=N)N)[n+]1[c-]n2ccccc2c1)C(=O)O,-16.6078,-8.430254525547445
CC(C)[C@H](NC(=O)CNC(=O)[C@H]([C@@H](C)O)[n+]1[c-]n2ccccc2c1)C(=O)O,-7.0563,-8.430254525547445
CC(C)[C@H](NC(=O)C[n+]1[c-]n2ccccc2c1)C(=O)N1CCC[C@H]1C(=O)O,-9.6446,-8.430254525547445
CC(C)[C@H](NC(=O)[C@@H](NC(=O)[C@H](C(C)C)[n+]1[c-]n2ccccc2c1)C(C)C)C(=O)O,-2.3925,-8.430254525547445
CC(C)[C@H](NC(=O)[C@@H](NC(=O)[C@H](C)[n+]1[c-]n2ccccc2c1)C(C)C)C(=O)O,-2.2894,-8.430254525547445
CC(C)[C@H](NC(=O)[C@@H](NC(=O)[C@H](CCCNC(=N)N)[n+]1[c-]n2ccccc2c1)C(C)C)C(=O)O,-0.0855,-8.430254525547445
CC(C)[C@H](NC(=O)[C@@H](NC(=O)[C@H](CS)[n+]1[c-]n2ccccc2c1)[C@@H](C)O)C(=O)O,-0.3767,-8.430254525547445
CC(C)[C@H](NC(=O)[C@@H](NC(=O)[C@H](Cc1c[nH]cn1)[n+]1[c-]n2ccccc2c1)[C@@H](C)O)C(=O)O,-5.2343,-8.430254525547445
CC(C)[C@H](NC(=O)[C@@H]1CCCN1C(=O)[C@H](CCC(N)=O)[n+]1[c-]n2ccccc2c1)C(=O)O,-12.885,-8.430254525547445
CC(C)[C@H](NC(=O)[C@@H]1CCCN1C(=O)[C@H](CCCNC(=N)N)[n+]1[c-]n2ccccc2c1)C(=O)O,-8.9532,-8.430254525547445
CC(C)[C@H](NC(=O)[C@@H]1CCCN1C(=O)[C@H](Cc1ccc(O)cc1)[n+]1[c-]n2ccccc2c1)C(=O)O,-8.901,-8.430254525547445
CC(C)[C@H](NC(=O)[C@@H]1CCCN1C(=O)[C@H](Cc1ccccc1)[n+]1[c-]n2ccccc2c1)C(=O)O,-7.2084,-8.430254525547445
CC(C)[C@H](NC(=O)[C@H](C(C)C)[n+]1[c-]n2ccccc2c1)C(=O)N1CCC[C@H]1C(=O)O,-2.9824,-8.430254525547445
CC(C)[C@H](NC(=O)[C@H](C(C)C)[n+]1[c-]n2ccccc2c1)C(=O)NCC(=O)O,-3.0254,-8.430254525547445
CC(C)[C@H](NC(=O)[C@H](C)NC(=O)[C@H](CC(=O)O)[n+]1[c-]n2ccccc2c1)C(=O)O,-6.169,-8.430254525547445
CC(C)[C@H](NC(=O)[C@H](C)NC(=O)[C@H](CC(N)=O)[n+]1[c-]n2ccccc2c1)C(=O)O,-4.2678,-8.430254525547445
CC(C)[C@H](NC(=O)[C@H](C)NC(=O)[C@H](Cc1c[nH]c2ccccc12)[n+]1[c-]n2ccccc2c1)C(=O)O,-2.9317,-8.430254525547445
CC(C)[C@H](NC(=O)[C@H](C)NC(=O)[C@H](Cc1ccccc1)[n+]1[c-]n2ccccc2c1)C(=O)O,-5.225,-8.430254525547445
CC(C)[C@H](NC(=O)[C@H](C)[n+]1[c-]n2ccccc2c1)C(=O)N1CCC[C@H]1C(=O)O,-4.723,-8.430254525547445
CC(C)[C@H](NC(=O)[C@H](C)[n+]1[c-]n2ccccc2c1)C(=O)N[C@@H](CC(=O)O)C(=O)O,-3.7187,-8.430254525547445
CC(C)[C@H](NC(=O)[C@H](C)[n+]1[c-]n2ccccc2c1)C(=O)N[C@@H](CCC(=O)O)C(=O)O,-9.1658,-8.430254525547445
CC(C)[C@H](NC(=O)[C@H](C)[n+]1[c-]n2ccccc2c1)C(=O)N[C@H](C(=O)O)[C@@H](C)O,-5.1453,-8.430254525547445
CC(C)[C@H](NC(=O)[C@H](C)[n+]1[c-]n2ccccc2c1)C(=O)O,-4.9735,-8.430254525547445
CC(C)[C@H](NC(=O)[C@H](CC(=O)O)NC(=O)[C@H](C(C)C)[n+]1[c-]n2ccccc2c1)C(=O)O,-1.1333,-8.430254525547445
CC(C)[C@H](NC(=O)[C@H](CC(=O)O)NC(=O)[C@H](CCC(N)=O)[n+]1[c-]n2ccccc2c1)C(=O)O,0.2352,-8.430254525547445
CC(C)[C@H](NC(=O)[C@H](CC(=O)O)[n+]1[c-]n2ccccc2c1)C(=O)N[C@@H](CC(=O)O)C(=O)O,-1.9831,-8.430254525547445
CC(C)[C@H](NC(=O)[C@H](CC(=O)O)[n+]1[c-]n2ccccc2c1)C(=O)N[C@@H](CCC(=O)O)C(=O)O,-2.2592,-8.430254525547445
CC(C)[C@H](NC(=O)[C@H](CC(=O)O)[n+]1[c-]n2ccccc2c1)C(=O)N[C@@H](CCC(N)=O)C(=O)O,-10.0632,-8.430254525547445
CC(C)[C@H](NC(=O)[C@H](CC(=O)O)[n+]1[c-]n2ccccc2c1)C(=O)N[C@@H](CS)C(=O)O,-8.0835,-8.430254525547445
CC(C)[C@H](NC(=O)[C@H](CC(=O)O)[n+]1[c-]n2ccccc2c1)C(=O)N[C@@H](Cc1ccc(O)cc1)C(=O)O,-7.1592,-8.430254525547445
CC(C)[C@H](NC(=O)[C@H](CC(=O)O)[n+]1[c-]n2ccccc2c1)C(=O)N[C@@H](Cc1ccccc1)C(=O)O,-3.8623,-8.430254525547445
CC(C)[C@H](NC(=O)[C@H](CC(=O)O)[n+]1[c-]n2ccccc2c1)C(=O)N[C@H](C(=O)O)[C@@H](C)O,4.7531,-8.430254525547445
CC(C)[C@H](NC(=O)[C@H](CC(N)=O)NC(=O)[C@H](CCCNC(=N)N)[n+]1[c-]n2ccccc2c1)C(=O)O,-0.5427,-8.430254525547445
CC(C)[C@H](NC(=O)[C@H](CC(N)=O)NC(=O)[C@H](CO)[n+]1[c-]n2ccccc2c1)C(=O)O,-7.389,-8.430254525547445
CC(C)[C@H](NC(=O)[C@H](CC(N)=O)NC(=O)[C@H](Cc1c[nH]c2ccccc12)[n+]1[c-]n2ccccc2c1)C(=O)O,-7.7932,-8.430254525547445
CC(C)[C@H](NC(=O)[C@H](CC(N)=O)[n+]1[c-]n2ccccc2c1)C(=O)N[C@@H](CC(=O)O)C(=O)O,-7.5178,-8.430254525547445
CC(C)[C@H](NC(=O)[C@H](CC(N)=O)[n+]1[c-]n2ccccc2c1)C(=O)N[C@@H](CCCNC(=N)N)C(=O)O,-14.1923,-8.430254525547445
CC(C)[C@H](NC(=O)[C@H](CC(N)=O)[n+]1[c-]n2ccccc2c1)C(=O)O,-5.6539,-8.430254525547445
CC(C)[C@H](NC(=O)[C@H](CCC(=O)O)NC(=O)[C@H](C(C)C)[n+]1[c-]n2ccccc2c1)C(=O)O,-7.3097,-8.430254525547445
CC(C)[C@H](NC(=O)[C@H](CCC(=O)O)NC(=O)[C@H](Cc1c[nH]cn1)[n+]1[c-]n2ccccc2c1)C(=O)O,-12.1555,-8.430254525547445
CC(C)[C@H](NC(=O)[C@H](CCC(N)=O)[n+]1[c-]n2ccccc2c1)C(=O)NCC(=O)O,-2.5169,-8.430254525547445
CC(C)[C@H](NC(=O)[C@H](CCC(N)=O)[n+]1[c-]n2ccccc2c1)C(=O)N[C@@H](CC(=O)O)C(=O)O,-5.2592,-8.430254525547445
CC(C)[C@H](NC(=O)[C@H](CCC(N)=O)[n+]1[c-]n2ccccc2c1)C(=O)N[C@@H](CS)C(=O)O,-1.1911,-8.430254525547445
CC(C)[C@H](NC(=O)[C@H](CCCNC(=N)N)NC(=O)[C@H](C(C)C)[n+]1[c-]n2ccccc2c1)C(=O)O,-4.7075,-8.430254525547445
CC(C)[C@H](NC(=O)[C@H](CCCNC(=N)N)NC(=O)[C@H](C)[n+]1[c-]n2ccccc2c1)C(=O)O,-0.6881,-8.430254525547445
CC(C)[C@H](NC(=O)[C@H](CCCNC(=N)N)NC(=O)[C@H](CC(=O)O)[n+]1[c-]n2ccccc2c1)C(=O)O,-7.7286,-8.430254525547445
CC(C)[C@H](NC(=O)[C@H](CCCNC(=N)N)NC(=O)[C@H](CC(N)=O)[n+]1[c-]n2ccccc2c1)C(=O)O,-11.9764,-8.430254525547445
CC(C)[C@H](NC(=O)[C@H](CCCNC(=N)N)[n+]1[c-]n2ccccc2c1)C(=O)NCC(=O)O,-1.2121,-8.430254525547445
CC(C)[C@H](NC(=O)[C@H](CCCNC(=N)N)[n+]1[c-]n2ccccc2c1)C(=O)N[C@@H](C)C(=O)O,-3.3064,-8.430254525547445
CC(C)[C@H](NC(=O)[C@H](CCCNC(=N)N)[n+]1[c-]n2ccccc2c1)C(=O)N[C@@H](Cc1ccc(O)cc1)C(=O)O,-9.4056,-8.430254525547445
CC(C)[C@H](NC(=O)[C@H](CCCNC(=N)N)[n+]1[c-]n2ccccc2c1)C(=O)N[C@H](C(=O)O)[C@@H](C)O,-11.2819,-8.430254525547445
CC(C)[C@H](NC(=O)[C@H](CO)NC(=O)[C@H](C)[n+]1[c-]n2ccccc2c1)C(=O)O,-2.7219,-8.430254525547445
CC(C)[C@H](NC(=O)[C@H](CO)NC(=O)[C@H](CS)[n+]1[c-]n2ccccc2c1)C(=O)O,-4.3214,-8.430254525547445
CC(C)[C@H](NC(=O)[C@H](CO)[n+]1[c-]n2ccccc2c1)C(=O)N[C@@H](CC(=O)O)C(=O)O,1.2524,-8.430254525547445
CC(C)[C@H](NC(=O)[C@H](CO)[n+]1[c-]n2ccccc2c1)C(=O)N[C@@H](Cc1c[nH]c2ccccc12)C(=O)O,-9.9599,-8.430254525547445
CC(C)[C@H](NC(=O)[C@H](CO)[n+]1[c-]n2ccccc2c1)C(=O)O,-7.3581,-8.430254525547445
CC(C)[C@H](NC(=O)[C@H](CS)[n+]1[c-]n2ccccc2c1)C(=O)N[C@@H](C)C(=O)O,-6.5414,-8.430254525547445
CC(C)[C@H](NC(=O)[C@H](CS)[n+]1[c-]n2ccccc2c1)C(=O)N[C@@H](CC(=O)O)C(=O)O,-7.4766,-8.430254525547445
CC(C)[C@H](NC(=O)[C@H](CS)[n+]1[c-]n2ccccc2c1)C(=O)N[C@@H](Cc1c[nH]cn1)C(=O)O,-7.6143,-8.430254525547445
CC(C)[C@H](NC(=O)[C@H](Cc1c[nH]c2ccccc12)NC(=O)[C@H](CC(=O)O)[n+]1[c-]n2ccccc2c1)C(=O)O,-11.3418,-8.430254525547445
CC(C)[C@H](NC(=O)[C@H](Cc1c[nH]c2ccccc12)NC(=O)[C@H](CCC(=O)O)[n+]1[c-]n2ccccc2c1)C(=O)O,-1.4896,-8.430254525547445
CC(C)[C@H](NC(=O)[C@H](Cc1c[nH]c2ccccc12)NC(=O)[C@H](Cc1c[nH]c2ccccc12)[n+]1[c-]n2ccccc2c1)C(=O)O,-8.3773,-8.430254525547445
CC(C)[C@H](NC(=O)[C@H](Cc1c[nH]c2ccccc12)NC(=O)[C@H](Cc1c[nH]cn1)[n+]1[c-]n2ccccc2c1)C(=O)O,-11.5683,-8.430254525547445
CC(C)[C@H](NC(=O)[C@H](Cc1c[nH]c2ccccc12)NC(=O)[C@H](Cc1ccc(O)cc1)[n+]1[c-]n2ccccc2c1)C(=O)O,-4.2448,-8.430254525547445
CC(C)[C@H](NC(=O)[C@H](Cc1c[nH]c2ccccc12)[n+]1[c-]n2ccccc2c1)C(=O)N[C@@H](CC(=O)O)C(=O)O,-2.7374,-8.430254525547445
CC(C)[C@H](NC(=O)[C@H](Cc1c[nH]cn1)NC(=O)[C@H](C(C)C)[n+]1[c-]n2ccccc2c1)C(=O)O,-11.6565,-8.430254525547445
CC(C)[C@H](NC(=O)[C@H](Cc1c[nH]cn1)NC(=O)[C@H](CCC(N)=O)[n+]1[c-]n2ccccc2c1)C(=O)O,-11.2572,-8.430254525547445
CC(C)[C@H](NC(=O)[C@H](Cc1c[nH]cn1)NC(=O)[C@H](CCCNC(=N)N)[n+]1[c-]n2ccccc2c1)C(=O)O,-12.0553,-8.430254525547445
CC(C)[C@H](NC(=O)[C@H](Cc1c[nH]cn1)NC(=O)[C@H](Cc1c[nH]c2ccccc12)[n+]1[c-]n2ccccc2c1)C(=O)O,-6.4559,-8.430254525547445
CC(C)[C@H](NC(=O)[C@H](Cc1c[nH]cn1)NC(=O)[C@H](Cc1ccc(O)cc1)[n+]1[c-]n2ccccc2c1)C(=O)O,0.7105,-8.430254525547445
CC(C)[C@H](NC(=O)[C@H](Cc1c[nH]cn1)[n+]1[c-]n2ccccc2c1)C(=O)N1CCC[C@H]1C(=O)O,-6.667,-8.430254525547445
CC(C)[C@H](NC(=O)[C@H](Cc1c[nH]cn1)[n+]1[c-]n2ccccc2c1)C(=O)N[C@@H](CC(N)=O)C(=O)O,-4.86,-8.430254525547445
CC(C)[C@H](NC(=O)[C@H](Cc1ccc(O)cc1)NC(=O)C[n+]1[c-]n2ccccc2c1)C(=O)O,-10.221,-8.430254525547445
CC(C)[C@H](NC(=O)[C@H](Cc1ccc(O)cc1)NC(=O)[C@H](CS)[n+]1[c-]n2ccccc2c1)C(=O)O,-2.2475,-8.430254525547445
CC(C)[C@H](NC(=O)[C@H](Cc1ccc(O)cc1)NC(=O)[C@H](Cc1c[nH]c2ccccc12)[n+]1[c-]n2ccccc2c1)C(=O)O,-9.813,-8.430254525547445
CC(C)[C@H](NC(=O)[C@H](Cc1ccc(O)cc1)NC(=O)[C@H](Cc1ccccc1)[n+]1[c-]n2ccccc2c1)C(=O)O,-4.0862,-8.430254525547445
CC(C)[C@H](NC(=O)[C@H](Cc1ccc(O)cc1)[n+]1[c-]n2ccccc2c1)C(=O)N[C@@H](CCC(=O)O)C(=O)O,0.2091,-8.430254525547445
CC(C)[C@H](NC(=O)[C@H](Cc1ccc(O)cc1)[n+]1[c-]n2ccccc2c1)C(=O)N[C@@H](CCCNC(=N)N)C(=O)O,-10.7062,-8.430254525547445
CC(C)[C@H](NC(=O)[C@H](Cc1ccc(O)cc1)[n+]1[c-]n2ccccc2c1)C(=O)N[C@@H](CS)C(=O)O,-6.7437,-8.430254525547445
CC(C)[C@H](NC(=O)[C@H](Cc1ccc(O)cc1)[n+]1[c-]n2ccccc2c1)C(=O)N[C@H](C(=O)O)[C@@H](C)O,-5.7279,-8.430254525547445
CC(C)[C@H](NC(=O)[C@H](Cc1ccccc1)NC(=O)[C@H](CO)[n+]1[c-]n2ccccc2c1)C(=O)O,-2.8368,-8.430254525547445
CC(C)[C@H](NC(=O)[C@H](Cc1ccccc1)NC(=O)[C@H](Cc1ccc(O)cc1)[n+]1[c-]n2ccccc2c1)C(=O)O,-6.4296,-8.430254525547445
CC(C)[C@H](NC(=O)[C@H](Cc1ccccc1)[n+]1[c-]n2ccccc2c1)C(=O)N[C@@H](CC(=O)O)C(=O)O,-2.6939,-8.430254525547445
CC(C)[C@H](NC(=O)[C@H](Cc1ccccc1)[n+]1[c-]n2ccccc2c1)C(=O)N[C@@H](CCC(=O)O)C(=O)O,-6.9387,-8.430254525547445
CC(C)[C@H](NC(=O)[C@H](Cc1ccccc1)[n+]1[c-]n2ccccc2c1)C(=O)N[C@@H](Cc1ccc(O)cc1)C(=O)O,-16.3276,-8.430254525547445
CC(C)[C@H](NC(=O)[C@H](Cc1ccccc1)[n+]1[c-]n2ccccc2c1)C(=O)N[C@@H](Cc1ccccc1)C(=O)O,-2.2998,-8.430254525547445
CC(C)[C@H](NC(=O)[C@H]([C@@H](C)O)[n+]1[c-]n2ccccc2c1)C(=O)N[C@@H](CCC(N)=O)C(=O)O,-11.5005,-8.430254525547445
CC(C)[C@H](NC(=O)[C@H]([C@@H](C)O)[n+]1[c-]n2ccccc2c1)C(=O)N[C@@H](Cc1c[nH]cn1)C(=O)O,-6.0262,-8.430254525547445
CC(C)[C@H](NC(=O)[C@H]([C@@H](C)O)[n+]1[c-]n2ccccc2c1)C(=O)N[C@@H](Cc1ccccc1)C(=O)O,-6.8368,-8.430254525547445
CC[C@H](C)[C@@H](C(=O)N1CCC[C@H]1C(=O)N[C@@H](CCSC)C(=O)O)[n+]1[c-]n2ccccc2c1,-7.4524,-8.430254525547445
CC[C@H](C)[C@@H](C(=O)N1CCC[C@H]1C(=O)N[C@@H](Cc1ccccc1)C(=O)O)[n+]1[c-]n2ccccc2c1,-7.3262,-8.430254525547445
CC[C@H](C)[C@@H](C(=O)NCC(=O)N[C@@H](CC(N)=O)C(=O)O)[n+]1[c-]n2ccccc2c1,-7.9355,-8.430254525547445
CC[C@H](C)[C@@H](C(=O)NCC(=O)N[C@@H](CCC(=O)O)C(=O)O)[n+]1[c-]n2ccccc2c1,-10.9868,-8.430254525547445
CC[C@H](C)[C@@H](C(=O)N[C@@H](C)C(=O)N1CCC[C@H]1C(=O)O)[n+]1[c-]n2ccccc2c1,-8.3044,-8.430254525547445
CC[C@H](C)[C@@H](C(=O)N[C@@H](C)C(=O)NCC(=O)O)[n+]1[c-]n2ccccc2c1,-3.4363,-8.430254525547445
CC[C@H](C)[C@@H](C(=O)N[C@@H](C)C(=O)N[C@@H](CCC(N)=O)C(=O)O)[n+]1[c-]n2ccccc2c1,-3.8583,-8.430254525547445
CC[C@H](C)[C@@H](C(=O)N[C@@H](C)C(=O)N[C@@H](CCSC)C(=O)O)[n+]1[c-]n2ccccc2c1,-4.9384,-8.430254525547445
CC[C@H](C)[C@@H](C(=O)N[C@@H](C)C(=O)N[C@@H](Cc1ccc(O)cc1)C(=O)O)[n+]1[c-]n2ccccc2c1,-14.7771,-8.430254525547445
CC[C@H](C)[C@@H](C(=O)N[C@@H](CC(=O)O)C(=O)N1CCC[C@H]1C(=O)O)[n+]1[c-]n2ccccc2c1,-9.1864,-8.430254525547445
CC[C@H](C)[C@@H](C(=O)N[C@@H](CC(=O)O)C(=O)N[C@@H](CS)C(=O)O)[n+]1[c-]n2ccccc2c1,-9.0652,-8.430254525547445
CC[C@H](C)[C@@H](C(=O)N[C@@H](CC(=O)O)C(=O)N[C@@H](Cc1ccc(O)cc1)C(=O)O)[n+]1[c-]n2ccccc2c1,-10.0713,-8.430254525547445
CC[C@H](C)[C@@H](C(=O)N[C@@H](CC(C)C)C(=O)N1CCC[C@H]1C(=O)O)[n+]1[c-]n2ccccc2c1,-9.6638,-8.430254525547445
CC[C@H](C)[C@@H](C(=O)N[C@@H](CC(C)C)C(=O)NCC(=O)O)[n+]1[c-]n2ccccc2c1,-6.1043,-8.430254525547445
CC[C@H](C)[C@@H](C(=O)N[C@@H](CC(C)C)C(=O)N[C@@H](CC(=O)O)C(=O)O)[n+]1[c-]n2ccccc2c1,-5.494,-8.430254525547445
CC[C@H](C)[C@@H](C(=O)N[C@@H](CC(C)C)C(=O)N[C@@H](CO)C(=O)O)[n+]1[c-]n2ccccc2c1,-6.6522,-8.430254525547445
CC[C@H](C)[C@@H](C(=O)N[C@@H](CC(C)C)C(=O)N[C@H](C(=O)O)C(C)C)[n+]1[c-]n2ccccc2c1,-2.7259,-8.430254525547445
CC[C@H](C)[C@@H](C(=O)N[C@@H](CC(C)C)C(=O)N[C@H](C(=O)O)[C@@H](C)O)[n+]1[c-]n2ccccc2c1,-6.3641,-8.430254525547445
CC[C@H](C)[C@@H](C(=O)N[C@@H](CC(C)C)C(=O)O)[n+]1[c-]n2ccccc2c1,-2.6568,-8.430254525547445
CC[C@H](C)[C@@H](C(=O)N[C@@H](CC(N)=O)C(=O)N[C@@H](C)C(=O)O)[n+]1[c-]n2ccccc2c1,-8.5044,-8.430254525547445
CC[C@H](C)[C@@H](C(=O)N[C@@H](CC(N)=O)C(=O)N[C@@H](CCC(=O)O)C(=O)O)[n+]1[c-]n2ccccc2c1,-16.4171,-8.430254525547445
CC[C@H](C)[C@@H](C(=O)N[C@@H](CC(N)=O)C(=O)N[C@@H](CCSC)C(=O)O)[n+]1[c-]n2ccccc2c1,-11.3472,-8.430254525547445
CC[C@H](C)[C@@H](C(=O)N[C@@H](CC(N)=O)C(=O)N[C@@H](Cc1c[nH]cn1)C(=O)O)[n+]1[c-]n2ccccc2c1,-4.9718,-8.430254525547445
CC[C@H](C)[C@@H](C(=O)N[C@@H](CCC(=O)O)C(=O)N[C@@H](C)C(=O)O)[n+]1[c-]n2ccccc2c1,-10.5105,-8.430254525547445
CC[C@H](C)[C@@H](C(=O)N[C@@H](CCC(=O)O)C(=O)N[C@@H](CC(C)C)C(=O)O)[n+]1[c-]n2ccccc2c1,-10.1547,-8.430254525547445
CC[C@H](C)[C@@H](C(=O)N[C@@H](CCC(=O)O)C(=O)N[C@@H](CCCNC(=N)N)C(=O)O)[n+]1[c-]n2ccccc2c1,-4.7984,-8.430254525547445
CC[C@H](C)[C@@H](C(=O)N[C@@H](CCC(N)=O)C(=O)NCC(=O)O)[n+]1[c-]n2ccccc2c1,-9.7095,-8.430254525547445
CC[C@H](C)[C@@H](C(=O)N[C@@H](CCC(N)=O)C(=O)N[C@@H](C)C(=O)O)[n+]1[c-]n2ccccc2c1,-11.6273,-8.430254525547445
CC[C@H](C)[C@@H](C(=O)N[C@@H](CCC(N)=O)C(=O)N[C@@H](CC(C)C)C(=O)O)[n+]1[c-]n2ccccc2c1,-9.8076,-8.430254525547445
CC[C@H](C)[C@@H](C(=O)N[C@@H](CCC(N)=O)C(=O)N[C@@H](CS)C(=O)O)[n+]1[c-]n2ccccc2c1,-11.61,-8.430254525547445
CC[C@H](C)[C@@H](C(=O)N[C@@H](CCC(N)=O)C(=O)N[C@@H](Cc1ccc(O)cc1)C(=O)O)[n+]1[c-]n2ccccc2c1,-20.075,-8.430254525547445
CC[C@H](C)[C@@H](C(=O)N[C@@H](CCCNC(=N)N)C(=O)NCC(=O)O)[n+]1[c-]n2ccccc2c1,-11.8765,-8.430254525547445
CC[C@H](C)[C@@H](C(=O)N[C@@H](CCCNC(=N)N)C(=O)N[C@@H](Cc1c[nH]c2ccccc12)C(=O)O)[n+]1[c-]n2ccccc2c1,-2.7281,-8.430254525547445
CC[C@H](C)[C@@H](C(=O)N[C@@H](CCCNC(=N)N)C(=O)O)[n+]1[c-]n2ccccc2c1,-12.6737,-8.430254525547445
CC[C@H](C)[C@@H](C(=O)N[C@@H](CCSC)C(=O)N[C@@H](CC(=O)O)C(=O)O)[n+]1[c-]n2ccccc2c1,-13.7176,-8.430254525547445
CC[C@H](C)[C@@H](C(=O)N[C@@H](CCSC)C(=O)N[C@@H](Cc1c[nH]c2ccccc12)C(=O)O)[n+]1[c-]n2ccccc2c1,-16.1204,-8.430254525547445
CC[C@H](C)[C@@H](C(=O)N[C@@H](CO)C(=O)N[C@@H](CC(=O)O)C(=O)O)[n+]1[c-]n2ccccc2c1,-14.0863,-8.430254525547445
CC[C@H](C)[C@@H](C(=O)N[C@@H](CO)C(=O)N[C@@H](CC(C)C)C(=O)O)[n+]1[c-]n2ccccc2c1,0.579,-8.430254525547445
CC[C@H](C)[C@@H](C(=O)N[C@@H](CO)C(=O)N[C@@H](CCC(N)=O)C(=O)O)[n+]1[c-]n2ccccc2c1,-13.1568,-8.430254525547445
CC[C@H](C)[C@@H](C(=O)N[C@@H](CO)C(=O)N[C@@H](Cc1c[nH]cn1)C(=O)O)[n+]1[c-]n2ccccc2c1,-4.3051,-8.430254525547445
CC[C@H](C)[C@@H](C(=O)N[C@@H](CO)C(=O)O)[n+]1[c-]n2ccccc2c1,-5.9527,-8.430254525547445
CC[C@H](C)[C@@H](C(=O)N[C@@H](CS)C(=O)NCC(=O)O)[n+]1[c-]n2ccccc2c1,-2.1207,-8.430254525547445
CC[C@H](C)[C@@H](C(=O)N[C@@H](Cc1c[nH]c2ccccc12)C(=O)N[C@@H](CC(C)C)C(=O)O)[n+]1[c-]n2ccccc2c1,-5.6748,-8.430254525547445
CC[C@H](C)[C@@H](C(=O)N[C@@H](Cc1c[nH]c2ccccc12)C(=O)N[C@@H](CS)C(=O)O)[n+]1[c-]n2ccccc2c1,-6.2829,-8.430254525547445
CC[C@H](C)[C@@H](C(=O)N[C@@H](Cc1c[nH]c2ccccc12)C(=O)N[C@@H](Cc1c[nH]c2ccccc12)C(=O)O)[n+]1[c-]n2ccccc2c1,-10.253,-8.430254525547445
CC[C@H](C)[C@@H](C(=O)N[C@@H](Cc1c[nH]c2ccccc12)C(=O)N[C@H](C(=O)O)C(C)C)[n+]1[c-]n2ccccc2c1,-7.9739,-8.430254525547445
CC[C@H](C)[C@@H](C(=O)N[C@@H](Cc1c[nH]c2ccccc12)C(=O)N[C@H](C(=O)O)[C@@H](C)O)[n+]1[c-]n2ccccc2c1,-15.3804,-8.430254525547445
CC[C@H](C)[C@@H](C(=O)N[C@@H](Cc1c[nH]cn1)C(=O)N[C@@H](CCCNC(=N)N)C(=O)O)[n+]1[c-]n2ccccc2c1,-12.1228,-8.430254525547445
CC[C@H](C)[C@@H](C(=O)N[C@@H](Cc1c[nH]cn1)C(=O)N[C@@H](CS)C(=O)O)[n+]1[c-]n2ccccc2c1,-9.8509,-8.430254525547445
CC[C@H](C)[C@@H](C(=O)N[C@@H](Cc1c[nH]cn1)C(=O)N[C@@H](Cc1c[nH]c2ccccc12)C(=O)O)[n+]1[c-]n2ccccc2c1,-19.0161,-8.430254525547445
CC[C@H](C)[C@@H](C(=O)N[C@@H](Cc1c[nH]cn1)C(=O)N[C@@H](Cc1c[nH]cn1)C(=O)O)[n+]1[c-]n2ccccc2c1,-6.762,-8.430254525547445
CC[C@H](C)[C@@H](C(=O)N[C@@H](Cc1c[nH]cn1)C(=O)N[C@@H](Cc1ccccc1)C(=O)O)[n+]1[c-]n2ccccc2c1,-6.624,-8.430254525547445
CC[C@H](C)[C@@H](C(=O)N[C@@H](Cc1ccc(O)cc1)C(=O)N[C@@H](C)C(=O)O)[n+]1[c-]n2ccccc2c1,-4.7245,-8.430254525547445
CC[C@H](C)[C@@H](C(=O)N[C@@H](Cc1ccc(O)cc1)C(=O)N[C@@H](CC(C)C)C(=O)O)[n+]1[c-]n2ccccc2c1,-5.0005,-8.430254525547445
CC[C@H](C)[C@@H](C(=O)N[C@@H](Cc1ccc(O)cc1)C(=O)O)[n+]1[c-]n2ccccc2c1,-6.9004,-8.430254525547445
CC[C@H](C)[C@@H](C(=O)N[C@@H](Cc1ccccc1)C(=O)NCC(=O)O)[n+]1[c-]n2ccccc2c1,-9.3485,-8.430254525547445
CC[C@H](C)[C@@H](C(=O)N[C@@H](Cc1ccccc1)C(=O)N[C@H](C(=O)O)C(C)C)[n+]1[c-]n2ccccc2c1,-7.2634,-8.430254525547445
CC[C@H](C)[C@@H](C(=O)N[C@H](C(=O)N1CCC[C@H]1C(=O)O)[C@@H](C)O)[n+]1[c-]n2ccccc2c1,-7.2887,-8.430254525547445
CC[C@H](C)[C@@H](C(=O)N[C@H](C(=O)N[C@@H](CC(=O)O)C(=O)O)C(C)C)[n+]1[c-]n2ccccc2c1,-5.0736,-8.430254525547445
CC[C@H](C)[C@@H](C(=O)N[C@H](C(=O)N[C@@H](CC(C)C)C(=O)O)C(C)C)[n+]1[c-]n2ccccc2c1,-5.0759,-8.430254525547445
CC[C@H](C)[C@@H](C(=O)N[C@H](C(=O)N[C@@H](CCCNC(=N)N)C(=O)O)[C@@H](C)O)[n+]1[c-]n2ccccc2c1,-5.1174,-8.430254525547445
CC[C@H](C)[C@@H](C(=O)N[C@H](C(=O)N[C@@H](CO)C(=O)O)[C@@H](C)O)[n+]1[c-]n2ccccc2c1,-9.3773,-8.430254525547445
CC[C@H](C)[C@@H](C(=O)N[C@H](C(=O)N[C@@H](CS)C(=O)O)C(C)C)[n+]1[c-]n2ccccc2c1,-6.8301,-8.430254525547445
CC[C@H](C)[C@@H](C(=O)N[C@H](C(=O)N[C@@H](Cc1c[nH]cn1)C(=O)O)[C@@H](C)O)[n+]1[c-]n2ccccc2c1,-11.5309,-8.430254525547445
CC[C@H](C)[C@@H](C(=O)N[C@H](C(=O)N[C@@H](Cc1ccccc1)C(=O)O)C(C)C)[n+]1[c-]n2ccccc2c1,-5.6032,-8.430254525547445
CC[C@H](C)[C@@H](C(=O)N[C@H](C(=O)N[C@H](C(=O)O)C(C)C)C(C)C)[n+]1[c-]n2ccccc2c1,-6.3884,-8.430254525547445
CC[C@H](C)[C@@H](C(=O)N[C@H](C(=O)N[C@H](C(=O)O)C(C)C)[C@@H](C)O)[n+]1[c-]n2ccccc2c1,0.3137,-8.430254525547445
CC[C@H](C)[C@H](NC(=O)CNC(=O)[C@H](C)[n+]1[c-]n2ccccc2c1)C(=O)O,-5.7888,-8.430254525547445
CC[C@H](C)[C@H](NC(=O)CNC(=O)[C@H](CO)[n+]1[c-]n2ccccc2c1)C(=O)O,-7.2566,-8.430254525547445
CC[C@H](C)[C@H](NC(=O)CNC(=O)[C@H]([C@@H](C)CC)[n+]1[c-]n2ccccc2c1)C(=O)O,-6.4794,-8.430254525547445
CC[C@H](C)[C@H](NC(=O)C[n+]1[c-]n2ccccc2c1)C(=O)N[C@@H](CC(N)=O)C(=O)O,-11.2645,-8.430254525547445
CC[C@H](C)[C@H](NC(=O)C[n+]1[c-]n2ccccc2c1)C(=O)N[C@@H](CCC(=O)O)C(=O)O,-12.2694,-8.430254525547445
CC[C@H](C)[C@H](NC(=O)C[n+]1[c-]n2ccccc2c1)C(=O)N[C@@H](CO)C(=O)O,-5.8275,-8.430254525547445
CC[C@H](C)[C@H](NC(=O)C[n+]1[c-]n2ccccc2c1)C(=O)N[C@@H](CS)C(=O)O,-11.0127,-8.430254525547445
CC[C@H](C)[C@H](NC(=O)C[n+]1[c-]n2ccccc2c1)C(=O)N[C@@H](Cc1c[nH]c2ccccc12)C(=O)O,-15.3299,-8.430254525547445
CC[C@H](C)[C@H](NC(=O)C[n+]1[c-]n2ccccc2c1)C(=O)N[C@@H](Cc1ccccc1)C(=O)O,-12.8381,-8.430254525547445
CC[C@H](C)[C@H](NC(=O)[C@@H](NC(=O)[C@H](C)[n+]1[c-]n2ccccc2c1)[C@@H](C)CC)C(=O)O,-3.2137,-8.430254525547445
CC[C@H](C)[C@H](NC(=O)[C@@H](NC(=O)[C@H](CC(N)=O)[n+]1[c-]n2ccccc2c1)C(C)C)C(=O)O,-5.8756,-8.430254525547445
CC[C@H](C)[C@H](NC(=O)[C@@H](NC(=O)[C@H](CCC(=O)O)[n+]1[c-]n2ccccc2c1)[C@@H](C)O)C(=O)O,2.4691,-8.430254525547445
CC[C@H](C)[C@H](NC(=O)[C@@H](NC(=O)[C@H](CCC(N)=O)[n+]1[c-]n2ccccc2c1)C(C)C)C(=O)O,-4.601,-8.430254525547445
CC[C@H](C)[C@H](NC(=O)[C@@H](NC(=O)[C@H](Cc1c[nH]c2ccccc12)[n+]1[c-]n2ccccc2c1)[C@@H](C)CC)C(=O)O,1.3337,-8.430254525547445
CC[C@H](C)[C@H](NC(=O)[C@@H](NC(=O)[C@H](Cc1c[nH]cn1)[n+]1[c-]n2ccccc2c1)C(C)C)C(=O)O,-7.4052,-8.430254525547445
CC[C@H](C)[C@H](NC(=O)[C@@H](NC(=O)[C@H](Cc1ccccc1)[n+]1[c-]n2ccccc2c1)[C@@H](C)CC)C(=O)O,-7.8663,-8.430254525547445
CC[C@H](C)[C@H](NC(=O)[C@@H](NC(=O)[C@H]([C@@H](C)CC)[n+]1[c-]n2ccccc2c1)[C@@H](C)O)C(=O)O,-3.3108,-8.430254525547445
CC[C@H](C)[C@H](NC(=O)[C@@H]1CCCN1C(=O)C[n+]1[c-]n2ccccc2c1)C(=O)O,-10.646,-8.430254525547445
CC[C@H](C)[C@H](NC(=O)[C@@H]1CCCN1C(=O)[C@H](C)[n+]1[c-]n2ccccc2c1)C(=O)O,-7.0022,-8.430254525547445
CC[C@H](C)[C@H](NC(=O)[C@@H]1CCCN1C(=O)[C@H](CC(C)C)[n+]1[c-]n2ccccc2c1)C(=O)O,-2.712,-8.430254525547445
CC[C@H](C)[C@H](NC(=O)[C@@H]1CCCN1C(=O)[C@H]([C@@H](C)CC)[n+]1[c-]n2ccccc2c1)C(=O)O,-7.3453,-8.430254525547445
CC[C@H](C)[C@H](NC(=O)[C@H](C(C)C)[n+]1[c-]n2ccccc2c1)C(=O)N[C@@H](Cc1c[nH]cn1)C(=O)O,-1.9705,-8.430254525547445
CC[C@H](C)[C@H](NC(=O)[C@H](C(C)C)[n+]1[c-]n2ccccc2c1)C(=O)N[C@@H](Cc1ccc(O)cc1)C(=O)O,-8.8588,-8.430254525547445
CC[C@H](C)[C@H](NC(=O)[C@H](C)NC(=O)C[n+]1[c-]n2ccccc2c1)C(=O)O,-11.3055,-8.430254525547445
CC[C@H](C)[C@H](NC(=O)[C@H](C)NC(=O)[C@H](CCC(N)=O)[n+]1[c-]n2ccccc2c1)C(=O)O,-3.7245,-8.430254525547445
CC[C@H](C)[C@H](NC(=O)[C@H](C)NC(=O)[C@H](Cc1c[nH]cn1)[n+]1[c-]n2ccccc2c1)C(=O)O,-8.5354,-8.430254525547445
CC[C@H](C)[C@H](NC(=O)[C@H](C)NC(=O)[C@H](Cc1ccc(O)cc1)[n+]1[c-]n2ccccc2c1)C(=O)O,-4.5218,-8.430254525547445
CC[C@H](C)[C@H](NC(=O)[C@H](C)NC(=O)[C@H](Cc1ccccc1)[n+]1[c-]n2ccccc2c1)C(=O)O,-5.1216,-8.430254525547445
CC[C@H](C)[C@H](NC(=O)[C@H](C)[n+]1[c-]n2ccccc2c1)C(=O)N[C@@H](Cc1ccc(O)cc1)C(=O)O,-9.3065,-8.430254525547445
CC[C@H](C)[C@H](NC(=O)[C@H](CC(=O)O)NC(=O)C[n+]1[c-]n2ccccc2c1)C(=O)O,-6.1364,-8.430254525547445
CC[C@H](C)[C@H](NC(=O)[C@H](CC(=O)O)NC(=O)[C@H](C(C)C)[n+]1[c-]n2ccccc2c1)C(=O)O,-4.8719,-8.430254525547445
CC[C@H](C)[C@H](NC(=O)[C@H](CC(=O)O)NC(=O)[C@H](CCC(=O)O)[n+]1[c-]n2ccccc2c1)C(=O)O,0.8391,-8.430254525547445
CC[C@H](C)[C@H](NC(=O)[C@H](CC(=O)O)NC(=O)[C@H](CS)[n+]1[c-]n2ccccc2c1)C(=O)O,3.4105,-8.430254525547445
CC[C@H](C)[C@H](NC(=O)[C@H](CC(=O)O)NC(=O)[C@H](Cc1ccc(O)cc1)[n+]1[c-]n2ccccc2c1)C(=O)O,0.1322,-8.430254525547445
CC[C@H](C)[C@H](NC(=O)[C@H](CC(=O)O)NC(=O)[C@H]([C@@H](C)CC)[n+]1[c-]n2ccccc2c1)C(=O)O,-6.8442,-8.430254525547445
CC[C@H](C)[C@H](NC(=O)[C@H](CC(=O)O)[n+]1[c-]n2ccccc2c1)C(=O)N[C@@H](CC(N)=O)C(=O)O,-16.3492,-8.430254525547445
CC[C@H](C)[C@H](NC(=O)[C@H](CC(C)C)NC(=O)[C@H](C(C)C)[n+]1[c-]n2ccccc2c1)C(=O)O,-5.3587,-8.430254525547445
CC[C@H](C)[C@H](NC(=O)[C@H](CC(C)C)NC(=O)[C@H](CC(C)C)[n+]1[c-]n2ccccc2c1)C(=O)O,-4.5373,-8.430254525547445
CC[C@H](C)[C@H](NC(=O)[C@H](CC(C)C)NC(=O)[C@H](Cc1ccccc1)[n+]1[c-]n2ccccc2c1)C(=O)O,-5.7664,-8.430254525547445
CC[C@H](C)[C@H](NC(=O)[C@H](CC(C)C)NC(=O)[C@H]([C@@H](C)CC)[n+]1[c-]n2ccccc2c1)C(=O)O,-5.3964,-8.430254525547445
CC[C@H](C)[C@H](NC(=O)[C@H](CC(C)C)[n+]1[c-]n2ccccc2c1)C(=O)N[C@@H](CC(N)=O)C(=O)O,-2.9568,-8.430254525547445
CC[C@H](C)[C@H](NC(=O)[C@H](CC(C)C)[n+]1[c-]n2ccccc2c1)C(=O)N[C@@H](CCC(N)=O)C(=O)O,-11.103,-8.430254525547445
CC[C@H](C)[C@H](NC(=O)[C@H](CC(N)=O)NC(=O)[C@H](C(C)C)[n+]1[c-]n2ccccc2c1)C(=O)O,-10.0592,-8.430254525547445
CC[C@H](C)[C@H](NC(=O)[C@H](CC(N)=O)NC(=O)[C@H](C)[n+]1[c-]n2ccccc2c1)C(=O)O,-0.1305,-8.430254525547445
CC[C@H](C)[C@H](NC(=O)[C@H](CC(N)=O)NC(=O)[C@H](CCCNC(=N)N)[n+]1[c-]n2ccccc2c1)C(=O)O,-11.984,-8.430254525547445
CC[C@H](C)[C@H](NC(=O)[C@H](CC(N)=O)NC(=O)[C@H](CO)[n+]1[c-]n2ccccc2c1)C(=O)O,-9.3411,-8.430254525547445
CC[C@H](C)[C@H](NC(=O)[C@H](CC(N)=O)NC(=O)[C@H]([C@@H](C)O)[n+]1[c-]n2ccccc2c1)C(=O)O,-4.861,-8.430254525547445
CC[C@H](C)[C@H](NC(=O)[C@H](CC(N)=O)[n+]1[c-]n2ccccc2c1)C(=O)N[C@@H](C)C(=O)O,-4.8976,-8.430254525547445
CC[C@H](C)[C@H](NC(=O)[C@H](CC(N)=O)[n+]1[c-]n2ccccc2c1)C(=O)N[C@H](C(=O)O)[C@@H](C)O,-4.5235,-8.430254525547445
CC[C@H](C)[C@H](NC(=O)[C@H](CCC(=O)O)NC(=O)[C@H](CC(C)C)[n+]1[c-]n2ccccc2c1)C(=O)O,-12.0891,-8.430254525547445
CC[C@H](C)[C@H](NC(=O)[C@H](CCC(=O)O)NC(=O)[C@H](CCCNC(=N)N)[n+]1[c-]n2ccccc2c1)C(=O)O,-15.0165,-8.430254525547445
CC[C@H](C)[C@H](NC(=O)[C@H](CCC(=O)O)NC(=O)[C@H](Cc1c[nH]c2ccccc12)[n+]1[c-]n2ccccc2c1)C(=O)O,-12.2291,-8.430254525547445
CC[C@H](C)[C@H](NC(=O)[C@H](CCC(=O)O)[n+]1[c-]n2ccccc2c1)C(=O)N1CCC[C@H]1C(=O)O,-2.839,-8.430254525547445
CC[C@H](C)[C@H](NC(=O)[C@H](CCC(=O)O)[n+]1[c-]n2ccccc2c1)C(=O)N[C@@H](CC(=O)O)C(=O)O,-10.2373,-8.430254525547445
CC[C@H](C)[C@H](NC(=O)[C@H](CCC(=O)O)[n+]1[c-]n2ccccc2c1)C(=O)N[C@@H](Cc1c[nH]cn1)C(=O)O,-2.291,-8.430254525547445
CC[C@H](C)[C@H](NC(=O)[C@H](CCC(=O)O)[n+]1[c-]n2ccccc2c1)C(=O)N[C@@H](Cc1ccc(O)cc1)C(=O)O,-6.6471,-8.430254525547445
CC[C@H](C)[C@H](NC(=O)[C@H](CCC(N)=O)NC(=O)[C@H](CC(=O)O)[n+]1[c-]n2ccccc2c1)C(=O)O,-15.9925,-8.430254525547445
CC[C@H](C)[C@H](NC(=O)[C@H](CCC(N)=O)NC(=O)[C@H](CC(N)=O)[n+]1[c-]n2ccccc2c1)C(=O)O,-14.454,-8.430254525547445
CC[C@H](C)[C@H](NC(=O)[C@H](CCC(N)=O)NC(=O)[C@H](CCC(N)=O)[n+]1[c-]n2ccccc2c1)C(=O)O,-18.2566,-8.430254525547445
CC[C@H](C)[C@H](NC(=O)[C@H](CCC(N)=O)NC(=O)[C@H](Cc1ccc(O)cc1)[n+]1[c-]n2ccccc2c1)C(=O)O,-12.4904,-8.430254525547445
CC[C@H](C)[C@H](NC(=O)[C@H](CCC(N)=O)[n+]1[c-]n2ccccc2c1)C(=O)N[C@@H](CS)C(=O)O,-3.9213,-8.430254525547445
CC[C@H](C)[C@H](NC(=O)[C@H](CCC(N)=O)[n+]1[c-]n2ccccc2c1)C(=O)N[C@@H](Cc1c[nH]c2ccccc12)C(=O)O,-9.1916,-8.430254525547445
CC[C@H](C)[C@H](NC(=O)[C@H](CCC(N)=O)[n+]1[c-]n2ccccc2c1)C(=O)N[C@H](C(=O)O)[C@@H](C)O,-4.5354,-8.430254525547445
CC[C@H](C)[C@H](NC(=O)[C@H](CCCNC(=N)N)NC(=O)[C@H](CCC(N)=O)[n+]1[c-]n2ccccc2c1)C(=O)O,-11.4367,-8.430254525547445
CC[C@H](C)[C@H](NC(=O)[C@H](CCCNC(=N)N)NC(=O)[C@H](CCCNC(=N)N)[n+]1[c-]n2ccccc2c1)C(=O)O,-1.6151,-8.430254525547445
CC[C@H](C)[C@H](NC(=O)[C@H](CCCNC(=N)N)[n+]1[c-]n2ccccc2c1)C(=O)N[C@@H](CC(C)C)C(=O)O,-5.452,-8.430254525547445
CC[C@H](C)[C@H](NC(=O)[C@H](CCCNC(=N)N)[n+]1[c-]n2ccccc2c1)C(=O)N[C@@H](CCC(=O)O)C(=O)O,-1.7147,-8.430254525547445
CC[C@H](C)[C@H](NC(=O)[C@H](CCCNC(=N)N)[n+]1[c-]n2ccccc2c1)C(=O)N[C@@H](CO)C(=O)O,-10.5244,-8.430254525547445
CC[C@H](C)[C@H](NC(=O)[C@H](CCCNC(=N)N)[n+]1[c-]n2ccccc2c1)C(=O)N[C@@H](Cc1ccc(O)cc1)C(=O)O,-13.132,-8.430254525547445
CC[C@H](C)[C@H](NC(=O)[C@H](CCCNC(=N)N)[n+]1[c-]n2ccccc2c1)C(=O)N[C@H](C(=O)O)[C@@H](C)O,-12.2593,-8.430254525547445
CC[C@H](C)[C@H](NC(=O)[C@H](CCSC)NC(=O)[C@H](CC(=O)O)[n+]1[c-]n2ccccc2c1)C(=O)O,-8.0904,-8.430254525547445
CC[C@H](C)[C@H](NC(=O)[C@H](CCSC)NC(=O)[C@H](CCC(N)=O)[n+]1[c-]n2ccccc2c1)C(=O)O,-2.3345,-8.430254525547445
CC[C@H](C)[C@H](NC(=O)[C@H](CCSC)NC(=O)[C@H](CCCNC(=N)N)[n+]1[c-]n2ccccc2c1)C(=O)O,-6.0027,-8.430254525547445
CC[C@H](C)[C@H](NC(=O)[C@H](CCSC)NC(=O)[C@H](CO)[n+]1[c-]n2ccccc2c1)C(=O)O,-1.0294,-8.430254525547445
CC[C@H](C)[C@H](NC(=O)[C@H](CCSC)NC(=O)[C@H]([C@@H](C)CC)[n+]1[c-]n2ccccc2c1)C(=O)O,-4.3447,-8.430254525547445
CC[C@H](C)[C@H](NC(=O)[C@H](CCSC)NC(=O)[C@H]([C@@H](C)O)[n+]1[c-]n2ccccc2c1)C(=O)O,-3.6787,-8.430254525547445
CC[C@H](C)[C@H](NC(=O)[C@H](CCSC)[n+]1[c-]n2ccccc2c1)C(=O)N[C@@H](C)C(=O)O,-1.5707,-8.430254525547445
CC[C@H](C)[C@H](NC(=O)[C@H](CCSC)[n+]1[c-]n2ccccc2c1)C(=O)N[C@@H](CC(N)=O)C(=O)O,-9.8879,-8.430254525547445
CC[C@H](C)[C@H](NC(=O)[C@H](CCSC)[n+]1[c-]n2ccccc2c1)C(=O)N[C@@H](CCCNC(=N)N)C(=O)O,-2.5871,-8.430254525547445
CC[C@H](C)[C@H](NC(=O)[C@H](CCSC)[n+]1[c-]n2ccccc2c1)C(=O)N[C@@H](Cc1c[nH]c2ccccc12)C(=O)O,-10.0802,-8.430254525547445
CC[C@H](C)[C@H](NC(=O)[C@H](CO)NC(=O)[C@H](C(C)C)[n+]1[c-]n2ccccc2c1)C(=O)O,-2.153,-8.430254525547445
CC[C@H](C)[C@H](NC(=O)[C@H](CO)NC(=O)[C@H](C)[n+]1[c-]n2ccccc2c1)C(=O)O,-4.1629,-8.430254525547445
CC[C@H](C)[C@H](NC(=O)[C@H](CO)NC(=O)[C@H](CCC(=O)O)[n+]1[c-]n2ccccc2c1)C(=O)O,0.9035,-8.430254525547445
CC[C@H](C)[C@H](NC(=O)[C@H](CO)NC(=O)[C@H](Cc1ccc(O)cc1)[n+]1[c-]n2ccccc2c1)C(=O)O,2.6278,-8.430254525547445
CC[C@H](C)[C@H](NC(=O)[C@H](CO)[n+]1[c-]n2ccccc2c1)C(=O)N1CCC[C@H]1C(=O)O,-6.4813,-8.430254525547445
CC[C@H](C)[C@H](NC(=O)[C@H](CO)[n+]1[c-]n2ccccc2c1)C(=O)NCC(=O)O,-5.559,-8.430254525547445
CC[C@H](C)[C@H](NC(=O)[C@H](CO)[n+]1[c-]n2ccccc2c1)C(=O)N[C@@H](Cc1c[nH]c2ccccc12)C(=O)O,-5.691,-8.430254525547445
CC[C@H](C)[C@H](NC(=O)[C@H](CO)[n+]1[c-]n2ccccc2c1)C(=O)N[C@@H](Cc1ccc(O)cc1)C(=O)O,-12.368,-8.430254525547445
CC[C@H](C)[C@H](NC(=O)[C@H](CS)NC(=O)[C@H](CC(C)C)[n+]1[c-]n2ccccc2c1)C(=O)O,-1.3589,-8.430254525547445
CC[C@H](C)[C@H](NC(=O)[C@H](CS)NC(=O)[C@H](CCSC)[n+]1[c-]n2ccccc2c1)C(=O)O,-4.8432,-8.430254525547445
CC[C@H](C)[C@H](NC(=O)[C@H](CS)NC(=O)[C@H](Cc1c[nH]c2ccccc12)[n+]1[c-]n2ccccc2c1)C(=O)O,-2.151,-8.430254525547445
CC[C@H](C)[C@H](NC(=O)[C@H](CS)NC(=O)[C@H](Cc1c[nH]cn1)[n+]1[c-]n2ccccc2c1)C(=O)O,-1.9694,-8.430254525547445
CC[C@H](C)[C@H](NC(=O)[C@H](CS)NC(=O)[C@H](Cc1ccc(O)cc1)[n+]1[c-]n2ccccc2c1)C(=O)O,-8.9391,-8.430254525547445
CC[C@H](C)[C@H](NC(=O)[C@H](CS)[n+]1[c-]n2ccccc2c1)C(=O)N[C@@H](Cc1c[nH]cn1)C(=O)O,-8.5765,-8.430254525547445
CC[C@H](C)[C@H](NC(=O)[C@H](CS)[n+]1[c-]n2ccccc2c1)C(=O)N[C@H](C(=O)O)[C@@H](C)O,-1.0319,-8.430254525547445
CC[C@H](C)[C@H](NC(=O)[C@H](CS)[n+]1[c-]n2ccccc2c1)C(=O)O,-7.7298,-8.430254525547445
CC[C@H](C)[C@H](NC(=O)[C@H](Cc1c[nH]c2ccccc12)NC(=O)[C@H](CC(=O)O)[n+]1[c-]n2ccccc2c1)C(=O)O,-7.6988,-8.430254525547445
CC[C@H](C)[C@H](NC(=O)[C@H](Cc1c[nH]c2ccccc12)NC(=O)[C@H](CCSC)[n+]1[c-]n2ccccc2c1)C(=O)O,-7.2134,-8.430254525547445
CC[C@H](C)[C@H](NC(=O)[C@H](Cc1c[nH]c2ccccc12)NC(=O)[C@H](CO)[n+]1[c-]n2ccccc2c1)C(=O)O,-3.0139,-8.430254525547445
CC[C@H](C)[C@H](NC(=O)[C@H](Cc1c[nH]c2ccccc12)NC(=O)[C@H](Cc1c[nH]c2ccccc12)[n+]1[c-]n2ccccc2c1)C(=O)O,-5.0469,-8.430254525547445
CC[C@H](C)[C@H](NC(=O)[C@H](Cc1c[nH]c2ccccc12)NC(=O)[C@H](Cc1ccc(O)cc1)[n+]1[c-]n2ccccc2c1)C(=O)O,-3.9345,-8.430254525547445
CC[C@H](C)[C@H](NC(=O)[C@H](Cc1c[nH]c2ccccc12)NC(=O)[C@H](Cc1ccccc1)[n+]1[c-]n2ccccc2c1)C(=O)O,-3.4416,-8.430254525547445
CC[C@H](C)[C@H](NC(=O)[C@H](Cc1c[nH]c2ccccc12)[n+]1[c-]n2ccccc2c1)C(=O)N[C@@H](CO)C(=O)O,-4.2935,-8.430254525547445
CC[C@H](C)[C@H](NC(=O)[C@H](Cc1c[nH]cn1)NC(=O)C[n+]1[c-]n2ccccc2c1)C(=O)O,-10.1164,-8.430254525547445
CC[C@H](C)[C@H](NC(=O)[C@H](Cc1c[nH]cn1)NC(=O)[C@H](CC(C)C)[n+]1[c-]n2ccccc2c1)C(=O)O,-2.8022,-8.430254525547445
CC[C@H](C)[C@H](NC(=O)[C@H](Cc1c[nH]cn1)NC(=O)[C@H](CCCNC(=N)N)[n+]1[c-]n2ccccc2c1)C(=O)O,-8.0294,-8.430254525547445
CC[C@H](C)[C@H](NC(=O)[C@H](Cc1c[nH]cn1)NC(=O)[C@H](Cc1ccc(O)cc1)[n+]1[c-]n2ccccc2c1)C(=O)O,-8.7431,-8.430254525547445
CC[C@H](C)[C@H](NC(=O)[C@H](Cc1c[nH]cn1)NC(=O)[C@H]([C@@H](C)O)[n+]1[c-]n2ccccc2c1)C(=O)O,-12.9523,-8.430254525547445
CC[C@H](C)[C@H](NC(=O)[C@H](Cc1c[nH]cn1)[n+]1[c-]n2ccccc2c1)C(=O)N[C@@H](CC(=O)O)C(=O)O,-4.2086,-8.430254525547445
CC[C@H](C)[C@H](NC(=O)[C@H](Cc1c[nH]cn1)[n+]1[c-]n2ccccc2c1)C(=O)N[C@@H](CC(N)=O)C(=O)O,-8.8779,-8.430254525547445
CC[C@H](C)[C@H](NC(=O)[C@H](Cc1c[nH]cn1)[n+]1[c-]n2ccccc2c1)C(=O)N[C@@H](CO)C(=O)O,-4.9737,-8.430254525547445
CC[C@H](C)[C@H](NC(=O)[C@H](Cc1c[nH]cn1)[n+]1[c-]n2ccccc2c1)C(=O)N[C@@H](Cc1c[nH]c2ccccc12)C(=O)O,-12.5152,-8.430254525547445
CC[C@H](C)[C@H](NC(=O)[C@H](Cc1c[nH]cn1)[n+]1[c-]n2ccccc2c1)C(=O)N[C@@H](Cc1ccc(O)cc1)C(=O)O,-6.2905,-8.430254525547445
CC[C@H](C)[C@H](NC(=O)[C@H](Cc1ccc(O)cc1)NC(=O)[C@H](CC(=O)O)[n+]1[c-]n2ccccc2c1)C(=O)O,-12.9572,-8.430254525547445
CC[C@H](C)[C@H](NC(=O)[C@H](Cc1ccc(O)cc1)NC(=O)[C@H](CCC(N)=O)[n+]1[c-]n2ccccc2c1)C(=O)O,-10.9049,-8.430254525547445
CC[C@H](C)[C@H](NC(=O)[C@H](Cc1ccc(O)cc1)NC(=O)[C@H](Cc1c[nH]c2ccccc12)[n+]1[c-]n2ccccc2c1)C(=O)O,-6.0646,-8.430254525547445
CC[C@H](C)[C@H](NC(=O)[C@H](Cc1ccc(O)cc1)NC(=O)[C@H]([C@@H](C)CC)[n+]1[c-]n2ccccc2c1)C(=O)O,-3.3602,-8.430254525547445
CC[C@H](C)[C@H](NC(=O)[C@H](Cc1ccc(O)cc1)[n+]1[c-]n2ccccc2c1)C(=O)N1CCC[C@H]1C(=O)O,-6.0548,-8.430254525547445
CC[C@H](C)[C@H](NC(=O)[C@H](Cc1ccc(O)cc1)[n+]1[c-]n2ccccc2c1)C(=O)N[C@@H](CC(N)=O)C(=O)O,-13.9818,-8.430254525547445
CC[C@H](C)[C@H](NC(=O)[C@H](Cc1ccccc1)NC(=O)[C@H](C(C)C)[n+]1[c-]n2ccccc2c1)C(=O)O,-12.3578,-8.430254525547445
CC[C@H](C)[C@H](NC(=O)[C@H](Cc1ccccc1)NC(=O)[C@H](CC(C)C)[n+]1[c-]n2ccccc2c1)C(=O)O,-6.9909,-8.430254525547445
CC[C@H](C)[C@H](NC(=O)[C@H](Cc1ccccc1)NC(=O)[C@H](CCC(N)=O)[n+]1[c-]n2ccccc2c1)C(=O)O,-0.0561,-8.430254525547445
CC[C@H](C)[C@H](NC(=O)[C@H](Cc1ccccc1)NC(=O)[C@H](CCCNC(=N)N)[n+]1[c-]n2ccccc2c1)C(=O)O,-14.0751,-8.430254525547445
CC[C@H](C)[C@H](NC(=O)[C@H](Cc1ccccc1)NC(=O)[C@H](CS)[n+]1[c-]n2ccccc2c1)C(=O)O,-5.0252,-8.430254525547445
CC[C@H](C)[C@H](NC(=O)[C@H](Cc1ccccc1)NC(=O)[C@H](Cc1ccc(O)cc1)[n+]1[c-]n2ccccc2c1)C(=O)O,-7.077,-8.430254525547445
CC[C@H](C)[C@H](NC(=O)[C@H](Cc1ccccc1)NC(=O)[C@H](Cc1ccccc1)[n+]1[c-]n2ccccc2c1)C(=O)O,-4.6137,-8.430254525547445
CC[C@H](C)[C@H](NC(=O)[C@H](Cc1ccccc1)[n+]1[c-]n2ccccc2c1)C(=O)N[C@@H](C)C(=O)O,-6.9635,-8.430254525547445
CC[C@H](C)[C@H](NC(=O)[C@H](Cc1ccccc1)[n+]1[c-]n2ccccc2c1)C(=O)N[C@@H](CC(N)=O)C(=O)O,-10.482,-8.430254525547445
CC[C@H](C)[C@H](NC(=O)[C@H](Cc1ccccc1)[n+]1[c-]n2ccccc2c1)C(=O)N[C@@H](CCCNC(=N)N)C(=O)O,-4.6778,-8.430254525547445
CC[C@H](C)[C@H](NC(=O)[C@H](Cc1ccccc1)[n+]1[c-]n2ccccc2c1)C(=O)N[C@@H](Cc1ccc(O)cc1)C(=O)O,-5.681,-8.430254525547445
CC[C@H](C)[C@H](NC(=O)[C@H](Cc1ccccc1)[n+]1[c-]n2ccccc2c1)C(=O)O,1.8532,-8.430254525547445
CC[C@H](C)[C@H](NC(=O)[C@H]([C@@H](C)CC)[n+]1[c-]n2ccccc2c1)C(=O)N[C@@H](CCC(N)=O)C(=O)O,-11.7963,-8.430254525547445
CC[C@H](C)[C@H](NC(=O)[C@H]([C@@H](C)CC)[n+]1[c-]n2ccccc2c1)C(=O)N[C@@H](CS)C(=O)O,-3.4522,-8.430254525547445
CC[C@H](C)[C@H](NC(=O)[C@H]([C@@H](C)CC)[n+]1[c-]n2ccccc2c1)C(=O)N[C@@H](Cc1c[nH]cn1)C(=O)O,-5.8978,-8.430254525547445
CC[C@H](C)[C@H](NC(=O)[C@H]([C@@H](C)CC)[n+]1[c-]n2ccccc2c1)C(=O)N[C@H](C(=O)O)C(C)C,-3.5391,-8.430254525547445
CC[C@H](C)[C@H](NC(=O)[C@H]([C@@H](C)O)[n+]1[c-]n2ccccc2c1)C(=O)N1CCC[C@H]1C(=O)O,-6.6383,-8.430254525547445
CC[C@H](C)[C@H](NC(=O)[C@H]([C@@H](C)O)[n+]1[c-]n2ccccc2c1)C(=O)N[C@@H](C)C(=O)O,-7.9986,-8.430254525547445
CC[C@H](C)[C@H](NC(=O)[C@H]([C@@H](C)O)[n+]1[c-]n2ccccc2c1)C(=O)N[C@@H](CC(=O)O)C(=O)O,-8.8387,-8.430254525547445
CC[C@H](C)[C@H](NC(=O)[C@H]([C@@H](C)O)[n+]1[c-]n2ccccc2c1)C(=O)N[C@@H](CC(C)C)C(=O)O,-8.9181,-8.430254525547445
CC[C@H](C)[C@H](NC(=O)[C@H]([C@@H](C)O)[n+]1[c-]n2ccccc2c1)C(=O)N[C@@H](CS)C(=O)O,-7.8329,-8.430254525547445
CC[C@H](C)[C@H](NC(=O)[C@H]([C@@H](C)O)[n+]1[c-]n2ccccc2c1)C(=O)O,-6.8018,-8.430254525547445
CSCC[C@@H](C(=O)N1CCC[C@H]1C(=O)N[C@@H](Cc1ccc(O)cc1)C(=O)O)[n+]1[c-]n2ccccc2c1,-4.7795,-8.430254525547445
CSCC[C@@H](C(=O)NCC(=O)N1CCC[C@H]1C(=O)O)[n+]1[c-]n2ccccc2c1,-2.3862,-8.430254525547445
CSCC[C@@H](C(=O)NCC(=O)N[C@@H](CCCNC(=N)N)C(=O)O)[n+]1[c-]n2ccccc2c1,-11.2392,-8.430254525547445
CSCC[C@@H](C(=O)NCC(=O)N[C@@H](Cc1c[nH]cn1)C(=O)O)[n+]1[c-]n2ccccc2c1,-16.6702,-8.430254525547445
CSCC[C@@H](C(=O)NCC(=O)N[C@@H](Cc1ccccc1)C(=O)O)[n+]1[c-]n2ccccc2c1,-8.5059,-8.430254525547445
CSCC[C@@H](C(=O)NCC(=O)N[C@H](C(=O)O)C(C)C)[n+]1[c-]n2ccccc2c1,-6.9108,-8.430254525547445
CSCC[C@@H](C(=O)NCC(=O)O)[n+]1[c-]n2ccccc2c1,-6.0208,-8.430254525547445
CSCC[C@@H](C(=O)N[C@@H](C)C(=O)N1CCC[C@H]1C(=O)O)[n+]1[c-]n2ccccc2c1,-8.9012,-8.430254525547445
CSCC[C@@H](C(=O)N[C@@H](C)C(=O)N[C@@H](CC(C)C)C(=O)O)[n+]1[c-]n2ccccc2c1,-3.9669,-8.430254525547445
CSCC[C@@H](C(=O)N[C@@H](C)C(=O)N[C@@H](CCCNC(=N)N)C(=O)O)[n+]1[c-]n2ccccc2c1,-3.9298,-8.430254525547445
CSCC[C@@H](C(=O)N[C@@H](C)C(=O)N[C@@H](CS)C(=O)O)[n+]1[c-]n2ccccc2c1,-4.9655,-8.430254525547445
CSCC[C@@H](C(=O)N[C@@H](C)C(=O)N[C@@H](Cc1c[nH]c2ccccc12)C(=O)O)[n+]1[c-]n2ccccc2c1,-9.1872,-8.430254525547445
CSCC[C@@H](C(=O)N[C@@H](C)C(=O)N[C@H](C(=O)O)C(C)C)[n+]1[c-]n2ccccc2c1,-4.4929,-8.430254525547445
CSCC[C@@H](C(=O)N[C@@H](CC(=O)O)C(=O)N[C@H](C(=O)O)[C@@H](C)O)[n+]1[c-]n2ccccc2c1,-4.9,-8.430254525547445
CSCC[C@@H](C(=O)N[C@@H](CC(=O)O)C(=O)O)[n+]1[c-]n2ccccc2c1,-9.0549,-8.430254525547445
CSCC[C@@H](C(=O)N[C@@H](CC(C)C)C(=O)N[C@@H](Cc1c[nH]c2ccccc12)C(=O)O)[n+]1[c-]n2ccccc2c1,-9.7532,-8.430254525547445
CSCC[C@@H](C(=O)N[C@@H](CC(N)=O)C(=O)N[C@@H](CCC(=O)O)C(=O)O)[n+]1[c-]n2ccccc2c1,-19.9641,-8.430254525547445
CSCC[C@@H](C(=O)N[C@@H](CC(N)=O)C(=O)N[C@@H](CCC(N)=O)C(=O)O)[n+]1[c-]n2ccccc2c1,-11.3733,-8.430254525547445
CSCC[C@@H](C(=O)N[C@@H](CC(N)=O)C(=O)N[C@@H](Cc1c[nH]cn1)C(=O)O)[n+]1[c-]n2ccccc2c1,-6.6094,-8.430254525547445
CSCC[C@@H](C(=O)N[C@@H](CCC(=O)O)C(=O)N1CCC[C@H]1C(=O)O)[n+]1[c-]n2ccccc2c1,-9.734,-8.430254525547445
CSCC[C@@H](C(=O)N[C@@H](CCC(=O)O)C(=O)N[C@@H](CCCNC(=N)N)C(=O)O)[n+]1[c-]n2ccccc2c1,-11.8406,-8.430254525547445
CSCC[C@@H](C(=O)N[C@@H](CCC(=O)O)C(=O)N[C@@H](CS)C(=O)O)[n+]1[c-]n2ccccc2c1,-8.1379,-8.430254525547445
CSCC[C@@H](C(=O)N[C@@H](CCC(=O)O)C(=O)N[C@@H](Cc1c[nH]cn1)C(=O)O)[n+]1[c-]n2ccccc2c1,-13.994,-8.430254525547445
CSCC[C@@H](C(=O)N[C@@H](CCC(=O)O)C(=O)N[C@@H](Cc1ccc(O)cc1)C(=O)O)[n+]1[c-]n2ccccc2c1,-17.5721,-8.430254525547445
CSCC[C@@H](C(=O)N[C@@H](CCC(=O)O)C(=O)N[C@@H](Cc1ccccc1)C(=O)O)[n+]1[c-]n2ccccc2c1,-4.726,-8.430254525547445
CSCC[C@@H](C(=O)N[C@@H](CCC(=O)O)C(=O)N[C@H](C(=O)O)[C@@H](C)O)[n+]1[c-]n2ccccc2c1,-8.3148,-8.430254525547445
CSCC[C@@H](C(=O)N[C@@H](CCC(N)=O)C(=O)N[C@@H](C)C(=O)O)[n+]1[c-]n2ccccc2c1,-6.966,-8.430254525547445
CSCC[C@@H](C(=O)N[C@@H](CCC(N)=O)C(=O)N[C@@H](CCC(=O)O)C(=O)O)[n+]1[c-]n2ccccc2c1,-11.4047,-8.430254525547445
CSCC[C@@H](C(=O)N[C@@H](CCCNC(=N)N)C(=O)N[C@@H](CC(=O)O)C(=O)O)[n+]1[c-]n2ccccc2c1,-11.8172,-8.430254525547445
CSCC[C@@H](C(=O)N[C@@H](CCCNC(=N)N)C(=O)N[C@@H](CC(C)C)C(=O)O)[n+]1[c-]n2ccccc2c1,-11.236,-8.430254525547445
CSCC[C@@H](C(=O)N[C@@H](CCCNC(=N)N)C(=O)N[C@@H](CC(N)=O)C(=O)O)[n+]1[c-]n2ccccc2c1,-10.5831,-8.430254525547445
CSCC[C@@H](C(=O)N[C@@H](CCCNC(=N)N)C(=O)N[C@@H](Cc1ccccc1)C(=O)O)[n+]1[c-]n2ccccc2c1,-1.6195,-8.430254525547445
CSCC[C@@H](C(=O)N[C@@H](CCCNC(=N)N)C(=O)N[C@H](C(=O)O)[C@@H](C)O)[n+]1[c-]n2ccccc2c1,-2.8058,-8.430254525547445
CSCC[C@@H](C(=O)N[C@@H](CO)C(=O)N1CCC[C@H]1C(=O)O)[n+]1[c-]n2ccccc2c1,-4.6803,-8.430254525547445
CSCC[C@@H](C(=O)N[C@@H](CO)C(=O)N[C@@H](CCC(N)=O)C(=O)O)[n+]1[c-]n2ccccc2c1,-9.4455,-8.430254525547445
CSCC[C@@H](C(=O)N[C@@H](CO)C(=O)N[C@@H](CCCNC(=N)N)C(=O)O)[n+]1[c-]n2ccccc2c1,-9.2789,-8.430254525547445
CSCC[C@@H](C(=O)N[C@@H](CO)C(=O)N[C@@H](Cc1ccccc1)C(=O)O)[n+]1[c-]n2ccccc2c1,-9.9334,-8.430254525547445
CSCC[C@@H](C(=O)N[C@@H](CO)C(=O)O)[n+]1[c-]n2ccccc2c1,-6.3502,-8.430254525547445
CSCC[C@@H](C(=O)N[C@@H](CS)C(=O)N[C@@H](C)C(=O)O)[n+]1[c-]n2ccccc2c1,0.2526,-8.430254525547445
CSCC[C@@H](C(=O)N[C@@H](CS)C(=O)N[C@@H](CC(=O)O)C(=O)O)[n+]1[c-]n2ccccc2c1,-8.5727,-8.430254525547445
CSCC[C@@H](C(=O)N[C@@H](CS)C(=O)N[C@@H](CCC(N)=O)C(=O)O)[n+]1[c-]n2ccccc2c1,-10.5532,-8.430254525547445
CSCC[C@@H](C(=O)N[C@@H](CS)C(=O)N[C@@H](Cc1ccccc1)C(=O)O)[n+]1[c-]n2ccccc2c1,-12.5925,-8.430254525547445
CSCC[C@@H](C(=O)N[C@@H](Cc1c[nH]c2ccccc12)C(=O)N[C@@H](C)C(=O)O)[n+]1[c-]n2ccccc2c1,-0.6814,-8.430254525547445
CSCC[C@@H](C(=O)N[C@@H](Cc1c[nH]c2ccccc12)C(=O)N[C@@H](CC(N)=O)C(=O)O)[n+]1[c-]n2ccccc2c1,-10.3488,-8.430254525547445
CSCC[C@@H](C(=O)N[C@@H](Cc1c[nH]c2ccccc12)C(=O)N[C@@H](CCC(=O)O)C(=O)O)[n+]1[c-]n2ccccc2c1,-10.503,-8.430254525547445
CSCC[C@@H](C(=O)N[C@@H](Cc1c[nH]c2ccccc12)C(=O)N[C@H](C(=O)O)C(C)C)[n+]1[c-]n2ccccc2c1,-2.578,-8.430254525547445
CSCC[C@@H](C(=O)N[C@@H](Cc1c[nH]cn1)C(=O)N[C@@H](C)C(=O)O)[n+]1[c-]n2ccccc2c1,-6.8708,-8.430254525547445
CSCC[C@@H](C(=O)N[C@@H](Cc1c[nH]cn1)C(=O)N[C@@H](CCC(N)=O)C(=O)O)[n+]1[c-]n2ccccc2c1,-17.8861,-8.430254525547445
CSCC[C@@H](C(=O)N[C@@H](Cc1c[nH]cn1)C(=O)N[C@@H](CCCNC(=N)N)C(=O)O)[n+]1[c-]n2ccccc2c1,-14.6058,-8.430254525547445
CSCC[C@@H](C(=O)N[C@@H](Cc1c[nH]cn1)C(=O)N[C@@H](CO)C(=O)O)[n+]1[c-]n2ccccc2c1,-7.0963,-8.430254525547445
CSCC[C@@H](C(=O)N[C@@H](Cc1c[nH]cn1)C(=O)N[C@@H](Cc1c[nH]c2ccccc12)C(=O)O)[n+]1[c-]n2ccccc2c1,-16.6348,-8.430254525547445
CSCC[C@@H](C(=O)N[C@@H](Cc1ccc(O)cc1)C(=O)N[C@@H](C)C(=O)O)[n+]1[c-]n2ccccc2c1,-6.0432,-8.430254525547445
CSCC[C@@H](C(=O)N[C@@H](Cc1ccc(O)cc1)C(=O)N[C@@H](CC(C)C)C(=O)O)[n+]1[c-]n2ccccc2c1,-1.8311,-8.430254525547445
CSCC[C@@H](C(=O)N[C@@H](Cc1ccc(O)cc1)C(=O)N[C@H](C(=O)O)C(C)C)[n+]1[c-]n2ccccc2c1,-1.2904,-8.430254525547445
CSCC[C@@H](C(=O)N[C@@H](Cc1ccc(O)cc1)C(=O)O)[n+]1[c-]n2ccccc2c1,-7.0411,-8.430254525547445
CSCC[C@@H](C(=O)N[C@@H](Cc1ccccc1)C(=O)N[C@@H](CCC(=O)O)C(=O)O)[n+]1[c-]n2ccccc2c1,-6.1546,-8.430254525547445
CSCC[C@@H](C(=O)N[C@@H](Cc1ccccc1)C(=O)N[C@@H](CCCNC(=N)N)C(=O)O)[n+]1[c-]n2ccccc2c1,-12.1939,-8.430254525547445
CSCC[C@@H](C(=O)N[C@@H](Cc1ccccc1)C(=O)N[C@@H](Cc1ccc(O)cc1)C(=O)O)[n+]1[c-]n2ccccc2c1,-10.4904,-8.430254525547445
CSCC[C@@H](C(=O)N[C@H](C(=O)N[C@@H](CCC(=O)O)C(=O)O)[C@@H](C)O)[n+]1[c-]n2ccccc2c1,-6.7791,-8.430254525547445
CSCC[C@@H](C(=O)N[C@H](C(=O)N[C@@H](CO)C(=O)O)C(C)C)[n+]1[c-]n2ccccc2c1,-0.2941,-8.430254525547445
CSCC[C@@H](C(=O)N[C@H](C(=O)N[C@@H](CS)C(=O)O)C(C)C)[n+]1[c-]n2ccccc2c1,-3.2199,-8.430254525547445
CSCC[C@@H](C(=O)N[C@H](C(=O)N[C@@H](Cc1ccccc1)C(=O)O)C(C)C)[n+]1[c-]n2ccccc2c1,-7.7666,-8.430254525547445
CSCC[C@@H](C(=O)N[C@H](C(=O)O)[C@@H](C)O)[n+]1[c-]n2ccccc2c1,-2.1872,-8.430254525547445
CSCC[C@H](NC(=O)CNC(=O)[C@H](C(C)C)[n+]1[c-]n2ccccc2c1)C(=O)O,-9.6437,-8.430254525547445
CSCC[C@H](NC(=O)CNC(=O)[C@H](CC(N)=O)[n+]1[c-]n2ccccc2c1)C(=O)O,-6.1593,-8.430254525547445
CSCC[C@H](NC(=O)CNC(=O)[C@H](Cc1c[nH]cn1)[n+]1[c-]n2ccccc2c1)C(=O)O,-8.7738,-8.430254525547445
CSCC[C@H](NC(=O)C[n+]1[c-]n2ccccc2c1)C(=O)N[C@@H](CCCNC(=N)N)C(=O)O,-18.8578,-8.430254525547445
CSCC[C@H](NC(=O)C[n+]1[c-]n2ccccc2c1)C(=O)N[C@@H](Cc1c[nH]cn1)C(=O)O,-10.651,-8.430254525547445
CSCC[C@H](NC(=O)[C@@H](NC(=O)C[n+]1[c-]n2ccccc2c1)C(C)C)C(=O)O,-10.9365,-8.430254525547445
CSCC[C@H](NC(=O)[C@@H](NC(=O)C[n+]1[c-]n2ccccc2c1)[C@@H](C)O)C(=O)O,-13.1491,-8.430254525547445
CSCC[C@H](NC(=O)[C@@H](NC(=O)[C@H](C)[n+]1[c-]n2ccccc2c1)[C@@H](C)O)C(=O)O,-5.3705,-8.430254525547445
CSCC[C@H](NC(=O)[C@@H](NC(=O)[C@H](Cc1c[nH]c2ccccc12)[n+]1[c-]n2ccccc2c1)C(C)C)C(=O)O,1.8072,-8.430254525547445
CSCC[C@H](NC(=O)[C@@H](NC(=O)[C@H](Cc1c[nH]cn1)[n+]1[c-]n2ccccc2c1)[C@@H](C)O)C(=O)O,-0.0835,-8.430254525547445
CSCC[C@H](NC(=O)[C@@H](NC(=O)[C@H](Cc1ccccc1)[n+]1[c-]n2ccccc2c1)[C@@H](C)O)C(=O)O,-1.5745,-8.430254525547445
CSCC[C@H](NC(=O)[C@@H]1CCCN1C(=O)C[n+]1[c-]n2ccccc2c1)C(=O)O,-15.4308,-8.430254525547445
CSCC[C@H](NC(=O)[C@H](C(C)C)[n+]1[c-]n2ccccc2c1)C(=O)N[C@@H](C)C(=O)O,-3.6403,-8.430254525547445
CSCC[C@H](NC(=O)[C@H](C(C)C)[n+]1[c-]n2ccccc2c1)C(=O)N[C@@H](CC(=O)O)C(=O)O,-4.3691,-8.430254525547445
CSCC[C@H](NC(=O)[C@H](C(C)C)[n+]1[c-]n2ccccc2c1)C(=O)N[C@@H](CCC(=O)O)C(=O)O,-9.1054,-8.430254525547445
CSCC[C@H](NC(=O)[C@H](C(C)C)[n+]1[c-]n2ccccc2c1)C(=O)N[C@@H](CO)C(=O)O,-9.7489,-8.430254525547445
CSCC[C@H](NC(=O)[C@H](C(C)C)[n+]1[c-]n2ccccc2c1)C(=O)N[C@@H](Cc1c[nH]c2ccccc12)C(=O)O,-13.3042,-8.430254525547445
CSCC[C@H](NC(=O)[C@H](C)NC(=O)[C@H](C(C)C)[n+]1[c-]n2ccccc2c1)C(=O)O,-2.5082,-8.430254525547445
CSCC[C@H](NC(=O)[C@H](C)NC(=O)[C@H](CC(N)=O)[n+]1[c-]n2ccccc2c1)C(=O)O,-4.4095,-8.430254525547445
CSCC[C@H](NC(=O)[C@H](C)NC(=O)[C@H](Cc1ccccc1)[n+]1[c-]n2ccccc2c1)C(=O)O,-2.7776,-8.430254525547445
CSCC[C@H](NC(=O)[C@H](C)NC(=O)[C@H]([C@@H](C)O)[n+]1[c-]n2ccccc2c1)C(=O)O,-5.6929,-8.430254525547445
CSCC[C@H](NC(=O)[C@H](C)[n+]1[c-]n2ccccc2c1)C(=O)N1CCC[C@H]1C(=O)O,-6.7207,-8.430254525547445
CSCC[C@H](NC(=O)[C@H](C)[n+]1[c-]n2ccccc2c1)C(=O)N[C@@H](CC(C)C)C(=O)O,-5.4669,-8.430254525547445
CSCC[C@H](NC(=O)[C@H](C)[n+]1[c-]n2ccccc2c1)C(=O)N[C@@H](CCC(=O)O)C(=O)O,-15.0433,-8.430254525547445
CSCC[C@H](NC(=O)[C@H](C)[n+]1[c-]n2ccccc2c1)C(=O)N[C@@H](CCCNC(=N)N)C(=O)O,-11.2039,-8.430254525547445
CSCC[C@H](NC(=O)[C@H](C)[n+]1[c-]n2ccccc2c1)C(=O)N[C@@H](CS)C(=O)O,-4.7649,-8.430254525547445
CSCC[C@H](NC(=O)[C@H](C)[n+]1[c-]n2ccccc2c1)C(=O)N[C@H](C(=O)O)C(C)C,-5.6043,-8.430254525547445
CSCC[C@H](NC(=O)[C@H](CC(=O)O)NC(=O)[C@H](CO)[n+]1[c-]n2ccccc2c1)C(=O)O,-9.019,-8.430254525547445
CSCC[C@H](NC(=O)[C@H](CC(=O)O)[n+]1[c-]n2ccccc2c1)C(=O)N1CCC[C@H]1C(=O)O,-11.4914,-8.430254525547445
CSCC[C@H](NC(=O)[C@H](CC(=O)O)[n+]1[c-]n2ccccc2c1)C(=O)N[C@@H](C)C(=O)O,-11.7805,-8.430254525547445
CSCC[C@H](NC(=O)[C@H](CC(C)C)NC(=O)[C@H](CC(N)=O)[n+]1[c-]n2ccccc2c1)C(=O)O,-4.0311,-8.430254525547445
CSCC[C@H](NC(=O)[C@H](CC(C)C)NC(=O)[C@H](Cc1ccccc1)[n+]1[c-]n2ccccc2c1)C(=O)O,-4.3217,-8.430254525547445
CSCC[C@H](NC(=O)[C@H](CC(C)C)[n+]1[c-]n2ccccc2c1)C(=O)N[C@@H](CC(=O)O)C(=O)O,-2.3308,-8.430254525547445
CSCC[C@H](NC(=O)[C@H](CC(C)C)[n+]1[c-]n2ccccc2c1)C(=O)N[C@@H](Cc1c[nH]c2ccccc12)C(=O)O,-2.8923,-8.430254525547445
CSCC[C@H](NC(=O)[C@H](CC(N)=O)NC(=O)[C@H](C(C)C)[n+]1[c-]n2ccccc2c1)C(=O)O,-4.1748,-8.430254525547445
CSCC[C@H](NC(=O)[C@H](CC(N)=O)NC(=O)[C@H](CCCNC(=N)N)[n+]1[c-]n2ccccc2c1)C(=O)O,-6.9647,-8.430254525547445
CSCC[C@H](NC(=O)[C@H](CC(N)=O)NC(=O)[C@H](CO)[n+]1[c-]n2ccccc2c1)C(=O)O,3.1284,-8.430254525547445
CSCC[C@H](NC(=O)[C@H](CC(N)=O)NC(=O)[C@H](Cc1ccc(O)cc1)[n+]1[c-]n2ccccc2c1)C(=O)O,-10.8392,-8.430254525547445
CSCC[C@H](NC(=O)[C@H](CC(N)=O)[n+]1[c-]n2ccccc2c1)C(=O)N[C@@H](C)C(=O)O,-11.343,-8.430254525547445
CSCC[C@H](NC(=O)[C@H](CC(N)=O)[n+]1[c-]n2ccccc2c1)C(=O)N[C@@H](CCCNC(=N)N)C(=O)O,-10.249,-8.430254525547445
CSCC[C@H](NC(=O)[C@H](CC(N)=O)[n+]1[c-]n2ccccc2c1)C(=O)N[C@@H](Cc1c[nH]c2ccccc12)C(=O)O,-10.3334,-8.430254525547445
CSCC[C@H](NC(=O)[C@H](CC(N)=O)[n+]1[c-]n2ccccc2c1)C(=O)N[C@@H](Cc1ccc(O)cc1)C(=O)O,-5.108,-8.430254525547445
CSCC[C@H](NC(=O)[C@H](CC(N)=O)[n+]1[c-]n2ccccc2c1)C(=O)N[C@H](C(=O)O)C(C)C,-2.6186,-8.430254525547445
CSCC[C@H](NC(=O)[C@H](CCC(=O)O)NC(=O)[C@H](C)[n+]1[c-]n2ccccc2c1)C(=O)O,-10.2216,-8.430254525547445
CSCC[C@H](NC(=O)[C@H](CCC(=O)O)NC(=O)[C@H](CC(=O)O)[n+]1[c-]n2ccccc2c1)C(=O)O,-11.9967,-8.430254525547445
CSCC[C@H](NC(=O)[C@H](CCC(=O)O)NC(=O)[C@H](CC(C)C)[n+]1[c-]n2ccccc2c1)C(=O)O,-9.7068,-8.430254525547445
CSCC[C@H](NC(=O)[C@H](CCC(=O)O)NC(=O)[C@H](CS)[n+]1[c-]n2ccccc2c1)C(=O)O,-11.3091,-8.430254525547445
CSCC[C@H](NC(=O)[C@H](CCC(=O)O)NC(=O)[C@H](Cc1c[nH]cn1)[n+]1[c-]n2ccccc2c1)C(=O)O,-7.2778,-8.430254525547445
CSCC[C@H](NC(=O)[C@H](CCC(=O)O)NC(=O)[C@H]([C@@H](C)O)[n+]1[c-]n2ccccc2c1)C(=O)O,-11.8553,-8.430254525547445
CSCC[C@H](NC(=O)[C@H](CCC(=O)O)[n+]1[c-]n2ccccc2c1)C(=O)N[C@@H](CC(N)=O)C(=O)O,-11.7565,-8.430254525547445
CSCC[C@H](NC(=O)[C@H](CCC(=O)O)[n+]1[c-]n2ccccc2c1)C(=O)N[C@@H](CCCNC(=N)N)C(=O)O,-16.3967,-8.430254525547445
CSCC[C@H](NC(=O)[C@H](CCC(=O)O)[n+]1[c-]n2ccccc2c1)C(=O)N[C@@H](Cc1ccc(O)cc1)C(=O)O,-12.2838,-8.430254525547445
CSCC[C@H](NC(=O)[C@H](CCC(=O)O)[n+]1[c-]n2ccccc2c1)C(=O)N[C@@H](Cc1ccccc1)C(=O)O,-3.0708,-8.430254525547445
CSCC[C@H](NC(=O)[C@H](CCC(=O)O)[n+]1[c-]n2ccccc2c1)C(=O)O,-3.7126,-8.430254525547445
CSCC[C@H](NC(=O)[C@H](CCC(N)=O)NC(=O)[C@H](C(C)C)[n+]1[c-]n2ccccc2c1)C(=O)O,-14.4272,-8.430254525547445
CSCC[C@H](NC(=O)[C@H](CCC(N)=O)NC(=O)[C@H](CCC(=O)O)[n+]1[c-]n2ccccc2c1)C(=O)O,-10.9537,-8.430254525547445
CSCC[C@H](NC(=O)[C@H](CCC(N)=O)NC(=O)[C@H]([C@@H](C)O)[n+]1[c-]n2ccccc2c1)C(=O)O,-16.7629,-8.430254525547445
CSCC[C@H](NC(=O)[C@H](CCC(N)=O)[n+]1[c-]n2ccccc2c1)C(=O)NCC(=O)O,-8.76,-8.430254525547445
CSCC[C@H](NC(=O)[C@H](CCCNC(=N)N)NC(=O)[C@H](CC(C)C)[n+]1[c-]n2ccccc2c1)C(=O)O,-9.1923,-8.430254525547445
CSCC[C@H](NC(=O)[C@H](CCCNC(=N)N)NC(=O)[C@H](CC(N)=O)[n+]1[c-]n2ccccc2c1)C(=O)O,-12.0228,-8.430254525547445
CSCC[C@H](NC(=O)[C@H](CCCNC(=N)N)NC(=O)[C@H](CCC(N)=O)[n+]1[c-]n2ccccc2c1)C(=O)O,-6.0674,-8.430254525547445
CSCC[C@H](NC(=O)[C@H](CCCNC(=N)N)NC(=O)[C@H](CCCNC(=N)N)[n+]1[c-]n2ccccc2c1)C(=O)O,-9.3331,-8.430254525547445
CSCC[C@H](NC(=O)[C@H](CCCNC(=N)N)NC(=O)[C@H](CCSC)[n+]1[c-]n2ccccc2c1)C(=O)O,-7.1832,-8.430254525547445
CSCC[C@H](NC(=O)[C@H](CCCNC(=N)N)[n+]1[c-]n2ccccc2c1)C(=O)N[C@@H](CC(N)=O)C(=O)O,-11.2209,-8.430254525547445
CSCC[C@H](NC(=O)[C@H](CCCNC(=N)N)[n+]1[c-]n2ccccc2c1)C(=O)N[C@@H](CCC(=O)O)C(=O)O,-7.5605,-8.430254525547445
CSCC[C@H](NC(=O)[C@H](CCCNC(=N)N)[n+]1[c-]n2ccccc2c1)C(=O)N[C@@H](CO)C(=O)O,-5.8444,-8.430254525547445
CSCC[C@H](NC(=O)[C@H](CCCNC(=N)N)[n+]1[c-]n2ccccc2c1)C(=O)N[C@H](C(=O)O)[C@@H](C)O,-13.8683,-8.430254525547445
CSCC[C@H](NC(=O)[C@H](CCCNC(=N)N)[n+]1[c-]n2ccccc2c1)C(=O)O,-4.3547,-8.430254525547445
CSCC[C@H](NC(=O)[C@H](CCSC)NC(=O)[C@H](C)[n+]1[c-]n2ccccc2c1)C(=O)O,-5.556,-8.430254525547445
CSCC[C@H](NC(=O)[C@H](CCSC)NC(=O)[C@H](CC(C)C)[n+]1[c-]n2ccccc2c1)C(=O)O,-1.9595,-8.430254525547445
CSCC[C@H](NC(=O)[C@H](CCSC)NC(=O)[C@H](CCC(N)=O)[n+]1[c-]n2ccccc2c1)C(=O)O,-5.476,-8.430254525547445
CSCC[C@H](NC(=O)[C@H](CCSC)NC(=O)[C@H](Cc1ccccc1)[n+]1[c-]n2ccccc2c1)C(=O)O,-2.4935,-8.430254525547445
CSCC[C@H](NC(=O)[C@H](CCSC)[n+]1[c-]n2ccccc2c1)C(=O)N[C@@H](Cc1c[nH]cn1)C(=O)O,-3.6968,-8.430254525547445
CSCC[C@H](NC(=O)[C@H](CO)NC(=O)C[n+]1[c-]n2ccccc2c1)C(=O)O,-4.1949,-8.430254525547445
CSCC[C@H](NC(=O)[C@H](CO)NC(=O)[C@H](CC(N)=O)[n+]1[c-]n2ccccc2c1)C(=O)O,-12.0698,-8.430254525547445
CSCC[C@H](NC(=O)[C@H](CO)NC(=O)[C@H](Cc1c[nH]c2ccccc12)[n+]1[c-]n2ccccc2c1)C(=O)O,-2.2123,-8.430254525547445
CSCC[C@H](NC(=O)[C@H](CO)NC(=O)[C@H]([C@@H](C)O)[n+]1[c-]n2ccccc2c1)C(=O)O,-3.6547,-8.430254525547445
CSCC[C@H](NC(=O)[C@H](CO)[n+]1[c-]n2ccccc2c1)C(=O)N[C@@H](C)C(=O)O,-8.3686,-8.430254525547445
CSCC[C@H](NC(=O)[C@H](CO)[n+]1[c-]n2ccccc2c1)C(=O)N[C@@H](CC(=O)O)C(=O)O,-8.6463,-8.430254525547445
CSCC[C@H](NC(=O)[C@H](CO)[n+]1[c-]n2ccccc2c1)C(=O)N[C@@H](CC(C)C)C(=O)O,-11.4903,-8.430254525547445
CSCC[C@H](NC(=O)[C@H](CO)[n+]1[c-]n2ccccc2c1)C(=O)N[C@@H](CS)C(=O)O,-4.7851,-8.430254525547445
CSCC[C@H](NC(=O)[C@H](CO)[n+]1[c-]n2ccccc2c1)C(=O)N[C@@H](Cc1c[nH]c2ccccc12)C(=O)O,-11.6812,-8.430254525547445
CSCC[C@H](NC(=O)[C@H](CO)[n+]1[c-]n2ccccc2c1)C(=O)N[C@H](C(=O)O)[C@@H](C)O,-9.4967,-8.430254525547445
CSCC[C@H](NC(=O)[C@H](CS)NC(=O)[C@H](CC(=O)O)[n+]1[c-]n2ccccc2c1)C(=O)O,-9.2489,-8.430254525547445
CSCC[C@H](NC(=O)[C@H](CS)NC(=O)[C@H](CC(C)C)[n+]1[c-]n2ccccc2c1)C(=O)O,-9.8159,-8.430254525547445
CSCC[C@H](NC(=O)[C@H](CS)NC(=O)[C@H](CC(N)=O)[n+]1[c-]n2ccccc2c1)C(=O)O,-10.3223,-8.430254525547445
CSCC[C@H](NC(=O)[C@H](CS)NC(=O)[C@H](CCC(=O)O)[n+]1[c-]n2ccccc2c1)C(=O)O,1.3357,-8.430254525547445
CSCC[C@H](NC(=O)[C@H](CS)NC(=O)[C@H](CS)[n+]1[c-]n2ccccc2c1)C(=O)O,-4.5597,-8.430254525547445
CSCC[C@H](NC(=O)[C@H](CS)NC(=O)[C@H](Cc1c[nH]c2ccccc12)[n+]1[c-]n2ccccc2c1)C(=O)O,-7.743,-8.430254525547445
CSCC[C@H](NC(=O)[C@H](CS)NC(=O)[C@H](Cc1c[nH]cn1)[n+]1[c-]n2ccccc2c1)C(=O)O,-18.4761,-8.430254525547445
CSCC[C@H](NC(=O)[C@H](CS)[n+]1[c-]n2ccccc2c1)C(=O)N[C@@H](C)C(=O)O,-1.0658,-8.430254525547445
CSCC[C@H](NC(=O)[C@H](CS)[n+]1[c-]n2ccccc2c1)C(=O)N[C@@H](CC(C)C)C(=O)O,-2.8165,-8.430254525547445
CSCC[C@H](NC(=O)[C@H](CS)[n+]1[c-]n2ccccc2c1)C(=O)N[C@@H](CCC(=O)O)C(=O)O,-16.8592,-8.430254525547445
CSCC[C@H](NC(=O)[C@H](CS)[n+]1[c-]n2ccccc2c1)C(=O)N[C@@H](CO)C(=O)O,-9.7839,-8.430254525547445
CSCC[C@H](NC(=O)[C@H](CS)[n+]1[c-]n2ccccc2c1)C(=O)N[C@@H](Cc1c[nH]cn1)C(=O)O,-8.3176,-8.430254525547445
CSCC[C@H](NC(=O)[C@H](Cc1c[nH]c2ccccc12)NC(=O)[C@H](CCC(N)=O)[n+]1[c-]n2ccccc2c1)C(=O)O,-6.2686,-8.430254525547445
CSCC[C@H](NC(=O)[C@H](Cc1c[nH]c2ccccc12)NC(=O)[C@H](CCCNC(=N)N)[n+]1[c-]n2ccccc2c1)C(=O)O,23.2875,-8.430254525547445
CSCC[C@H](NC(=O)[C@H](Cc1c[nH]c2ccccc12)NC(=O)[C@H](CCSC)[n+]1[c-]n2ccccc2c1)C(=O)O,-6.5793,-8.430254525547445
CSCC[C@H](NC(=O)[C@H](Cc1c[nH]c2ccccc12)NC(=O)[C@H](Cc1ccc(O)cc1)[n+]1[c-]n2ccccc2c1)C(=O)O,-8.2309,-8.430254525547445
CSCC[C@H](NC(=O)[C@H](Cc1c[nH]c2ccccc12)NC(=O)[C@H](Cc1ccccc1)[n+]1[c-]n2ccccc2c1)C(=O)O,-10.3114,-8.430254525547445
CSCC[C@H](NC(=O)[C@H](Cc1c[nH]c2ccccc12)[n+]1[c-]n2ccccc2c1)C(=O)N[C@@H](CC(N)=O)C(=O)O,-9.7365,-8.430254525547445
CSCC[C@H](NC(=O)[C@H](Cc1c[nH]c2ccccc12)[n+]1[c-]n2ccccc2c1)C(=O)N[C@@H](CCCNC(=N)N)C(=O)O,-7.1094,-8.430254525547445
CSCC[C@H](NC(=O)[C@H](Cc1c[nH]c2ccccc12)[n+]1[c-]n2ccccc2c1)C(=O)O,-5.3731,-8.430254525547445
CSCC[C@H](NC(=O)[C@H](Cc1c[nH]cn1)NC(=O)[C@H](CC(C)C)[n+]1[c-]n2ccccc2c1)C(=O)O,-12.2931,-8.430254525547445
CSCC[C@H](NC(=O)[C@H](Cc1c[nH]cn1)NC(=O)[C@H](CCSC)[n+]1[c-]n2ccccc2c1)C(=O)O,-5.7669,-8.430254525547445
CSCC[C@H](NC(=O)[C@H](Cc1c[nH]cn1)NC(=O)[C@H](Cc1ccccc1)[n+]1[c-]n2ccccc2c1)C(=O)O,-12.0763,-8.430254525547445
CSCC[C@H](NC(=O)[C@H](Cc1c[nH]cn1)[n+]1[c-]n2ccccc2c1)C(=O)N[C@@H](CO)C(=O)O,-4.2472,-8.430254525547445
CSCC[C@H](NC(=O)[C@H](Cc1c[nH]cn1)[n+]1[c-]n2ccccc2c1)C(=O)N[C@@H](CS)C(=O)O,-11.5691,-8.430254525547445
CSCC[C@H](NC(=O)[C@H](Cc1ccc(O)cc1)NC(=O)[C@H](C(C)C)[n+]1[c-]n2ccccc2c1)C(=O)O,-3.6989,-8.430254525547445
CSCC[C@H](NC(=O)[C@H](Cc1ccc(O)cc1)NC(=O)[C@H](CC(=O)O)[n+]1[c-]n2ccccc2c1)C(=O)O,-6.4949,-8.430254525547445
CSCC[C@H](NC(=O)[C@H](Cc1ccc(O)cc1)NC(=O)[C@H](CC(C)C)[n+]1[c-]n2ccccc2c1)C(=O)O,-4.9243,-8.430254525547445
CSCC[C@H](NC(=O)[C@H](Cc1ccc(O)cc1)NC(=O)[C@H](CCC(=O)O)[n+]1[c-]n2ccccc2c1)C(=O)O,-5.4048,-8.430254525547445
CSCC[C@H](NC(=O)[C@H](Cc1ccc(O)cc1)NC(=O)[C@H](CCC(N)=O)[n+]1[c-]n2ccccc2c1)C(=O)O,-6.8546,-8.430254525547445
CSCC[C@H](NC(=O)[C@H](Cc1ccc(O)cc1)NC(=O)[C@H](Cc1c[nH]c2ccccc12)[n+]1[c-]n2ccccc2c1)C(=O)O,-8.146,-8.430254525547445
CSCC[C@H](NC(=O)[C@H](Cc1ccc(O)cc1)[n+]1[c-]n2ccccc2c1)C(=O)N[C@@H](CC(C)C)C(=O)O,-4.1972,-8.430254525547445
CSCC[C@H](NC(=O)[C@H](Cc1ccc(O)cc1)[n+]1[c-]n2ccccc2c1)C(=O)N[C@@H](CO)C(=O)O,-13.7074,-8.430254525547445
CSCC[C@H](NC(=O)[C@H](Cc1ccc(O)cc1)[n+]1[c-]n2ccccc2c1)C(=O)N[C@@H](CS)C(=O)O,0.2975,-8.430254525547445
CSCC[C@H](NC(=O)[C@H](Cc1ccc(O)cc1)[n+]1[c-]n2ccccc2c1)C(=O)N[C@@H](Cc1c[nH]cn1)C(=O)O,-11.2999,-8.430254525547445
CSCC[C@H](NC(=O)[C@H](Cc1ccccc1)NC(=O)[C@H](CC(=O)O)[n+]1[c-]n2ccccc2c1)C(=O)O,-4.8161,-8.430254525547445
CSCC[C@H](NC(=O)[C@H](Cc1ccccc1)NC(=O)[C@H](CO)[n+]1[c-]n2ccccc2c1)C(=O)O,-7.0514,-8.430254525547445
CSCC[C@H](NC(=O)[C@H](Cc1ccccc1)NC(=O)[C@H](Cc1ccc(O)cc1)[n+]1[c-]n2ccccc2c1)C(=O)O,-6.4259,-8.430254525547445
CSCC[C@H](NC(=O)[C@H](Cc1ccccc1)[n+]1[c-]n2ccccc2c1)C(=O)N1CCC[C@H]1C(=O)O,-11.137,-8.430254525547445
CSCC[C@H](NC(=O)[C@H](Cc1ccccc1)[n+]1[c-]n2ccccc2c1)C(=O)NCC(=O)O,-5.8015,-8.430254525547445
CSCC[C@H](NC(=O)[C@H](Cc1ccccc1)[n+]1[c-]n2ccccc2c1)C(=O)N[C@@H](CCC(N)=O)C(=O)O,-13.4393,-8.430254525547445
CSCC[C@H](NC(=O)[C@H](Cc1ccccc1)[n+]1[c-]n2ccccc2c1)C(=O)N[C@@H](CS)C(=O)O,-9.8519,-8.430254525547445
CSCC[C@H](NC(=O)[C@H](Cc1ccccc1)[n+]1[c-]n2ccccc2c1)C(=O)N[C@@H](Cc1c[nH]c2ccccc12)C(=O)O,-15.1388,-8.430254525547445
CSCC[C@H](NC(=O)[C@H](Cc1ccccc1)[n+]1[c-]n2ccccc2c1)C(=O)N[C@@H](Cc1ccccc1)C(=O)O,-11.4891,-8.430254525547445
CSCC[C@H](NC(=O)[C@H]([C@@H](C)O)[n+]1[c-]n2ccccc2c1)C(=O)NCC(=O)O,-2.8469,-8.430254525547445
CSCC[C@H](NC(=O)[C@H]([C@@H](C)O)[n+]1[c-]n2ccccc2c1)C(=O)N[C@@H](CC(=O)O)C(=O)O,-14.5868,-8.430254525547445
CSCC[C@H](NC(=O)[C@H]([C@@H](C)O)[n+]1[c-]n2ccccc2c1)C(=O)N[C@@H](CC(C)C)C(=O)O,-6.1914,-8.430254525547445
CSCC[C@H](NC(=O)[C@H]([C@@H](C)O)[n+]1[c-]n2ccccc2c1)C(=O)N[C@@H](CC(N)=O)C(=O)O,-13.4904,-8.430254525547445
CSCC[C@H](NC(=O)[C@H]([C@@H](C)O)[n+]1[c-]n2ccccc2c1)C(=O)N[C@@H](CCC(=O)O)C(=O)O,-17.3647,-8.430254525547445
CSCC[C@H](NC(=O)[C@H]([C@@H](C)O)[n+]1[c-]n2ccccc2c1)C(=O)N[C@H](C(=O)O)[C@@H](C)O,-15.4237,-8.430254525547445
C[C@@H](C(=O)N1CCC[C@H]1C(=O)N[C@@H](CCCNC(=N)N)C(=O)O)[n+]1[c-]n2ccccc2c1,-9.8877,-8.430254525547445
C[C@@H](C(=O)N1CCC[C@H]1C(=O)N[C@@H](Cc1ccccc1)C(=O)O)[n+]1[c-]n2ccccc2c1,-6.8921,-8.430254525547445
C[C@@H](C(=O)NCC(=O)N1CCC[C@H]1C(=O)O)[n+]1[c-]n2ccccc2c1,-7.3902,-8.430254525547445
C[C@@H](C(=O)NCC(=O)N[C@@H](Cc1ccc(O)cc1)C(=O)O)[n+]1[c-]n2ccccc2c1,-15.6491,-8.430254525547445
C[C@@H](C(=O)N[C@@H](CC(=O)O)C(=O)N[C@@H](CC(=O)O)C(=O)O)[n+]1[c-]n2ccccc2c1,-8.7708,-8.430254525547445
C[C@@H](C(=O)N[C@@H](CC(=O)O)C(=O)N[C@@H](CC(N)=O)C(=O)O)[n+]1[c-]n2ccccc2c1,-5.5196,-8.430254525547445
C[C@@H](C(=O)N[C@@H](CC(=O)O)C(=O)N[C@@H](CCC(N)=O)C(=O)O)[n+]1[c-]n2ccccc2c1,-11.5004,-8.430254525547445
C[C@@H](C(=O)N[C@@H](CC(=O)O)C(=O)N[C@@H](CS)C(=O)O)[n+]1[c-]n2ccccc2c1,-6.7744,-8.430254525547445
C[C@@H](C(=O)N[C@@H](CC(N)=O)C(=O)N[C@@H](CC(N)=O)C(=O)O)[n+]1[c-]n2ccccc2c1,-12.9246,-8.430254525547445
C[C@@H](C(=O)N[C@@H](CC(N)=O)C(=O)N[C@@H](Cc1c[nH]c2ccccc12)C(=O)O)[n+]1[c-]n2ccccc2c1,-12.7332,-8.430254525547445
C[C@@H](C(=O)N[C@@H](CC(N)=O)C(=O)N[C@@H](Cc1ccc(O)cc1)C(=O)O)[n+]1[c-]n2ccccc2c1,-9.3323,-8.430254525547445
C[C@@H](C(=O)N[C@@H](CCC(=O)O)C(=O)N[C@@H](CO)C(=O)O)[n+]1[c-]n2ccccc2c1,-15.0741,-8.430254525547445
C[C@@H](C(=O)N[C@@H](CCC(=O)O)C(=O)N[C@@H](Cc1ccc(O)cc1)C(=O)O)[n+]1[c-]n2ccccc2c1,-11.0815,-8.430254525547445
C[C@@H](C(=O)N[C@@H](CCC(=O)O)C(=O)O)[n+]1[c-]n2ccccc2c1,-11.3346,-8.430254525547445
C[C@@H](C(=O)N[C@@H](CCC(N)=O)C(=O)N[C@@H](CO)C(=O)O)[n+]1[c-]n2ccccc2c1,-12.5331,-8.430254525547445
C[C@@H](C(=O)N[C@@H](CCC(N)=O)C(=O)N[C@@H](Cc1c[nH]cn1)C(=O)O)[n+]1[c-]n2ccccc2c1,-11.9543,-8.430254525547445
C[C@@H](C(=O)N[C@@H](CO)C(=O)N[C@@H](Cc1ccccc1)C(=O)O)[n+]1[c-]n2ccccc2c1,-7.6309,-8.430254525547445
C[C@@H](C(=O)N[C@@H](CO)C(=O)O)[n+]1[c-]n2ccccc2c1,-1.3461,-8.430254525547445
C[C@@H](C(=O)N[C@@H](CS)C(=O)NCC(=O)O)[n+]1[c-]n2ccccc2c1,-4.9424,-8.430254525547445
C[C@@H](C(=O)N[C@@H](CS)C(=O)N[C@@H](CCC(=O)O)C(=O)O)[n+]1[c-]n2ccccc2c1,-10.1273,-8.430254525547445
C[C@@H](C(=O)N[C@@H](CS)C(=O)N[C@@H](CO)C(=O)O)[n+]1[c-]n2ccccc2c1,-7.1076,-8.430254525547445
C[C@@H](C(=O)N[C@@H](CS)C(=O)N[C@@H](Cc1ccccc1)C(=O)O)[n+]1[c-]n2ccccc2c1,-8.0721,-8.430254525547445
C[C@@H](C(=O)N[C@@H](Cc1c[nH]c2ccccc12)C(=O)NCC(=O)O)[n+]1[c-]n2ccccc2c1,-10.1333,-8.430254525547445
C[C@@H](C(=O)N[C@@H](Cc1c[nH]c2ccccc12)C(=O)N[C@@H](CCC(N)=O)C(=O)O)[n+]1[c-]n2ccccc2c1,-13.2391,-8.430254525547445
C[C@@H](C(=O)N[C@@H](Cc1c[nH]c2ccccc12)C(=O)N[C@@H](CCCNC(=N)N)C(=O)O)[n+]1[c-]n2ccccc2c1,-11.5632,-8.430254525547445
C[C@@H](C(=O)N[C@@H](Cc1c[nH]cn1)C(=O)N[C@@H](CC(=O)O)C(=O)O)[n+]1[c-]n2ccccc2c1,-14.9004,-8.430254525547445
C[C@@H](C(=O)N[C@@H](Cc1c[nH]cn1)C(=O)N[C@@H](CC(N)=O)C(=O)O)[n+]1[c-]n2ccccc2c1,-13.4051,-8.430254525547445
C[C@@H](C(=O)N[C@@H](Cc1c[nH]cn1)C(=O)N[C@@H](Cc1ccccc1)C(=O)O)[n+]1[c-]n2ccccc2c1,-11.5384,-8.430254525547445
C[C@@H](C(=O)N[C@@H](Cc1ccc(O)cc1)C(=O)N[C@@H](CS)C(=O)O)[n+]1[c-]n2ccccc2c1,-5.276,-8.430254525547445
C[C@@H](C(=O)N[C@@H](Cc1ccccc1)C(=O)O)[n+]1[c-]n2ccccc2c1,-7.6793,-8.430254525547445
C[C@@H](O)[C@@H](C(=O)N1CCC[C@H]1C(=O)N[C@@H](CC(=O)O)C(=O)O)[n+]1[c-]n2ccccc2c1,-5.2608,-8.430254525547445
C[C@@H](O)[C@@H](C(=O)N1CCC[C@H]1C(=O)N[C@@H](Cc1ccc(O)cc1)C(=O)O)[n+]1[c-]n2ccccc2c1,-8.223,-8.430254525547445
C[C@@H](O)[C@@H](C(=O)N1CCC[C@H]1C(=O)O)[n+]1[c-]n2ccccc2c1,-6.769,-8.430254525547445
C[C@@H](O)[C@@H](C(=O)NCC(=O)NCC(=O)O)[n+]1[c-]n2ccccc2c1,-9.9397,-8.430254525547445
C[C@@H](O)[C@@H](C(=O)NCC(=O)N[C@@H](Cc1c[nH]c2ccccc12)C(=O)O)[n+]1[c-]n2ccccc2c1,-8.7387,-8.430254525547445
C[C@@H](O)[C@@H](C(=O)N[C@@H](CC(=O)O)C(=O)N[C@@H](CCC(=O)O)C(=O)O)[n+]1[c-]n2ccccc2c1,1.8187,-8.430254525547445
C[C@@H](O)[C@@H](C(=O)N[C@@H](CC(=O)O)C(=O)N[C@@H](Cc1ccc(O)cc1)C(=O)O)[n+]1[c-]n2ccccc2c1,-15.0158,-8.430254525547445
C[C@@H](O)[C@@H](C(=O)N[C@@H](CC(N)=O)C(=O)N[C@@H](Cc1c[nH]cn1)C(=O)O)[n+]1[c-]n2ccccc2c1,-11.7578,-8.430254525547445
C[C@@H](O)[C@@H](C(=O)N[C@@H](CC(N)=O)C(=O)N[C@@H](Cc1ccc(O)cc1)C(=O)O)[n+]1[c-]n2ccccc2c1,-11.8917,-8.430254525547445
C[C@@H](O)[C@@H](C(=O)N[C@@H](CC(N)=O)C(=O)N[C@@H](Cc1ccccc1)C(=O)O)[n+]1[c-]n2ccccc2c1,-7.1277,-8.430254525547445
C[C@@H](O)[C@@H](C(=O)N[C@@H](CCC(=O)O)C(=O)N[C@@H](Cc1c[nH]cn1)C(=O)O)[n+]1[c-]n2ccccc2c1,-11.5673,-8.430254525547445
C[C@@H](O)[C@@H](C(=O)N[C@@H](CCC(=O)O)C(=O)N[C@@H](Cc1ccc(O)cc1)C(=O)O)[n+]1[c-]n2ccccc2c1,-13.8587,-8.430254525547445
C[C@@H](O)[C@@H](C(=O)N[C@@H](CCC(N)=O)C(=O)NCC(=O)O)[n+]1[c-]n2ccccc2c1,-8.5779,-8.430254525547445
C[C@@H](O)[C@@H](C(=O)N[C@@H](CCC(N)=O)C(=O)N[C@@H](Cc1c[nH]c2ccccc12)C(=O)O)[n+]1[c-]n2ccccc2c1,-12.0167,-8.430254525547445
C[C@@H](O)[C@@H](C(=O)N[C@@H](CCC(N)=O)C(=O)N[C@@H](Cc1ccccc1)C(=O)O)[n+]1[c-]n2ccccc2c1,-12.4973,-8.430254525547445
C[C@@H](O)[C@@H](C(=O)N[C@@H](CCCNC(=N)N)C(=O)N1CCC[C@H]1C(=O)O)[n+]1[c-]n2ccccc2c1,1.3026,-8.430254525547445
C[C@@H](O)[C@@H](C(=O)N[C@@H](CCCNC(=N)N)C(=O)NCC(=O)O)[n+]1[c-]n2ccccc2c1,-4.4273,-8.430254525547445
C[C@@H](O)[C@@H](C(=O)N[C@@H](CCCNC(=N)N)C(=O)N[C@@H](CC(=O)O)C(=O)O)[n+]1[c-]n2ccccc2c1,-1.7747,-8.430254525547445
C[C@@H](O)[C@@H](C(=O)N[C@@H](CCCNC(=N)N)C(=O)N[C@@H](CCC(=O)O)C(=O)O)[n+]1[c-]n2ccccc2c1,-10.2611,-8.430254525547445
C[C@@H](O)[C@@H](C(=O)N[C@@H](CCCNC(=N)N)C(=O)N[C@@H](CCC(N)=O)C(=O)O)[n+]1[c-]n2ccccc2c1,-13.1174,-8.430254525547445
C[C@@H](O)[C@@H](C(=O)N[C@@H](CO)C(=O)NCC(=O)O)[n+]1[c-]n2ccccc2c1,-7.7435,-8.430254525547445
C[C@@H](O)[C@@H](C(=O)N[C@@H](CO)C(=O)N[C@@H](CCC(=O)O)C(=O)O)[n+]1[c-]n2ccccc2c1,-11.039,-8.430254525547445
C[C@@H](O)[C@@H](C(=O)N[C@@H](CS)C(=O)N[C@@H](CC(N)=O)C(=O)O)[n+]1[c-]n2ccccc2c1,-11.9744,-8.430254525547445
C[C@@H](O)[C@@H](C(=O)N[C@@H](CS)C(=O)N[C@@H](CCCNC(=N)N)C(=O)O)[n+]1[c-]n2ccccc2c1,-2.6999,-8.430254525547445
C[C@@H](O)[C@@H](C(=O)N[C@@H](CS)C(=O)N[C@@H](CO)C(=O)O)[n+]1[c-]n2ccccc2c1,-2.8041,-8.430254525547445
C[C@@H](O)[C@@H](C(=O)N[C@@H](Cc1c[nH]c2ccccc12)C(=O)N[C@@H](CCC(=O)O)C(=O)O)[n+]1[c-]n2ccccc2c1,-2.3774,-8.430254525547445
C[C@@H](O)[C@@H](C(=O)N[C@@H](Cc1c[nH]c2ccccc12)C(=O)N[C@@H](CO)C(=O)O)[n+]1[c-]n2ccccc2c1,-11.9135,-8.430254525547445
C[C@@H](O)[C@@H](C(=O)N[C@@H](Cc1c[nH]c2ccccc12)C(=O)N[C@@H](CS)C(=O)O)[n+]1[c-]n2ccccc2c1,-4.6887,-8.430254525547445
C[C@@H](O)[C@@H](C(=O)N[C@@H](Cc1c[nH]c2ccccc12)C(=O)N[C@@H](Cc1c[nH]cn1)C(=O)O)[n+]1[c-]n2ccccc2c1,-6.3909,-8.430254525547445
C[C@@H](O)[C@@H](C(=O)N[C@@H](Cc1c[nH]c2ccccc12)C(=O)N[C@@H](Cc1ccc(O)cc1)C(=O)O)[n+]1[c-]n2ccccc2c1,-15.1191,-8.430254525547445
C[C@@H](O)[C@@H](C(=O)N[C@@H](Cc1c[nH]c2ccccc12)C(=O)O)[n+]1[c-]n2ccccc2c1,-9.2533,-8.430254525547445
C[C@@H](O)[C@@H](C(=O)N[C@@H](Cc1c[nH]cn1)C(=O)N[C@@H](CC(N)=O)C(=O)O)[n+]1[c-]n2ccccc2c1,-10.7588,-8.430254525547445
C[C@@H](O)[C@@H](C(=O)N[C@@H](Cc1c[nH]cn1)C(=O)N[C@@H](CCC(N)=O)C(=O)O)[n+]1[c-]n2ccccc2c1,-8.6701,-8.430254525547445
C[C@@H](O)[C@@H](C(=O)N[C@@H](Cc1c[nH]cn1)C(=O)N[C@@H](CS)C(=O)O)[n+]1[c-]n2ccccc2c1,-8.7529,-8.430254525547445
C[C@@H](O)[C@@H](C(=O)N[C@@H](Cc1ccc(O)cc1)C(=O)NCC(=O)O)[n+]1[c-]n2ccccc2c1,-8.3056,-8.430254525547445
C[C@@H](O)[C@@H](C(=O)N[C@@H](Cc1ccc(O)cc1)C(=O)N[C@@H](CCC(=O)O)C(=O)O)[n+]1[c-]n2ccccc2c1,-9.934,-8.430254525547445
C[C@@H](O)[C@@H](C(=O)N[C@@H](Cc1ccc(O)cc1)C(=O)N[C@@H](CS)C(=O)O)[n+]1[c-]n2ccccc2c1,-3.7184,-8.430254525547445
C[C@@H](O)[C@@H](C(=O)N[C@@H](Cc1ccccc1)C(=O)N[C@@H](CC(N)=O)C(=O)O)[n+]1[c-]n2ccccc2c1,-8.6453,-8.430254525547445
C[C@@H](O)[C@@H](C(=O)N[C@@H](Cc1ccccc1)C(=O)N[C@@H](CCC(=O)O)C(=O)O)[n+]1[c-]n2ccccc2c1,-10.2086,-8.430254525547445
C[C@@H](O)[C@@H](C(=O)N[C@@H](Cc1ccccc1)C(=O)N[C@@H](Cc1c[nH]cn1)C(=O)O)[n+]1[c-]n2ccccc2c1,-14.5168,-8.430254525547445
C[C@@H](O)[C@H](NC(=O)CNC(=O)[C@H](CCC(N)=O)[n+]1[c-]n2ccccc2c1)C(=O)O,-11.3275,-8.430254525547445
C[C@@H](O)[C@H](NC(=O)CNC(=O)[C@H](CS)[n+]1[c-]n2ccccc2c1)C(=O)O,-7.9664,-8.430254525547445
C[C@@H](O)[C@H](NC(=O)C[n+]1[c-]n2ccccc2c1)C(=O)N1CCC[C@H]1C(=O)O,-11.0122,-8.430254525547445
C[C@@H](O)[C@H](NC(=O)C[n+]1[c-]n2ccccc2c1)C(=O)N[C@@H](CO)C(=O)O,-6.5334,-8.430254525547445
C[C@@H](O)[C@H](NC(=O)C[n+]1[c-]n2ccccc2c1)C(=O)N[C@@H](CS)C(=O)O,-8.4296,-8.430254525547445
C[C@@H](O)[C@H](NC(=O)[C@@H](NC(=O)[C@H](CC(N)=O)[n+]1[c-]n2ccccc2c1)[C@@H](C)O)C(=O)O,-7.8054,-8.430254525547445
C[C@@H](O)[C@H](NC(=O)[C@@H](NC(=O)[C@H](Cc1ccccc1)[n+]1[c-]n2ccccc2c1)[C@@H](C)O)C(=O)O,-7.973,-8.430254525547445
C[C@@H](O)[C@H](NC(=O)[C@@H]1CCCN1C(=O)[C@H](CCC(N)=O)[n+]1[c-]n2ccccc2c1)C(=O)O,-12.7325,-8.430254525547445
C[C@@H](O)[C@H](NC(=O)[C@@H]1CCCN1C(=O)[C@H](Cc1c[nH]cn1)[n+]1[c-]n2ccccc2c1)C(=O)O,-8.7844,-8.430254525547445
C[C@@H](O)[C@H](NC(=O)[C@H](C)[n+]1[c-]n2ccccc2c1)C(=O)N[C@@H](Cc1c[nH]cn1)C(=O)O,-10.2173,-8.430254525547445
C[C@@H](O)[C@H](NC(=O)[C@H](CC(=O)O)NC(=O)[C@H](CC(=O)O)[n+]1[c-]n2ccccc2c1)C(=O)O,-7.0056,-8.430254525547445
C[C@@H](O)[C@H](NC(=O)[C@H](CC(=O)O)NC(=O)[C@H](CCCNC(=N)N)[n+]1[c-]n2ccccc2c1)C(=O)O,-12.8474,-8.430254525547445
C[C@@H](O)[C@H](NC(=O)[C@H](CC(=O)O)NC(=O)[C@H](Cc1ccccc1)[n+]1[c-]n2ccccc2c1)C(=O)O,-10.7418,-8.430254525547445
C[C@@H](O)[C@H](NC(=O)[C@H](CC(=O)O)NC(=O)[C@H]([C@@H](C)O)[n+]1[c-]n2ccccc2c1)C(=O)O,-8.102,-8.430254525547445
C[C@@H](O)[C@H](NC(=O)[C@H](CC(=O)O)[n+]1[c-]n2ccccc2c1)C(=O)N[C@@H](Cc1c[nH]cn1)C(=O)O,-9.0831,-8.430254525547445
C[C@@H](O)[C@H](NC(=O)[C@H](CC(=O)O)[n+]1[c-]n2ccccc2c1)C(=O)N[C@@H](Cc1ccccc1)C(=O)O,-8.3803,-8.430254525547445
C[C@@H](O)[C@H](NC(=O)[C@H](CC(N)=O)NC(=O)[C@H](C)[n+]1[c-]n2ccccc2c1)C(=O)O,-13.8757,-8.430254525547445
C[C@@H](O)[C@H](NC(=O)[C@H](CC(N)=O)NC(=O)[C@H](CC(=O)O)[n+]1[c-]n2ccccc2c1)C(=O)O,-11.5808,-8.430254525547445
C[C@@H](O)[C@H](NC(=O)[C@H](CC(N)=O)NC(=O)[C@H](CS)[n+]1[c-]n2ccccc2c1)C(=O)O,-10.9934,-8.430254525547445
C[C@@H](O)[C@H](NC(=O)[C@H](CC(N)=O)[n+]1[c-]n2ccccc2c1)C(=O)N1CCC[C@H]1C(=O)O,-7.4504,-8.430254525547445
C[C@@H](O)[C@H](NC(=O)[C@H](CC(N)=O)[n+]1[c-]n2ccccc2c1)C(=O)N[C@@H](CCC(=O)O)C(=O)O,-10.5624,-8.430254525547445
C[C@@H](O)[C@H](NC(=O)[C@H](CC(N)=O)[n+]1[c-]n2ccccc2c1)C(=O)N[C@@H](CS)C(=O)O,-7.948,-8.430254525547445
C[C@@H](O)[C@H](NC(=O)[C@H](CC(N)=O)[n+]1[c-]n2ccccc2c1)C(=O)N[C@@H](Cc1c[nH]cn1)C(=O)O,-15.5372,-8.430254525547445
C[C@@H](O)[C@H](NC(=O)[C@H](CC(N)=O)[n+]1[c-]n2ccccc2c1)C(=O)N[C@@H](Cc1ccc(O)cc1)C(=O)O,-8.9768,-8.430254525547445
C[C@@H](O)[C@H](NC(=O)[C@H](CC(N)=O)[n+]1[c-]n2ccccc2c1)C(=O)O,-3.0482,-8.430254525547445
C[C@@H](O)[C@H](NC(=O)[C@H](CCC(=O)O)NC(=O)[C@H](C)[n+]1[c-]n2ccccc2c1)C(=O)O,-10.1079,-8.430254525547445
C[C@@H](O)[C@H](NC(=O)[C@H](CCC(=O)O)NC(=O)[C@H](CS)[n+]1[c-]n2ccccc2c1)C(=O)O,-5.1416,-8.430254525547445
C[C@@H](O)[C@H](NC(=O)[C@H](CCC(=O)O)NC(=O)[C@H](Cc1ccccc1)[n+]1[c-]n2ccccc2c1)C(=O)O,-15.359,-8.430254525547445
C[C@@H](O)[C@H](NC(=O)[C@H](CCC(=O)O)[n+]1[c-]n2ccccc2c1)C(=O)N[C@@H](CC(=O)O)C(=O)O,-10.0251,-8.430254525547445
C[C@@H](O)[C@H](NC(=O)[C@H](CCC(=O)O)[n+]1[c-]n2ccccc2c1)C(=O)N[C@@H](Cc1c[nH]c2ccccc12)C(=O)O,-7.8069,-8.430254525547445
C[C@@H](O)[C@H](NC(=O)[C@H](CCC(=O)O)[n+]1[c-]n2ccccc2c1)C(=O)N[C@@H](Cc1ccc(O)cc1)C(=O)O,-7.7332,-8.430254525547445
C[C@@H](O)[C@H](NC(=O)[C@H](CCC(=O)O)[n+]1[c-]n2ccccc2c1)C(=O)O,-10.2449,-8.430254525547445
C[C@@H](O)[C@H](NC(=O)[C@H](CCC(N)=O)NC(=O)[C@H](CCCNC(=N)N)[n+]1[c-]n2ccccc2c1)C(=O)O,-10.2315,-8.430254525547445
C[C@@H](O)[C@H](NC(=O)[C@H](CCC(N)=O)NC(=O)[C@H](Cc1c[nH]c2ccccc12)[n+]1[c-]n2ccccc2c1)C(=O)O,-11.2957,-8.430254525547445
C[C@@H](O)[C@H](NC(=O)[C@H](CCC(N)=O)NC(=O)[C@H](Cc1ccc(O)cc1)[n+]1[c-]n2ccccc2c1)C(=O)O,-12.6455,-8.430254525547445
C[C@@H](O)[C@H](NC(=O)[C@H](CCCNC(=N)N)NC(=O)[C@H](Cc1c[nH]cn1)[n+]1[c-]n2ccccc2c1)C(=O)O,-3.7264,-8.430254525547445
C[C@@H](O)[C@H](NC(=O)[C@H](CCCNC(=N)N)NC(=O)[C@H](Cc1ccc(O)cc1)[n+]1[c-]n2ccccc2c1)C(=O)O,-10.7027,-8.430254525547445
C[C@@H](O)[C@H](NC(=O)[C@H](CCCNC(=N)N)NC(=O)[C@H](Cc1ccccc1)[n+]1[c-]n2ccccc2c1)C(=O)O,-4.955,-8.430254525547445
C[C@@H](O)[C@H](NC(=O)[C@H](CCCNC(=N)N)[n+]1[c-]n2ccccc2c1)C(=O)NCC(=O)O,-0.9228,-8.430254525547445
C[C@@H](O)[C@H](NC(=O)[C@H](CCCNC(=N)N)[n+]1[c-]n2ccccc2c1)C(=O)N[C@@H](CCC(N)=O)C(=O)O,-17.0488,-8.430254525547445
C[C@@H](O)[C@H](NC(=O)[C@H](CCCNC(=N)N)[n+]1[c-]n2ccccc2c1)C(=O)N[C@@H](CO)C(=O)O,-7.9431,-8.430254525547445
C[C@@H](O)[C@H](NC(=O)[C@H](CCCNC(=N)N)[n+]1[c-]n2ccccc2c1)C(=O)N[C@@H](Cc1c[nH]c2ccccc12)C(=O)O,-1.6296,-8.430254525547445
C[C@@H](O)[C@H](NC(=O)[C@H](CO)NC(=O)[C@H](C)[n+]1[c-]n2ccccc2c1)C(=O)O,-6.8541,-8.430254525547445
C[C@@H](O)[C@H](NC(=O)[C@H](CO)NC(=O)[C@H](Cc1c[nH]cn1)[n+]1[c-]n2ccccc2c1)C(=O)O,-9.3985,-8.430254525547445
C[C@@H](O)[C@H](NC(=O)[C@H](CO)NC(=O)[C@H]([C@@H](C)O)[n+]1[c-]n2ccccc2c1)C(=O)O,-7.9034,-8.430254525547445
C[C@@H](O)[C@H](NC(=O)[C@H](CO)[n+]1[c-]n2ccccc2c1)C(=O)NCC(=O)O,-8.589,-8.430254525547445
C[C@@H](O)[C@H](NC(=O)[C@H](CO)[n+]1[c-]n2ccccc2c1)C(=O)N[C@@H](CCC(N)=O)C(=O)O,-11.6498,-8.430254525547445
C[C@@H](O)[C@H](NC(=O)[C@H](CO)[n+]1[c-]n2ccccc2c1)C(=O)N[C@@H](CS)C(=O)O,-10.7323,-8.430254525547445
C[C@@H](O)[C@H](NC(=O)[C@H](CO)[n+]1[c-]n2ccccc2c1)C(=O)N[C@@H](Cc1c[nH]cn1)C(=O)O,-7.507,-8.430254525547445
C[C@@H](O)[C@H](NC(=O)[C@H](CS)NC(=O)[C@H](CC(N)=O)[n+]1[c-]n2ccccc2c1)C(=O)O,-11.3934,-8.430254525547445
C[C@@H](O)[C@H](NC(=O)[C@H](CS)NC(=O)[C@H](CCC(N)=O)[n+]1[c-]n2ccccc2c1)C(=O)O,-10.7869,-8.430254525547445
C[C@@H](O)[C@H](NC(=O)[C@H](CS)[n+]1[c-]n2ccccc2c1)C(=O)NCC(=O)O,1.05,-8.430254525547445
C[C@@H](O)[C@H](NC(=O)[C@H](CS)[n+]1[c-]n2ccccc2c1)C(=O)N[C@@H](CCC(N)=O)C(=O)O,-10.97,-8.430254525547445
C[C@@H](O)[C@H](NC(=O)[C@H](CS)[n+]1[c-]n2ccccc2c1)C(=O)N[C@@H](Cc1c[nH]cn1)C(=O)O,-4.269,-8.430254525547445
C[C@@H](O)[C@H](NC(=O)[C@H](Cc1c[nH]c2ccccc12)NC(=O)[C@H](Cc1c[nH]cn1)[n+]1[c-]n2ccccc2c1)C(=O)O,-4.3522,-8.430254525547445
C[C@@H](O)[C@H](NC(=O)[C@H](Cc1c[nH]c2ccccc12)[n+]1[c-]n2ccccc2c1)C(=O)N[C@@H](CC(=O)O)C(=O)O,-5.8496,-8.430254525547445
C[C@@H](O)[C@H](NC(=O)[C@H](Cc1c[nH]cn1)NC(=O)[C@H](CC(=O)O)[n+]1[c-]n2ccccc2c1)C(=O)O,-6.6024,-8.430254525547445
C[C@@H](O)[C@H](NC(=O)[C@H](Cc1c[nH]cn1)NC(=O)[C@H](CO)[n+]1[c-]n2ccccc2c1)C(=O)O,-11.0663,-8.430254525547445
C[C@@H](O)[C@H](NC(=O)[C@H](Cc1c[nH]cn1)[n+]1[c-]n2ccccc2c1)C(=O)N[C@@H](Cc1c[nH]c2ccccc12)C(=O)O,-2.2031,-8.430254525547445
C[C@@H](O)[C@H](NC(=O)[C@H](Cc1ccc(O)cc1)NC(=O)[C@H](CC(N)=O)[n+]1[c-]n2ccccc2c1)C(=O)O,-9.6992,-8.430254525547445
C[C@@H](O)[C@H](NC(=O)[C@H](Cc1ccc(O)cc1)NC(=O)[C@H](Cc1c[nH]c2ccccc12)[n+]1[c-]n2ccccc2c1)C(=O)O,-12.2955,-8.430254525547445
C[C@@H](O)[C@H](NC(=O)[C@H](Cc1ccc(O)cc1)NC(=O)[C@H](Cc1ccccc1)[n+]1[c-]n2ccccc2c1)C(=O)O,-10.0728,-8.430254525547445
C[C@@H](O)[C@H](NC(=O)[C@H](Cc1ccc(O)cc1)[n+]1[c-]n2ccccc2c1)C(=O)N1CCC[C@H]1C(=O)O,-6.0583,-8.430254525547445
C[C@@H](O)[C@H](NC(=O)[C@H](Cc1ccc(O)cc1)[n+]1[c-]n2ccccc2c1)C(=O)N[C@@H](CCC(=O)O)C(=O)O,-11.1011,-8.430254525547445
C[C@@H](O)[C@H](NC(=O)[C@H](Cc1ccc(O)cc1)[n+]1[c-]n2ccccc2c1)C(=O)N[C@@H](CCC(N)=O)C(=O)O,-4.6756,-8.430254525547445
C[C@@H](O)[C@H](NC(=O)[C@H](Cc1ccc(O)cc1)[n+]1[c-]n2ccccc2c1)C(=O)N[C@@H](Cc1c[nH]c2ccccc12)C(=O)O,-7.5158,-8.430254525547445
C[C@@H](O)[C@H](NC(=O)[C@H](Cc1ccccc1)NC(=O)[C@H](CC(N)=O)[n+]1[c-]n2ccccc2c1)C(=O)O,-7.0332,-8.430254525547445
C[C@@H](O)[C@H](NC(=O)[C@H](Cc1ccccc1)NC(=O)[C@H](CCC(N)=O)[n+]1[c-]n2ccccc2c1)C(=O)O,-15.6601,-8.430254525547445
C[C@@H](O)[C@H](NC(=O)[C@H](Cc1ccccc1)NC(=O)[C@H](Cc1c[nH]cn1)[n+]1[c-]n2ccccc2c1)C(=O)O,-11.9104,-8.430254525547445
C[C@@H](O)[C@H](NC(=O)[C@H](Cc1ccccc1)NC(=O)[C@H](Cc1ccc(O)cc1)[n+]1[c-]n2ccccc2c1)C(=O)O,-9.2915,-8.430254525547445
C[C@@H](O)[C@H](NC(=O)[C@H](Cc1ccccc1)[n+]1[c-]n2ccccc2c1)C(=O)N1CCC[C@H]1C(=O)O,-7.2315,-8.430254525547445
C[C@@H](O)[C@H](NC(=O)[C@H](Cc1ccccc1)[n+]1[c-]n2ccccc2c1)C(=O)N[C@@H](CC(=O)O)C(=O)O,-7.5752,-8.430254525547445
C[C@@H](O)[C@H](NC(=O)[C@H]([C@@H](C)O)[n+]1[c-]n2ccccc2c1)C(=O)N[C@@H](CC(=O)O)C(=O)O,-6.5585,-8.430254525547445
C[C@@H](O)[C@H](NC(=O)[C@H]([C@@H](C)O)[n+]1[c-]n2ccccc2c1)C(=O)N[C@@H](CS)C(=O)O,-11.4544,-8.430254525547445
C[C@H](NC(=O)CNC(=O)[C@H](CCC(=O)O)[n+]1[c-]n2ccccc2c1)C(=O)O,-7.9716,-8.430254525547445
C[C@H](NC(=O)CNC(=O)[C@H]([C@@H](C)O)[n+]1[c-]n2ccccc2c1)C(=O)O,-5.835,-8.430254525547445
C[C@H](NC(=O)C[n+]1[c-]n2ccccc2c1)C(=O)N[C@@H](CO)C(=O)O,-11.7053,-8.430254525547445
C[C@H](NC(=O)C[n+]1[c-]n2ccccc2c1)C(=O)N[C@@H](CS)C(=O)O,-10.8243,-8.430254525547445
C[C@H](NC(=O)C[n+]1[c-]n2ccccc2c1)C(=O)N[C@@H](Cc1c[nH]cn1)C(=O)O,-11.5662,-8.430254525547445
C[C@H](NC(=O)C[n+]1[c-]n2ccccc2c1)C(=O)N[C@@H](Cc1ccc(O)cc1)C(=O)O,-13.639,-8.430254525547445
C[C@H](NC(=O)[C@@H](NC(=O)[C@H](CCC(N)=O)[n+]1[c-]n2ccccc2c1)[C@@H](C)O)C(=O)O,-6.4125,-8.430254525547445
C[C@H](NC(=O)[C@@H]1CCCN1C(=O)[C@H](CS)[n+]1[c-]n2ccccc2c1)C(=O)O,-7.1683,-8.430254525547445
C[C@H](NC(=O)[C@H](C)NC(=O)[C@H](CC(=O)O)[n+]1[c-]n2ccccc2c1)C(=O)O,-3.9651,-8.430254525547445
C[C@H](NC(=O)[C@H](C)NC(=O)[C@H](Cc1c[nH]cn1)[n+]1[c-]n2ccccc2c1)C(=O)O,-4.0865,-8.430254525547445
C[C@H](NC(=O)[C@H](C)[n+]1[c-]n2ccccc2c1)C(=O)N[C@@H](CS)C(=O)O,-6.8995,-8.430254525547445
C[C@H](NC(=O)[C@H](CC(=O)O)NC(=O)[C@H](CC(=O)O)[n+]1[c-]n2ccccc2c1)C(=O)O,-2.2187,-8.430254525547445
C[C@H](NC(=O)[C@H](CC(=O)O)NC(=O)[C@H](CS)[n+]1[c-]n2ccccc2c1)C(=O)O,-4.3506,-8.430254525547445
C[C@H](NC(=O)[C@H](CC(=O)O)NC(=O)[C@H](Cc1c[nH]c2ccccc12)[n+]1[c-]n2ccccc2c1)C(=O)O,-4.7316,-8.430254525547445
C[C@H](NC(=O)[C@H](CC(=O)O)NC(=O)[C@H](Cc1ccc(O)cc1)[n+]1[c-]n2ccccc2c1)C(=O)O,-7.7755,-8.430254525547445
C[C@H](NC(=O)[C@H](CC(=O)O)[n+]1[c-]n2ccccc2c1)C(=O)N[C@@H](CCC(=O)O)C(=O)O,-10.8547,-8.430254525547445
C[C@H](NC(=O)[C@H](CC(=O)O)[n+]1[c-]n2ccccc2c1)C(=O)N[C@@H](CCC(N)=O)C(=O)O,-9.377,-8.430254525547445
C[C@H](NC(=O)[C@H](CC(N)=O)NC(=O)C[n+]1[c-]n2ccccc2c1)C(=O)O,-7.0545,-8.430254525547445
C[C@H](NC(=O)[C@H](CC(N)=O)NC(=O)[C@H](C)[n+]1[c-]n2ccccc2c1)C(=O)O,-1.3066,-8.430254525547445
C[C@H](NC(=O)[C@H](CC(N)=O)NC(=O)[C@H](CS)[n+]1[c-]n2ccccc2c1)C(=O)O,1.9656,-8.430254525547445
C[C@H](NC(=O)[C@H](CC(N)=O)[n+]1[c-]n2ccccc2c1)C(=O)N[C@@H](CC(N)=O)C(=O)O,-13.7896,-8.430254525547445
C[C@H](NC(=O)[C@H](CC(N)=O)[n+]1[c-]n2ccccc2c1)C(=O)N[C@@H](CCC(=O)O)C(=O)O,-11.1195,-8.430254525547445
C[C@H](NC(=O)[C@H](CC(N)=O)[n+]1[c-]n2ccccc2c1)C(=O)N[C@@H](CO)C(=O)O,-4.0474,-8.430254525547445
C[C@H](NC(=O)[C@H](CC(N)=O)[n+]1[c-]n2ccccc2c1)C(=O)N[C@@H](Cc1ccccc1)C(=O)O,-4.9115,-8.430254525547445
C[C@H](NC(=O)[C@H](CCC(=O)O)NC(=O)[C@H](CC(N)=O)[n+]1[c-]n2ccccc2c1)C(=O)O,-6.0279,-8.430254525547445
C[C@H](NC(=O)[C@H](CCC(=O)O)NC(=O)[C@H](CCCNC(=N)N)[n+]1[c-]n2ccccc2c1)C(=O)O,-11.8559,-8.430254525547445
C[C@H](NC(=O)[C@H](CCC(=O)O)NC(=O)[C@H](Cc1ccccc1)[n+]1[c-]n2ccccc2c1)C(=O)O,-6.0766,-8.430254525547445
C[C@H](NC(=O)[C@H](CCC(=O)O)[n+]1[c-]n2ccccc2c1)C(=O)N[C@@H](CS)C(=O)O,-3.2574,-8.430254525547445
C[C@H](NC(=O)[C@H](CCC(=O)O)[n+]1[c-]n2ccccc2c1)C(=O)O,-0.7228,-8.430254525547445
C[C@H](NC(=O)[C@H](CCC(N)=O)NC(=O)[C@H](CO)[n+]1[c-]n2ccccc2c1)C(=O)O,-8.6489,-8.430254525547445
C[C@H](NC(=O)[C@H](CCC(N)=O)NC(=O)[C@H](Cc1c[nH]c2ccccc12)[n+]1[c-]n2ccccc2c1)C(=O)O,-10.4954,-8.430254525547445
C[C@H](NC(=O)[C@H](CCC(N)=O)NC(=O)[C@H](Cc1c[nH]cn1)[n+]1[c-]n2ccccc2c1)C(=O)O,-10.153,-8.430254525547445
C[C@H](NC(=O)[C@H](CCC(N)=O)NC(=O)[C@H](Cc1ccc(O)cc1)[n+]1[c-]n2ccccc2c1)C(=O)O,-9.9104,-8.430254525547445
C[C@H](NC(=O)[C@H](CCC(N)=O)NC(=O)[C@H]([C@@H](C)O)[n+]1[c-]n2ccccc2c1)C(=O)O,-9.0896,-8.430254525547445
C[C@H](NC(=O)[C@H](CCC(N)=O)[n+]1[c-]n2ccccc2c1)C(=O)N[C@@H](CC(N)=O)C(=O)O,-10.9084,-8.430254525547445
C[C@H](NC(=O)[C@H](CCC(N)=O)[n+]1[c-]n2ccccc2c1)C(=O)N[C@@H](CS)C(=O)O,-11.5813,-8.430254525547445
C[C@H](NC(=O)[C@H](CCCNC(=N)N)NC(=O)[C@H](CCC(N)=O)[n+]1[c-]n2ccccc2c1)C(=O)O,-10.4623,-8.430254525547445
C[C@H](NC(=O)[C@H](CCCNC(=N)N)NC(=O)[C@H](Cc1ccccc1)[n+]1[c-]n2ccccc2c1)C(=O)O,2.1941,-8.430254525547445
C[C@H](NC(=O)[C@H](CCCNC(=N)N)NC(=O)[C@H]([C@@H](C)O)[n+]1[c-]n2ccccc2c1)C(=O)O,-11.2281,-8.430254525547445
C[C@H](NC(=O)[C@H](CCCNC(=N)N)[n+]1[c-]n2ccccc2c1)C(=O)NCC(=O)O,-0.5277,-8.430254525547445
C[C@H](NC(=O)[C@H](CCCNC(=N)N)[n+]1[c-]n2ccccc2c1)C(=O)N[C@@H](CS)C(=O)O,-3.3192,-8.430254525547445
C[C@H](NC(=O)[C@H](CCCNC(=N)N)[n+]1[c-]n2ccccc2c1)C(=O)N[C@@H](Cc1ccc(O)cc1)C(=O)O,16.2578,-8.430254525547445
C[C@H](NC(=O)[C@H](CCCNC(=N)N)[n+]1[c-]n2ccccc2c1)C(=O)O,-11.1853,-8.430254525547445
C[C@H](NC(=O)[C@H](CO)NC(=O)[C@H](C)[n+]1[c-]n2ccccc2c1)C(=O)O,-5.1077,-8.430254525547445
C[C@H](NC(=O)[C@H](CO)NC(=O)[C@H](CC(=O)O)[n+]1[c-]n2ccccc2c1)C(=O)O,-0.7373,-8.430254525547445
C[C@H](NC(=O)[C@H](CO)NC(=O)[C@H](Cc1c[nH]cn1)[n+]1[c-]n2ccccc2c1)C(=O)O,-4.6695,-8.430254525547445
C[C@H](NC(=O)[C@H](CO)[n+]1[c-]n2ccccc2c1)C(=O)N[C@@H](CC(=O)O)C(=O)O,-6.3921,-8.430254525547445
C[C@H](NC(=O)[C@H](CO)[n+]1[c-]n2ccccc2c1)C(=O)N[C@@H](CC(N)=O)C(=O)O,-13.2079,-8.430254525547445
C[C@H](NC(=O)[C@H](CO)[n+]1[c-]n2ccccc2c1)C(=O)O,-9.7608,-8.430254525547445
C[C@H](NC(=O)[C@H](CS)NC(=O)C[n+]1[c-]n2ccccc2c1)C(=O)O,-12.1449,-8.430254525547445
C[C@H](NC(=O)[C@H](CS)NC(=O)[C@H](CCCNC(=N)N)[n+]1[c-]n2ccccc2c1)C(=O)O,-8.4114,-8.430254525547445
C[C@H](NC(=O)[C@H](CS)NC(=O)[C@H](CS)[n+]1[c-]n2ccccc2c1)C(=O)O,-5.019,-8.430254525547445
C[C@H](NC(=O)[C@H](CS)[n+]1[c-]n2ccccc2c1)C(=O)N[C@@H](CCC(=O)O)C(=O)O,-12.8853,-8.430254525547445
C[C@H](NC(=O)[C@H](CS)[n+]1[c-]n2ccccc2c1)C(=O)N[C@@H](CCC(N)=O)C(=O)O,-12.0058,-8.430254525547445
C[C@H](NC(=O)[C@H](CS)[n+]1[c-]n2ccccc2c1)C(=O)N[C@@H](CCCNC(=N)N)C(=O)O,-6.9571,-8.430254525547445
C[C@H](NC(=O)[C@H](CS)[n+]1[c-]n2ccccc2c1)C(=O)N[C@H](C(=O)O)[C@@H](C)O,-3.0617,-8.430254525547445
C[C@H](NC(=O)[C@H](CS)[n+]1[c-]n2ccccc2c1)C(=O)O,-2.3258,-8.430254525547445
C[C@H](NC(=O)[C@H](Cc1c[nH]c2ccccc12)NC(=O)C[n+]1[c-]n2ccccc2c1)C(=O)O,-7.3227,-8.430254525547445
C[C@H](NC(=O)[C@H](Cc1c[nH]c2ccccc12)NC(=O)[C@H](CCC(N)=O)[n+]1[c-]n2ccccc2c1)C(=O)O,-3.6252,-8.430254525547445
C[C@H](NC(=O)[C@H](Cc1c[nH]c2ccccc12)NC(=O)[C@H](Cc1c[nH]c2ccccc12)[n+]1[c-]n2ccccc2c1)C(=O)O,-4.3741,-8.430254525547445
C[C@H](NC(=O)[C@H](Cc1c[nH]c2ccccc12)[n+]1[c-]n2ccccc2c1)C(=O)N[C@@H](CCC(N)=O)C(=O)O,-16.3738,-8.430254525547445
C[C@H](NC(=O)[C@H](Cc1c[nH]c2ccccc12)[n+]1[c-]n2ccccc2c1)C(=O)N[C@@H](CCCNC(=N)N)C(=O)O,-6.3966,-8.430254525547445
C[C@H](NC(=O)[C@H](Cc1c[nH]c2ccccc12)[n+]1[c-]n2ccccc2c1)C(=O)N[C@@H](CO)C(=O)O,-0.5617,-8.430254525547445
C[C@H](NC(=O)[C@H](Cc1c[nH]cn1)NC(=O)[C@H](CC(N)=O)[n+]1[c-]n2ccccc2c1)C(=O)O,-12.5183,-8.430254525547445
C[C@H](NC(=O)[C@H](Cc1c[nH]cn1)NC(=O)[C@H](CCC(N)=O)[n+]1[c-]n2ccccc2c1)C(=O)O,-11.3603,-8.430254525547445
C[C@H](NC(=O)[C@H](Cc1c[nH]cn1)NC(=O)[C@H](CO)[n+]1[c-]n2ccccc2c1)C(=O)O,-9.7715,-8.430254525547445
C[C@H](NC(=O)[C@H](Cc1c[nH]cn1)NC(=O)[C@H](Cc1ccc(O)cc1)[n+]1[c-]n2ccccc2c1)C(=O)O,-8.9458,-8.430254525547445
C[C@H](NC(=O)[C@H](Cc1c[nH]cn1)NC(=O)[C@H](Cc1ccccc1)[n+]1[c-]n2ccccc2c1)C(=O)O,-8.9533,-8.430254525547445
C[C@H](NC(=O)[C@H](Cc1ccc(O)cc1)NC(=O)[C@H](CCC(=O)O)[n+]1[c-]n2ccccc2c1)C(=O)O,-6.7867,-8.430254525547445
C[C@H](NC(=O)[C@H](Cc1ccc(O)cc1)NC(=O)[C@H](CO)[n+]1[c-]n2ccccc2c1)C(=O)O,-4.211,-8.430254525547445
C[C@H](NC(=O)[C@H](Cc1ccc(O)cc1)[n+]1[c-]n2ccccc2c1)C(=O)N[C@@H](CC(=O)O)C(=O)O,-13.9044,-8.430254525547445
C[C@H](NC(=O)[C@H](Cc1ccc(O)cc1)[n+]1[c-]n2ccccc2c1)C(=O)N[C@@H](CO)C(=O)O,-5.6567,-8.430254525547445
C[C@H](NC(=O)[C@H](Cc1ccc(O)cc1)[n+]1[c-]n2ccccc2c1)C(=O)N[C@H](C(=O)O)[C@@H](C)O,-5.4157,-8.430254525547445
C[C@H](NC(=O)[C@H](Cc1ccccc1)NC(=O)[C@H](CO)[n+]1[c-]n2ccccc2c1)C(=O)O,-6.3611,-8.430254525547445
C[C@H](NC(=O)[C@H](Cc1ccccc1)[n+]1[c-]n2ccccc2c1)C(=O)N[C@@H](Cc1c[nH]c2ccccc12)C(=O)O,-8.4703,-8.430254525547445
C[C@H](NC(=O)[C@H]([C@@H](C)O)[n+]1[c-]n2ccccc2c1)C(=O)N[C@@H](CC(N)=O)C(=O)O,-12.2189,-8.430254525547445
C[C@H](NC(=O)[C@H]([C@@H](C)O)[n+]1[c-]n2ccccc2c1)C(=O)N[C@@H](CCCNC(=N)N)C(=O)O,-11.9505,-8.430254525547445
C[C@H](NC(=O)[C@H]([C@@H](C)O)[n+]1[c-]n2ccccc2c1)C(=O)N[C@@H](CS)C(=O)O,-5.9081,-8.430254525547445
C[C@H](NC(=O)[C@H]([C@@H](C)O)[n+]1[c-]n2ccccc2c1)C(=O)N[C@@H](Cc1c[nH]c2ccccc12)C(=O)O,-11.9235,-8.430254525547445
C[C@H](NC(=O)[C@H]([C@@H](C)O)[n+]1[c-]n2ccccc2c1)C(=O)N[C@@H](Cc1c[nH]cn1)C(=O)O,-3.3597,-8.430254525547445
N=C(N)NCCC[C@@H](C(=O)N1CCC[C@H]1C(=O)O)[n+]1[c-]n2ccccc2c1,-6.3726,-8.430254525547445
N=C(N)NCCC[C@@H](C(=O)NCC(=O)N[C@@H](Cc1ccc(O)cc1)C(=O)O)[n+]1[c-]n2ccccc2c1,-7.4551,-8.430254525547445
N=C(N)NCCC[C@@H](C(=O)N[C@@H](CC(=O)O)C(=O)N[C@@H](CS)C(=O)O)[n+]1[c-]n2ccccc2c1,-10.2836,-8.430254525547445
N=C(N)NCCC[C@@H](C(=O)N[C@@H](CC(=O)O)C(=O)N[C@@H](Cc1c[nH]c2ccccc12)C(=O)O)[n+]1[c-]n2ccccc2c1,-3.7014,-8.430254525547445
N=C(N)NCCC[C@@H](C(=O)N[C@@H](CC(N)=O)C(=O)N[C@@H](CC(N)=O)C(=O)O)[n+]1[c-]n2ccccc2c1,-7.4431,-8.430254525547445
N=C(N)NCCC[C@@H](C(=O)N[C@@H](CC(N)=O)C(=O)N[C@@H](CO)C(=O)O)[n+]1[c-]n2ccccc2c1,-4.887,-8.430254525547445
N=C(N)NCCC[C@@H](C(=O)N[C@@H](CC(N)=O)C(=O)N[C@@H](CS)C(=O)O)[n+]1[c-]n2ccccc2c1,-3.9309,-8.430254525547445
N=C(N)NCCC[C@@H](C(=O)N[C@@H](CC(N)=O)C(=O)N[C@@H](Cc1c[nH]c2ccccc12)C(=O)O)[n+]1[c-]n2ccccc2c1,-9.7128,-8.430254525547445
N=C(N)NCCC[C@@H](C(=O)N[C@@H](CC(N)=O)C(=O)O)[n+]1[c-]n2ccccc2c1,-9.9442,-8.430254525547445
N=C(N)NCCC[C@@H](C(=O)N[C@@H](CCC(=O)O)C(=O)N1CCC[C@H]1C(=O)O)[n+]1[c-]n2ccccc2c1,-13.8063,-8.430254525547445
N=C(N)NCCC[C@@H](C(=O)N[C@@H](CCC(=O)O)C(=O)NCC(=O)O)[n+]1[c-]n2ccccc2c1,-7.1367,-8.430254525547445
N=C(N)NCCC[C@@H](C(=O)N[C@@H](CCC(=O)O)C(=O)N[C@@H](Cc1c[nH]cn1)C(=O)O)[n+]1[c-]n2ccccc2c1,-10.3352,-8.430254525547445
N=C(N)NCCC[C@@H](C(=O)N[C@@H](CCC(=O)O)C(=O)N[C@@H](Cc1ccccc1)C(=O)O)[n+]1[c-]n2ccccc2c1,-10.404,-8.430254525547445
N=C(N)NCCC[C@@H](C(=O)N[C@@H](CCC(N)=O)C(=O)NCC(=O)O)[n+]1[c-]n2ccccc2c1,-7.9119,-8.430254525547445
N=C(N)NCCC[C@@H](C(=O)N[C@@H](CCC(N)=O)C(=O)N[C@@H](CCC(=O)O)C(=O)O)[n+]1[c-]n2ccccc2c1,-7.5018,-8.430254525547445
N=C(N)NCCC[C@@H](C(=O)N[C@@H](CO)C(=O)N1CCC[C@H]1C(=O)O)[n+]1[c-]n2ccccc2c1,-4.3901,-8.430254525547445
N=C(N)NCCC[C@@H](C(=O)N[C@@H](CO)C(=O)NCC(=O)O)[n+]1[c-]n2ccccc2c1,-2.9727,-8.430254525547445
N=C(N)NCCC[C@@H](C(=O)N[C@@H](CO)C(=O)N[C@@H](Cc1ccc(O)cc1)C(=O)O)[n+]1[c-]n2ccccc2c1,-4.4127,-8.430254525547445
N=C(N)NCCC[C@@H](C(=O)N[C@@H](CS)C(=O)N[C@@H](Cc1c[nH]c2ccccc12)C(=O)O)[n+]1[c-]n2ccccc2c1,-7.7022,-8.430254525547445
N=C(N)NCCC[C@@H](C(=O)N[C@@H](CS)C(=O)N[C@@H](Cc1ccc(O)cc1)C(=O)O)[n+]1[c-]n2ccccc2c1,-8.485,-8.430254525547445
N=C(N)NCCC[C@@H](C(=O)N[C@@H](Cc1c[nH]c2ccccc12)C(=O)N[C@@H](CCC(=O)O)C(=O)O)[n+]1[c-]n2ccccc2c1,-6.1126,-8.430254525547445
N=C(N)NCCC[C@@H](C(=O)N[C@@H](Cc1c[nH]cn1)C(=O)NCC(=O)O)[n+]1[c-]n2ccccc2c1,1.0814,-8.430254525547445
N=C(N)NCCC[C@@H](C(=O)N[C@@H](Cc1c[nH]cn1)C(=O)N[C@@H](CC(=O)O)C(=O)O)[n+]1[c-]n2ccccc2c1,-8.4974,-8.430254525547445
N=C(N)NCCC[C@@H](C(=O)N[C@@H](Cc1c[nH]cn1)C(=O)N[C@@H](CC(N)=O)C(=O)O)[n+]1[c-]n2ccccc2c1,-11.8435,-8.430254525547445
N=C(N)NCCC[C@@H](C(=O)N[C@@H](Cc1ccc(O)cc1)C(=O)N1CCC[C@H]1C(=O)O)[n+]1[c-]n2ccccc2c1,-9.1257,-8.430254525547445
N=C(N)NCCC[C@@H](C(=O)N[C@@H](Cc1ccc(O)cc1)C(=O)N[C@@H](CC(=O)O)C(=O)O)[n+]1[c-]n2ccccc2c1,-16.866,-8.430254525547445
N=C(N)NCCC[C@@H](C(=O)N[C@@H](Cc1ccc(O)cc1)C(=O)N[C@@H](CC(N)=O)C(=O)O)[n+]1[c-]n2ccccc2c1,-8.892,-8.430254525547445
N=C(N)NCCC[C@@H](C(=O)N[C@@H](Cc1ccc(O)cc1)C(=O)N[C@@H](CCC(=O)O)C(=O)O)[n+]1[c-]n2ccccc2c1,-1.765,-8.430254525547445
N=C(N)NCCC[C@@H](C(=O)N[C@@H](Cc1ccc(O)cc1)C(=O)N[C@@H](Cc1c[nH]c2ccccc12)C(=O)O)[n+]1[c-]n2ccccc2c1,-4.5535,-8.430254525547445
N=C(N)NCCC[C@@H](C(=O)N[C@@H](Cc1ccccc1)C(=O)N[C@@H](CCC(=O)O)C(=O)O)[n+]1[c-]n2ccccc2c1,-0.1621,-8.430254525547445
N=C(N)NCCC[C@H](NC(=O)C[n+]1[c-]n2ccccc2c1)C(=O)N1CCC[C@H]1C(=O)O,-13.2841,-8.430254525547445
N=C(N)NCCC[C@H](NC(=O)C[n+]1[c-]n2ccccc2c1)C(=O)N[C@@H](CCC(N)=O)C(=O)O,-11.1377,-8.430254525547445
N=C(N)NCCC[C@H](NC(=O)[C@@H]1CCCN1C(=O)[C@H](CCCNC(=N)N)[n+]1[c-]n2ccccc2c1)C(=O)O,-1.4792,-8.430254525547445
N=C(N)NCCC[C@H](NC(=O)[C@@H]1CCCN1C(=O)[C@H](CS)[n+]1[c-]n2ccccc2c1)C(=O)O,-11.5672,-8.430254525547445
N=C(N)NCCC[C@H](NC(=O)[C@H](CC(=O)O)NC(=O)C[n+]1[c-]n2ccccc2c1)C(=O)O,-14.7188,-8.430254525547445
N=C(N)NCCC[C@H](NC(=O)[C@H](CC(=O)O)NC(=O)[C@H](CC(=O)O)[n+]1[c-]n2ccccc2c1)C(=O)O,2.193,-8.430254525547445
N=C(N)NCCC[C@H](NC(=O)[C@H](CC(=O)O)NC(=O)[C@H](Cc1c[nH]cn1)[n+]1[c-]n2ccccc2c1)C(=O)O,-6.2876,-8.430254525547445
N=C(N)NCCC[C@H](NC(=O)[C@H](CC(=O)O)[n+]1[c-]n2ccccc2c1)C(=O)NCC(=O)O,-20.4383,-8.430254525547445
N=C(N)NCCC[C@H](NC(=O)[C@H](CC(=O)O)[n+]1[c-]n2ccccc2c1)C(=O)N[C@@H](CCC(=O)O)C(=O)O,-10.5996,-8.430254525547445
N=C(N)NCCC[C@H](NC(=O)[C@H](CC(=O)O)[n+]1[c-]n2ccccc2c1)C(=O)N[C@@H](CCC(N)=O)C(=O)O,-8.4985,-8.430254525547445
N=C(N)NCCC[C@H](NC(=O)[C@H](CC(=O)O)[n+]1[c-]n2ccccc2c1)C(=O)N[C@@H](Cc1c[nH]c2ccccc12)C(=O)O,-11.1551,-8.430254525547445
N=C(N)NCCC[C@H](NC(=O)[C@H](CC(N)=O)NC(=O)[C@H](CC(=O)O)[n+]1[c-]n2ccccc2c1)C(=O)O,-12.119,-8.430254525547445
N=C(N)NCCC[C@H](NC(=O)[C@H](CC(N)=O)NC(=O)[C@H](CCC(=O)O)[n+]1[c-]n2ccccc2c1)C(=O)O,-5.6697,-8.430254525547445
N=C(N)NCCC[C@H](NC(=O)[C@H](CC(N)=O)NC(=O)[C@H](CS)[n+]1[c-]n2ccccc2c1)C(=O)O,-8.1041,-8.430254525547445
N=C(N)NCCC[C@H](NC(=O)[C@H](CC(N)=O)NC(=O)[C@H](Cc1c[nH]c2ccccc12)[n+]1[c-]n2ccccc2c1)C(=O)O,-4.6099,-8.430254525547445
N=C(N)NCCC[C@H](NC(=O)[C@H](CC(N)=O)[n+]1[c-]n2ccccc2c1)C(=O)N[C@@H](Cc1ccc(O)cc1)C(=O)O,-10.7438,-8.430254525547445
N=C(N)NCCC[C@H](NC(=O)[C@H](CCC(=O)O)NC(=O)[C@H](CCC(N)=O)[n+]1[c-]n2ccccc2c1)C(=O)O,-6.8311,-8.430254525547445
N=C(N)NCCC[C@H](NC(=O)[C@H](CCC(=O)O)NC(=O)[C@H](CO)[n+]1[c-]n2ccccc2c1)C(=O)O,-20.0847,-8.430254525547445
N=C(N)NCCC[C@H](NC(=O)[C@H](CCC(N)=O)NC(=O)[C@H](CO)[n+]1[c-]n2ccccc2c1)C(=O)O,-22.2812,-8.430254525547445
N=C(N)NCCC[C@H](NC(=O)[C@H](CCC(N)=O)NC(=O)[C@H](CS)[n+]1[c-]n2ccccc2c1)C(=O)O,-10.9956,-8.430254525547445
N=C(N)NCCC[C@H](NC(=O)[C@H](CCC(N)=O)[n+]1[c-]n2ccccc2c1)C(=O)N[C@@H](CC(N)=O)C(=O)O,-7.9037,-8.430254525547445
N=C(N)NCCC[C@H](NC(=O)[C@H](CCC(N)=O)[n+]1[c-]n2ccccc2c1)C(=O)N[C@@H](CCC(=O)O)C(=O)O,-10.1054,-8.430254525547445
N=C(N)NCCC[C@H](NC(=O)[C@H](CCCNC(=N)N)NC(=O)C[n+]1[c-]n2ccccc2c1)C(=O)O,-13.8766,-8.430254525547445
N=C(N)NCCC[C@H](NC(=O)[C@H](CCCNC(=N)N)NC(=O)[C@H](CC(=O)O)[n+]1[c-]n2ccccc2c1)C(=O)O,-11.2396,-8.430254525547445
N=C(N)NCCC[C@H](NC(=O)[C@H](CCCNC(=N)N)NC(=O)[C@H](CCC(N)=O)[n+]1[c-]n2ccccc2c1)C(=O)O,-6.1948,-8.430254525547445
N=C(N)NCCC[C@H](NC(=O)[C@H](CCCNC(=N)N)NC(=O)[C@H](CO)[n+]1[c-]n2ccccc2c1)C(=O)O,-11.2077,-8.430254525547445
N=C(N)NCCC[C@H](NC(=O)[C@H](CCCNC(=N)N)[n+]1[c-]n2ccccc2c1)C(=O)N1CCC[C@H]1C(=O)O,-2.694,-8.430254525547445
N=C(N)NCCC[C@H](NC(=O)[C@H](CCCNC(=N)N)[n+]1[c-]n2ccccc2c1)C(=O)N[C@@H](CCC(N)=O)C(=O)O,-5.9303,-8.430254525547445
N=C(N)NCCC[C@H](NC(=O)[C@H](CCCNC(=N)N)[n+]1[c-]n2ccccc2c1)C(=O)N[C@@H](CS)C(=O)O,-9.8739,-8.430254525547445
N=C(N)NCCC[C@H](NC(=O)[C@H](CCCNC(=N)N)[n+]1[c-]n2ccccc2c1)C(=O)N[C@@H](Cc1c[nH]c2ccccc12)C(=O)O,-5.5442,-8.430254525547445
N=C(N)NCCC[C@H](NC(=O)[C@H](CO)NC(=O)[C@H](CS)[n+]1[c-]n2ccccc2c1)C(=O)O,-5.3193,-8.430254525547445
N=C(N)NCCC[C@H](NC(=O)[C@H](CO)NC(=O)[C@H](Cc1ccc(O)cc1)[n+]1[c-]n2ccccc2c1)C(=O)O,-3.9293,-8.430254525547445
N=C(N)NCCC[C@H](NC(=O)[C@H](CO)[n+]1[c-]n2ccccc2c1)C(=O)N[C@@H](Cc1ccccc1)C(=O)O,-6.3698,-8.430254525547445
N=C(N)NCCC[C@H](NC(=O)[C@H](CO)[n+]1[c-]n2ccccc2c1)C(=O)O,-12.73,-8.430254525547445
N=C(N)NCCC[C@H](NC(=O)[C@H](CS)NC(=O)[C@H](CCC(N)=O)[n+]1[c-]n2ccccc2c1)C(=O)O,-11.2047,-8.430254525547445
N=C(N)NCCC[C@H](NC(=O)[C@H](CS)[n+]1[c-]n2ccccc2c1)C(=O)N[C@@H](CCC(=O)O)C(=O)O,-7.931,-8.430254525547445
N=C(N)NCCC[C@H](NC(=O)[C@H](CS)[n+]1[c-]n2ccccc2c1)C(=O)N[C@@H](Cc1ccc(O)cc1)C(=O)O,-8.7236,-8.430254525547445
N=C(N)NCCC[C@H](NC(=O)[C@H](Cc1c[nH]c2ccccc12)NC(=O)[C@H](CC(=O)O)[n+]1[c-]n2ccccc2c1)C(=O)O,-6.7319,-8.430254525547445
N=C(N)NCCC[C@H](NC(=O)[C@H](Cc1c[nH]c2ccccc12)NC(=O)[C@H](CCC(N)=O)[n+]1[c-]n2ccccc2c1)C(=O)O,-14.8767,-8.430254525547445
N=C(N)NCCC[C@H](NC(=O)[C@H](Cc1c[nH]c2ccccc12)[n+]1[c-]n2ccccc2c1)C(=O)NCC(=O)O,-8.215,-8.430254525547445
N=C(N)NCCC[C@H](NC(=O)[C@H](Cc1c[nH]c2ccccc12)[n+]1[c-]n2ccccc2c1)C(=O)N[C@@H](CCC(N)=O)C(=O)O,-8.7895,-8.430254525547445
N=C(N)NCCC[C@H](NC(=O)[C@H](Cc1c[nH]c2ccccc12)[n+]1[c-]n2ccccc2c1)C(=O)N[C@@H](Cc1ccc(O)cc1)C(=O)O,-8.6448,-8.430254525547445
N=C(N)NCCC[C@H](NC(=O)[C@H](Cc1c[nH]cn1)NC(=O)[C@H](CC(=O)O)[n+]1[c-]n2ccccc2c1)C(=O)O,-3.7531,-8.430254525547445
N=C(N)NCCC[C@H](NC(=O)[C@H](Cc1c[nH]cn1)NC(=O)[C@H](CO)[n+]1[c-]n2ccccc2c1)C(=O)O,-17.324,-8.430254525547445
N=C(N)NCCC[C@H](NC(=O)[C@H](Cc1c[nH]cn1)[n+]1[c-]n2ccccc2c1)C(=O)N[C@@H](CS)C(=O)O,-7.9403,-8.430254525547445
N=C(N)NCCC[C@H](NC(=O)[C@H](Cc1c[nH]cn1)[n+]1[c-]n2ccccc2c1)C(=O)N[C@@H](Cc1ccc(O)cc1)C(=O)O,-1.1544,-8.430254525547445
N=C(N)NCCC[C@H](NC(=O)[C@H](Cc1c[nH]cn1)[n+]1[c-]n2ccccc2c1)C(=O)N[C@@H](Cc1ccccc1)C(=O)O,-6.1262,-8.430254525547445
N=C(N)NCCC[C@H](NC(=O)[C@H](Cc1ccc(O)cc1)[n+]1[c-]n2ccccc2c1)C(=O)N1CCC[C@H]1C(=O)O,-3.7857,-8.430254525547445
N=C(N)NCCC[C@H](NC(=O)[C@H](Cc1ccccc1)NC(=O)[C@H](CC(=O)O)[n+]1[c-]n2ccccc2c1)C(=O)O,-7.3557,-8.430254525547445
N=C(N)NCCC[C@H](NC(=O)[C@H](Cc1ccccc1)NC(=O)[C@H](CCC(=O)O)[n+]1[c-]n2ccccc2c1)C(=O)O,-12.1677,-8.430254525547445
N=C(N)NCCC[C@H](NC(=O)[C@H](Cc1ccccc1)NC(=O)[C@H](CCC(N)=O)[n+]1[c-]n2ccccc2c1)C(=O)O,-8.4706,-8.430254525547445
N=C(N)NCCC[C@H](NC(=O)[C@H](Cc1ccccc1)NC(=O)[C@H](Cc1c[nH]c2ccccc12)[n+]1[c-]n2ccccc2c1)C(=O)O,-10.4192,-8.430254525547445
N=C(N)NCCC[C@H](NC(=O)[C@H](Cc1ccccc1)[n+]1[c-]n2ccccc2c1)C(=O)NCC(=O)O,-13.0733,-8.430254525547445
N=C(N)NCCC[C@H](NC(=O)[C@H](Cc1ccccc1)[n+]1[c-]n2ccccc2c1)C(=O)N[C@@H](CCC(=O)O)C(=O)O,-15.7001,-8.430254525547445
N=C(N)NCCC[C@H](NC(=O)[C@H](Cc1ccccc1)[n+]1[c-]n2ccccc2c1)C(=O)N[C@@H](CCC(N)=O)C(=O)O,-9.2418,-8.430254525547445
N=C(N)NCCC[C@H](NC(=O)[C@H](Cc1ccccc1)[n+]1[c-]n2ccccc2c1)C(=O)N[C@@H](CS)C(=O)O,-1.5855,-8.430254525547445
N=C(N)NCCC[C@H](NC(=O)[C@H](Cc1ccccc1)[n+]1[c-]n2ccccc2c1)C(=O)N[C@@H](Cc1c[nH]cn1)C(=O)O,-8.8749,-8.430254525547445
NC(=O)CC[C@@H](C(=O)N1CCC[C@H]1C(=O)N[C@@H](CC(N)=O)C(=O)O)[n+]1[c-]n2ccccc2c1,-9.5684,-8.430254525547445
NC(=O)CC[C@@H](C(=O)N1CCC[C@H]1C(=O)N[C@@H](CS)C(=O)O)[n+]1[c-]n2ccccc2c1,-11.9534,-8.430254525547445
NC(=O)CC[C@@H](C(=O)N1CCC[C@H]1C(=O)N[C@@H](Cc1c[nH]c2ccccc12)C(=O)O)[n+]1[c-]n2ccccc2c1,-9.7354,-8.430254525547445
NC(=O)CC[C@@H](C(=O)NCC(=O)N[C@@H](CS)C(=O)O)[n+]1[c-]n2ccccc2c1,-5.8196,-8.430254525547445
NC(=O)CC[C@@H](C(=O)NCC(=O)N[C@@H](Cc1c[nH]cn1)C(=O)O)[n+]1[c-]n2ccccc2c1,-9.797,-8.430254525547445
NC(=O)CC[C@@H](C(=O)N[C@@H](CC(=O)O)C(=O)NCC(=O)O)[n+]1[c-]n2ccccc2c1,-2.1795,-8.430254525547445
NC(=O)CC[C@@H](C(=O)N[C@@H](CC(=O)O)C(=O)N[C@@H](Cc1c[nH]cn1)C(=O)O)[n+]1[c-]n2ccccc2c1,-12.173,-8.430254525547445
NC(=O)CC[C@@H](C(=O)N[C@@H](CC(N)=O)C(=O)N[C@@H](CC(=O)O)C(=O)O)[n+]1[c-]n2ccccc2c1,-14.6986,-8.430254525547445
NC(=O)CC[C@@H](C(=O)N[C@@H](CC(N)=O)C(=O)O)[n+]1[c-]n2ccccc2c1,-6.477,-8.430254525547445
NC(=O)CC[C@@H](C(=O)N[C@@H](CCC(=O)O)C(=O)N[C@@H](Cc1ccc(O)cc1)C(=O)O)[n+]1[c-]n2ccccc2c1,-21.1917,-8.430254525547445
NC(=O)CC[C@@H](C(=O)N[C@@H](CO)C(=O)NCC(=O)O)[n+]1[c-]n2ccccc2c1,-3.023,-8.430254525547445
NC(=O)CC[C@@H](C(=O)N[C@@H](CO)C(=O)N[C@@H](CCC(=O)O)C(=O)O)[n+]1[c-]n2ccccc2c1,-8.203,-8.430254525547445
NC(=O)CC[C@@H](C(=O)N[C@@H](CS)C(=O)N[C@@H](CCC(=O)O)C(=O)O)[n+]1[c-]n2ccccc2c1,-9.3689,-8.430254525547445
NC(=O)CC[C@@H](C(=O)N[C@@H](CS)C(=O)N[C@@H](Cc1c[nH]c2ccccc12)C(=O)O)[n+]1[c-]n2ccccc2c1,-9.089,-8.430254525547445
NC(=O)CC[C@@H](C(=O)N[C@@H](CS)C(=O)O)[n+]1[c-]n2ccccc2c1,-1.5137,-8.430254525547445
NC(=O)CC[C@@H](C(=O)N[C@@H](Cc1c[nH]c2ccccc12)C(=O)N1CCC[C@H]1C(=O)O)[n+]1[c-]n2ccccc2c1,-7.4027,-8.430254525547445
NC(=O)CC[C@@H](C(=O)N[C@@H](Cc1c[nH]c2ccccc12)C(=O)NCC(=O)O)[n+]1[c-]n2ccccc2c1,-14.7583,-8.430254525547445
NC(=O)CC[C@@H](C(=O)N[C@@H](Cc1c[nH]c2ccccc12)C(=O)N[C@@H](Cc1ccc(O)cc1)C(=O)O)[n+]1[c-]n2ccccc2c1,-14.7105,-8.430254525547445
NC(=O)CC[C@@H](C(=O)N[C@@H](Cc1c[nH]c2ccccc12)C(=O)O)[n+]1[c-]n2ccccc2c1,-6.3508,-8.430254525547445
NC(=O)CC[C@@H](C(=O)N[C@@H](Cc1c[nH]cn1)C(=O)N[C@@H](CS)C(=O)O)[n+]1[c-]n2ccccc2c1,-8.7945,-8.430254525547445
NC(=O)CC[C@@H](C(=O)N[C@@H](Cc1c[nH]cn1)C(=O)N[C@@H](Cc1ccc(O)cc1)C(=O)O)[n+]1[c-]n2ccccc2c1,-17.0152,-8.430254525547445
NC(=O)CC[C@@H](C(=O)N[C@@H](Cc1ccc(O)cc1)C(=O)N[C@@H](CO)C(=O)O)[n+]1[c-]n2ccccc2c1,-6.04,-8.430254525547445
NC(=O)CC[C@@H](C(=O)N[C@@H](Cc1ccc(O)cc1)C(=O)N[C@@H](Cc1c[nH]cn1)C(=O)O)[n+]1[c-]n2ccccc2c1,-10.1584,-8.430254525547445
NC(=O)CC[C@@H](C(=O)N[C@@H](Cc1ccccc1)C(=O)NCC(=O)O)[n+]1[c-]n2ccccc2c1,-5.3166,-8.430254525547445
NC(=O)CC[C@@H](C(=O)N[C@@H](Cc1ccccc1)C(=O)N[C@@H](CO)C(=O)O)[n+]1[c-]n2ccccc2c1,-8.6867,-8.430254525547445
NC(=O)CC[C@@H](C(=O)N[C@@H](Cc1ccccc1)C(=O)N[C@@H](Cc1c[nH]c2ccccc12)C(=O)O)[n+]1[c-]n2ccccc2c1,-9.4544,-8.430254525547445
NC(=O)CC[C@@H](C(=O)N[C@@H](Cc1ccccc1)C(=O)N[C@@H](Cc1c[nH]cn1)C(=O)O)[n+]1[c-]n2ccccc2c1,-8.1279,-8.430254525547445
NC(=O)CC[C@H](NC(=O)CNC(=O)[C@H](CC(N)=O)[n+]1[c-]n2ccccc2c1)C(=O)O,-8.1218,-8.430254525547445
NC(=O)CC[C@H](NC(=O)CNC(=O)[C@H](Cc1c[nH]cn1)[n+]1[c-]n2ccccc2c1)C(=O)O,-12.7472,-8.430254525547445
NC(=O)CC[C@H](NC(=O)C[n+]1[c-]n2ccccc2c1)C(=O)N1CCC[C@H]1C(=O)O,-14.0719,-8.430254525547445
NC(=O)CC[C@H](NC(=O)C[n+]1[c-]n2ccccc2c1)C(=O)N[C@@H](CCC(=O)O)C(=O)O,-29.411,-8.430254525547445
NC(=O)CC[C@H](NC(=O)C[n+]1[c-]n2ccccc2c1)C(=O)N[C@@H](CO)C(=O)O,-16.7562,-8.430254525547445
NC(=O)CC[C@H](NC(=O)C[n+]1[c-]n2ccccc2c1)C(=O)N[C@@H](Cc1ccc(O)cc1)C(=O)O,-9.122,-8.430254525547445
NC(=O)CC[C@H](NC(=O)[C@@H]1CCCN1C(=O)[C@H](CO)[n+]1[c-]n2ccccc2c1)C(=O)O,-10.0117,-8.430254525547445
NC(=O)CC[C@H](NC(=O)[C@@H]1CCCN1C(=O)[C@H](Cc1ccccc1)[n+]1[c-]n2ccccc2c1)C(=O)O,-12.4876,-8.430254525547445
NC(=O)CC[C@H](NC(=O)[C@H](CC(=O)O)NC(=O)[C@H](CCC(=O)O)[n+]1[c-]n2ccccc2c1)C(=O)O,-10.5761,-8.430254525547445
NC(=O)CC[C@H](NC(=O)[C@H](CC(=O)O)NC(=O)[C@H](Cc1c[nH]c2ccccc12)[n+]1[c-]n2ccccc2c1)C(=O)O,-5.4766,-8.430254525547445
NC(=O)CC[C@H](NC(=O)[C@H](CC(=O)O)[n+]1[c-]n2ccccc2c1)C(=O)N1CCC[C@H]1C(=O)O,-12.1286,-8.430254525547445
NC(=O)CC[C@H](NC(=O)[C@H](CC(=O)O)[n+]1[c-]n2ccccc2c1)C(=O)N[C@@H](CC(N)=O)C(=O)O,-16.5416,-8.430254525547445
NC(=O)CC[C@H](NC(=O)[C@H](CC(=O)O)[n+]1[c-]n2ccccc2c1)C(=O)N[C@@H](Cc1c[nH]cn1)C(=O)O,-9.3375,-8.430254525547445
NC(=O)CC[C@H](NC(=O)[C@H](CC(=O)O)[n+]1[c-]n2ccccc2c1)C(=O)N[C@@H](Cc1ccc(O)cc1)C(=O)O,-13.4497,-8.430254525547445
NC(=O)CC[C@H](NC(=O)[C@H](CC(N)=O)NC(=O)[C@H](CCC(=O)O)[n+]1[c-]n2ccccc2c1)C(=O)O,-17.1279,-8.430254525547445
NC(=O)CC[C@H](NC(=O)[C@H](CC(N)=O)NC(=O)[C@H](Cc1ccc(O)cc1)[n+]1[c-]n2ccccc2c1)C(=O)O,-8.4456,-8.430254525547445
NC(=O)CC[C@H](NC(=O)[C@H](CCC(=O)O)NC(=O)[C@H](CS)[n+]1[c-]n2ccccc2c1)C(=O)O,-15.8745,-8.430254525547445
NC(=O)CC[C@H](NC(=O)[C@H](CCC(=O)O)NC(=O)[C@H](Cc1c[nH]cn1)[n+]1[c-]n2ccccc2c1)C(=O)O,12.2615,-8.430254525547445
NC(=O)CC[C@H](NC(=O)[C@H](CCC(=O)O)NC(=O)[C@H](Cc1ccc(O)cc1)[n+]1[c-]n2ccccc2c1)C(=O)O,-21.6049,-8.430254525547445
NC(=O)CC[C@H](NC(=O)[C@H](CCC(=O)O)NC(=O)[C@H](Cc1ccccc1)[n+]1[c-]n2ccccc2c1)C(=O)O,-17.5139,-8.430254525547445
NC(=O)CC[C@H](NC(=O)[C@H](CCC(N)=O)NC(=O)[C@H](Cc1c[nH]cn1)[n+]1[c-]n2ccccc2c1)C(=O)O,-10.9526,-8.430254525547445
NC(=O)CC[C@H](NC(=O)[C@H](CCC(N)=O)NC(=O)[C@H](Cc1ccccc1)[n+]1[c-]n2ccccc2c1)C(=O)O,-13.8968,-8.430254525547445
NC(=O)CC[C@H](NC(=O)[C@H](CCC(N)=O)[n+]1[c-]n2ccccc2c1)C(=O)N[C@@H](CC(N)=O)C(=O)O,-17.0938,-8.430254525547445
NC(=O)CC[C@H](NC(=O)[C@H](CCC(N)=O)[n+]1[c-]n2ccccc2c1)C(=O)O,-8.4317,-8.430254525547445
NC(=O)CC[C@H](NC(=O)[C@H](CO)NC(=O)[C@H](CC(N)=O)[n+]1[c-]n2ccccc2c1)C(=O)O,-6.305,-8.430254525547445
NC(=O)CC[C@H](NC(=O)[C@H](CO)NC(=O)[C@H](Cc1ccccc1)[n+]1[c-]n2ccccc2c1)C(=O)O,-9.0318,-8.430254525547445
NC(=O)CC[C@H](NC(=O)[C@H](CO)[n+]1[c-]n2ccccc2c1)C(=O)N1CCC[C@H]1C(=O)O,-9.9732,-8.430254525547445
NC(=O)CC[C@H](NC(=O)[C@H](CO)[n+]1[c-]n2ccccc2c1)C(=O)N[C@@H](CS)C(=O)O,-9.4177,-8.430254525547445
NC(=O)CC[C@H](NC(=O)[C@H](CO)[n+]1[c-]n2ccccc2c1)C(=O)N[C@@H](Cc1c[nH]cn1)C(=O)O,-10.4478,-8.430254525547445
NC(=O)CC[C@H](NC(=O)[C@H](CO)[n+]1[c-]n2ccccc2c1)C(=O)N[C@@H](Cc1ccc(O)cc1)C(=O)O,-13.4106,-8.430254525547445
NC(=O)CC[C@H](NC(=O)[C@H](CO)[n+]1[c-]n2ccccc2c1)C(=O)N[C@@H](Cc1ccccc1)C(=O)O,-14.0777,-8.430254525547445
NC(=O)CC[C@H](NC(=O)[C@H](CO)[n+]1[c-]n2ccccc2c1)C(=O)O,-12.5762,-8.430254525547445
NC(=O)CC[C@H](NC(=O)[C@H](CS)NC(=O)[C@H](CC(N)=O)[n+]1[c-]n2ccccc2c1)C(=O)O,-12.7542,-8.430254525547445
NC(=O)CC[C@H](NC(=O)[C@H](CS)NC(=O)[C@H](CCC(N)=O)[n+]1[c-]n2ccccc2c1)C(=O)O,-9.6951,-8.430254525547445
NC(=O)CC[C@H](NC(=O)[C@H](CS)NC(=O)[C@H](CS)[n+]1[c-]n2ccccc2c1)C(=O)O,-11.2723,-8.430254525547445
NC(=O)CC[C@H](NC(=O)[C@H](CS)[n+]1[c-]n2ccccc2c1)C(=O)N[C@@H](Cc1c[nH]cn1)C(=O)O,-13.0387,-8.430254525547445
NC(=O)CC[C@H](NC(=O)[C@H](Cc1c[nH]c2ccccc12)NC(=O)C[n+]1[c-]n2ccccc2c1)C(=O)O,-19.0296,-8.430254525547445
NC(=O)CC[C@H](NC(=O)[C@H](Cc1c[nH]c2ccccc12)NC(=O)[C@H](Cc1ccc(O)cc1)[n+]1[c-]n2ccccc2c1)C(=O)O,-18.5253,-8.430254525547445
NC(=O)CC[C@H](NC(=O)[C@H](Cc1c[nH]c2ccccc12)[n+]1[c-]n2ccccc2c1)C(=O)N1CCC[C@H]1C(=O)O,-6.9926,-8.430254525547445
NC(=O)CC[C@H](NC(=O)[C@H](Cc1c[nH]c2ccccc12)[n+]1[c-]n2ccccc2c1)C(=O)NCC(=O)O,-7.8029,-8.430254525547445
NC(=O)CC[C@H](NC(=O)[C@H](Cc1c[nH]c2ccccc12)[n+]1[c-]n2ccccc2c1)C(=O)N[C@@H](CC(=O)O)C(=O)O,-13.1553,-8.430254525547445
NC(=O)CC[C@H](NC(=O)[C@H](Cc1c[nH]c2ccccc12)[n+]1[c-]n2ccccc2c1)C(=O)N[C@@H](CCC(=O)O)C(=O)O,-10.4643,-8.430254525547445
NC(=O)CC[C@H](NC(=O)[C@H](Cc1c[nH]c2ccccc12)[n+]1[c-]n2ccccc2c1)C(=O)N[C@@H](CS)C(=O)O,-12.578,-8.430254525547445
NC(=O)CC[C@H](NC(=O)[C@H](Cc1c[nH]c2ccccc12)[n+]1[c-]n2ccccc2c1)C(=O)N[C@@H](Cc1c[nH]cn1)C(=O)O,-21.2945,-8.430254525547445
NC(=O)CC[C@H](NC(=O)[C@H](Cc1c[nH]cn1)[n+]1[c-]n2ccccc2c1)C(=O)N[C@@H](CC(=O)O)C(=O)O,-13.1439,-8.430254525547445
NC(=O)CC[C@H](NC(=O)[C@H](Cc1c[nH]cn1)[n+]1[c-]n2ccccc2c1)C(=O)N[C@@H](Cc1c[nH]cn1)C(=O)O,-16.3705,-8.430254525547445
NC(=O)CC[C@H](NC(=O)[C@H](Cc1ccc(O)cc1)NC(=O)[C@H](CC(N)=O)[n+]1[c-]n2ccccc2c1)C(=O)O,-6.1486,-8.430254525547445
NC(=O)CC[C@H](NC(=O)[C@H](Cc1ccc(O)cc1)NC(=O)[C@H](CCC(N)=O)[n+]1[c-]n2ccccc2c1)C(=O)O,-14.4756,-8.430254525547445
NC(=O)CC[C@H](NC(=O)[C@H](Cc1ccc(O)cc1)NC(=O)[C@H](Cc1ccccc1)[n+]1[c-]n2ccccc2c1)C(=O)O,-7.1458,-8.430254525547445
NC(=O)CC[C@H](NC(=O)[C@H](Cc1ccc(O)cc1)[n+]1[c-]n2ccccc2c1)C(=O)NCC(=O)O,-7.2238,-8.430254525547445
NC(=O)CC[C@H](NC(=O)[C@H](Cc1ccc(O)cc1)[n+]1[c-]n2ccccc2c1)C(=O)N[C@@H](CCC(=O)O)C(=O)O,-4.9662,-8.430254525547445
NC(=O)CC[C@H](NC(=O)[C@H](Cc1ccc(O)cc1)[n+]1[c-]n2ccccc2c1)C(=O)N[C@@H](CO)C(=O)O,-12.7349,-8.430254525547445
NC(=O)CC[C@H](NC(=O)[C@H](Cc1ccc(O)cc1)[n+]1[c-]n2ccccc2c1)C(=O)N[C@@H](Cc1c[nH]cn1)C(=O)O,-16.9853,-8.430254525547445
NC(=O)CC[C@H](NC(=O)[C@H](Cc1ccc(O)cc1)[n+]1[c-]n2ccccc2c1)C(=O)N[C@@H](Cc1ccccc1)C(=O)O,-15.5459,-8.430254525547445
NC(=O)CC[C@H](NC(=O)[C@H](Cc1ccc(O)cc1)[n+]1[c-]n2ccccc2c1)C(=O)O,-8.9699,-8.430254525547445
NC(=O)CC[C@H](NC(=O)[C@H](Cc1ccccc1)NC(=O)[C@H](CC(N)=O)[n+]1[c-]n2ccccc2c1)C(=O)O,-8.2598,-8.430254525547445
NC(=O)CC[C@H](NC(=O)[C@H](Cc1ccccc1)NC(=O)[C@H](CO)[n+]1[c-]n2ccccc2c1)C(=O)O,-14.8299,-8.430254525547445
NC(=O)CC[C@H](NC(=O)[C@H](Cc1ccccc1)NC(=O)[C@H](Cc1c[nH]c2ccccc12)[n+]1[c-]n2ccccc2c1)C(=O)O,-9.3403,-8.430254525547445
NC(=O)CC[C@H](NC(=O)[C@H](Cc1ccccc1)[n+]1[c-]n2ccccc2c1)C(=O)N1CCC[C@H]1C(=O)O,-14.2694,-8.430254525547445
NC(=O)CC[C@H](NC(=O)[C@H](Cc1ccccc1)[n+]1[c-]n2ccccc2c1)C(=O)N[C@@H](CC(N)=O)C(=O)O,-14.4574,-8.430254525547445
NC(=O)C[C@@H](C(=O)N1CCC[C@H]1C(=O)N1CCC[C@H]1C(=O)O)[n+]1[c-]n2ccccc2c1,-8.1181,-8.430254525547445
NC(=O)C[C@@H](C(=O)N1CCC[C@H]1C(=O)N[C@@H](Cc1ccc(O)cc1)C(=O)O)[n+]1[c-]n2ccccc2c1,-6.2425,-8.430254525547445
NC(=O)C[C@@H](C(=O)N1CCC[C@H]1C(=O)O)[n+]1[c-]n2ccccc2c1,-2.8164,-8.430254525547445
NC(=O)C[C@@H](C(=O)NCC(=O)NCC(=O)O)[n+]1[c-]n2ccccc2c1,-4.0731,-8.430254525547445
NC(=O)C[C@@H](C(=O)NCC(=O)N[C@@H](CC(=O)O)C(=O)O)[n+]1[c-]n2ccccc2c1,-11.9987,-8.430254525547445
NC(=O)C[C@@H](C(=O)NCC(=O)N[C@@H](CCC(=O)O)C(=O)O)[n+]1[c-]n2ccccc2c1,-15.3659,-8.430254525547445
NC(=O)C[C@@H](C(=O)NCC(=O)N[C@@H](CS)C(=O)O)[n+]1[c-]n2ccccc2c1,-7.574,-8.430254525547445
NC(=O)C[C@@H](C(=O)NCC(=O)N[C@@H](Cc1c[nH]c2ccccc12)C(=O)O)[n+]1[c-]n2ccccc2c1,-2.9691,-8.430254525547445
NC(=O)C[C@@H](C(=O)NCC(=O)N[C@@H](Cc1c[nH]cn1)C(=O)O)[n+]1[c-]n2ccccc2c1,-7.6789,-8.430254525547445
NC(=O)C[C@@H](C(=O)NCC(=O)N[C@@H](Cc1ccccc1)C(=O)O)[n+]1[c-]n2ccccc2c1,-4.0565,-8.430254525547445
NC(=O)C[C@@H](C(=O)N[C@@H](CCC(=O)O)C(=O)N[C@@H](CCC(=O)O)C(=O)O)[n+]1[c-]n2ccccc2c1,-8.0652,-8.430254525547445
NC(=O)C[C@@H](C(=O)N[C@@H](CCC(=O)O)C(=O)N[C@@H](CO)C(=O)O)[n+]1[c-]n2ccccc2c1,-12.7165,-8.430254525547445
NC(=O)C[C@@H](C(=O)N[C@@H](CCC(=O)O)C(=O)N[C@@H](Cc1ccc(O)cc1)C(=O)O)[n+]1[c-]n2ccccc2c1,-8.5718,-8.430254525547445
NC(=O)C[C@@H](C(=O)N[C@@H](CO)C(=O)NCC(=O)O)[n+]1[c-]n2ccccc2c1,-8.9732,-8.430254525547445
NC(=O)C[C@@H](C(=O)N[C@@H](CS)C(=O)N1CCC[C@H]1C(=O)O)[n+]1[c-]n2ccccc2c1,-5.7713,-8.430254525547445
NC(=O)C[C@@H](C(=O)N[C@@H](CS)C(=O)NCC(=O)O)[n+]1[c-]n2ccccc2c1,-8.7091,-8.430254525547445
NC(=O)C[C@@H](C(=O)N[C@@H](Cc1c[nH]c2ccccc12)C(=O)N[C@@H](Cc1c[nH]c2ccccc12)C(=O)O)[n+]1[c-]n2ccccc2c1,-11.5925,-8.430254525547445
NC(=O)C[C@@H](C(=O)N[C@@H](Cc1c[nH]c2ccccc12)C(=O)N[C@@H](Cc1ccccc1)C(=O)O)[n+]1[c-]n2ccccc2c1,-12.7847,-8.430254525547445
NC(=O)C[C@@H](C(=O)N[C@@H](Cc1c[nH]cn1)C(=O)N[C@@H](Cc1c[nH]c2ccccc12)C(=O)O)[n+]1[c-]n2ccccc2c1,-13.6554,-8.430254525547445
NC(=O)C[C@@H](C(=O)N[C@@H](Cc1ccc(O)cc1)C(=O)NCC(=O)O)[n+]1[c-]n2ccccc2c1,-7.7042,-8.430254525547445
NC(=O)C[C@@H](C(=O)N[C@@H](Cc1ccc(O)cc1)C(=O)N[C@@H](Cc1ccccc1)C(=O)O)[n+]1[c-]n2ccccc2c1,-9.5463,-8.430254525547445
NC(=O)C[C@@H](C(=O)N[C@@H](Cc1ccccc1)C(=O)N1CCC[C@H]1C(=O)O)[n+]1[c-]n2ccccc2c1,-15.3234,-8.430254525547445
NC(=O)C[C@@H](C(=O)N[C@@H](Cc1ccccc1)C(=O)N[C@@H](Cc1c[nH]cn1)C(=O)O)[n+]1[c-]n2ccccc2c1,-11.2369,-8.430254525547445
NC(=O)C[C@@H](C(=O)N[C@@H](Cc1ccccc1)C(=O)O)[n+]1[c-]n2ccccc2c1,-7.4418,-8.430254525547445
NC(=O)C[C@H](NC(=O)CNC(=O)C[n+]1[c-]n2ccccc2c1)C(=O)O,-13.7527,-8.430254525547445
NC(=O)C[C@H](NC(=O)CNC(=O)[C@H](CS)[n+]1[c-]n2ccccc2c1)C(=O)O,-17.0527,-8.430254525547445
NC(=O)C[C@H](NC(=O)CNC(=O)[C@H](Cc1c[nH]c2ccccc12)[n+]1[c-]n2ccccc2c1)C(=O)O,-14.1362,-8.430254525547445
NC(=O)C[C@H](NC(=O)CNC(=O)[C@H](Cc1ccccc1)[n+]1[c-]n2ccccc2c1)C(=O)O,-11.7915,-8.430254525547445
NC(=O)C[C@H](NC(=O)C[n+]1[c-]n2ccccc2c1)C(=O)N[C@@H](CS)C(=O)O,-10.5513,-8.430254525547445
NC(=O)C[C@H](NC(=O)C[n+]1[c-]n2ccccc2c1)C(=O)O,-5.1148,-8.430254525547445
NC(=O)C[C@H](NC(=O)[C@@H]1CCCN1C(=O)C[n+]1[c-]n2ccccc2c1)C(=O)O,-13.2552,-8.430254525547445
NC(=O)C[C@H](NC(=O)[C@@H]1CCCN1C(=O)[C@H](CC(=O)O)[n+]1[c-]n2ccccc2c1)C(=O)O,-6.6129,-8.430254525547445
NC(=O)C[C@H](NC(=O)[C@@H]1CCCN1C(=O)[C@H](CO)[n+]1[c-]n2ccccc2c1)C(=O)O,-6.3879,-8.430254525547445
NC(=O)C[C@H](NC(=O)[C@@H]1CCCN1C(=O)[C@H](Cc1c[nH]c2ccccc12)[n+]1[c-]n2ccccc2c1)C(=O)O,-11.3338,-8.430254525547445
NC(=O)C[C@H](NC(=O)[C@@H]1CCCN1C(=O)[C@H](Cc1ccc(O)cc1)[n+]1[c-]n2ccccc2c1)C(=O)O,-9.2592,-8.430254525547445
NC(=O)C[C@H](NC(=O)[C@@H]1CCCN1C(=O)[C@H](Cc1ccccc1)[n+]1[c-]n2ccccc2c1)C(=O)O,-9.3561,-8.430254525547445
NC(=O)C[C@H](NC(=O)[C@H](CC(=O)O)NC(=O)[C@H](Cc1c[nH]cn1)[n+]1[c-]n2ccccc2c1)C(=O)O,-8.3865,-8.430254525547445
NC(=O)C[C@H](NC(=O)[C@H](CC(=O)O)NC(=O)[C@H](Cc1ccccc1)[n+]1[c-]n2ccccc2c1)C(=O)O,-12.7731,-8.430254525547445
NC(=O)C[C@H](NC(=O)[C@H](CC(=O)O)[n+]1[c-]n2ccccc2c1)C(=O)NCC(=O)O,-6.2694,-8.430254525547445
NC(=O)C[C@H](NC(=O)[C@H](CC(=O)O)[n+]1[c-]n2ccccc2c1)C(=O)N[C@@H](CC(=O)O)C(=O)O,-9.2649,-8.430254525547445
NC(=O)C[C@H](NC(=O)[C@H](CC(N)=O)NC(=O)[C@H](Cc1ccc(O)cc1)[n+]1[c-]n2ccccc2c1)C(=O)O,-12.5573,-8.430254525547445
NC(=O)C[C@H](NC(=O)[C@H](CC(N)=O)[n+]1[c-]n2ccccc2c1)C(=O)N[C@@H](CC(=O)O)C(=O)O,-16.4471,-8.430254525547445
NC(=O)C[C@H](NC(=O)[C@H](CCC(=O)O)NC(=O)C[n+]1[c-]n2ccccc2c1)C(=O)O,-16.1134,-8.430254525547445
NC(=O)C[C@H](NC(=O)[C@H](CCC(=O)O)NC(=O)[C@H](Cc1ccc(O)cc1)[n+]1[c-]n2ccccc2c1)C(=O)O,-14.12,-8.430254525547445
NC(=O)C[C@H](NC(=O)[C@H](CCC(=O)O)[n+]1[c-]n2ccccc2c1)C(=O)N1CCC[C@H]1C(=O)O,-17.4734,-8.430254525547445
NC(=O)C[C@H](NC(=O)[C@H](CCC(=O)O)[n+]1[c-]n2ccccc2c1)C(=O)N[C@@H](CO)C(=O)O,-10.7981,-8.430254525547445
NC(=O)C[C@H](NC(=O)[C@H](CCC(=O)O)[n+]1[c-]n2ccccc2c1)C(=O)O,-4.5981,-8.430254525547445
NC(=O)C[C@H](NC(=O)[C@H](CO)NC(=O)C[n+]1[c-]n2ccccc2c1)C(=O)O,-13.5343,-8.430254525547445
NC(=O)C[C@H](NC(=O)[C@H](CO)NC(=O)[C@H](CO)[n+]1[c-]n2ccccc2c1)C(=O)O,-14.7164,-8.430254525547445
NC(=O)C[C@H](NC(=O)[C@H](CO)[n+]1[c-]n2ccccc2c1)C(=O)N1CCC[C@H]1C(=O)O,-13.9372,-8.430254525547445
NC(=O)C[C@H](NC(=O)[C@H](CS)NC(=O)[C@H](Cc1ccc(O)cc1)[n+]1[c-]n2ccccc2c1)C(=O)O,-11.5578,-8.430254525547445
NC(=O)C[C@H](NC(=O)[C@H](CS)NC(=O)[C@H](Cc1ccccc1)[n+]1[c-]n2ccccc2c1)C(=O)O,-13.4086,-8.430254525547445
NC(=O)C[C@H](NC(=O)[C@H](CS)[n+]1[c-]n2ccccc2c1)C(=O)N[C@@H](CO)C(=O)O,-14.0904,-8.430254525547445
NC(=O)C[C@H](NC(=O)[C@H](CS)[n+]1[c-]n2ccccc2c1)C(=O)N[C@@H](Cc1c[nH]c2ccccc12)C(=O)O,-9.1859,-8.430254525547445
NC(=O)C[C@H](NC(=O)[C@H](Cc1c[nH]c2ccccc12)[n+]1[c-]n2ccccc2c1)C(=O)N[C@@H](CCC(=O)O)C(=O)O,-13.587,-8.430254525547445
NC(=O)C[C@H](NC(=O)[C@H](Cc1c[nH]c2ccccc12)[n+]1[c-]n2ccccc2c1)C(=O)N[C@@H](Cc1c[nH]c2ccccc12)C(=O)O,-13.1313,-8.430254525547445
NC(=O)C[C@H](NC(=O)[C@H](Cc1c[nH]cn1)NC(=O)[C@H](Cc1c[nH]c2ccccc12)[n+]1[c-]n2ccccc2c1)C(=O)O,-14.8258,-8.430254525547445
NC(=O)C[C@H](NC(=O)[C@H](Cc1c[nH]cn1)[n+]1[c-]n2ccccc2c1)C(=O)N[C@@H](CCC(=O)O)C(=O)O,-8.2821,-8.430254525547445
NC(=O)C[C@H](NC(=O)[C@H](Cc1c[nH]cn1)[n+]1[c-]n2ccccc2c1)C(=O)N[C@@H](CO)C(=O)O,-12.5226,-8.430254525547445
NC(=O)C[C@H](NC(=O)[C@H](Cc1ccc(O)cc1)NC(=O)[C@H](CO)[n+]1[c-]n2ccccc2c1)C(=O)O,-9.6855,-8.430254525547445
NC(=O)C[C@H](NC(=O)[C@H](Cc1ccc(O)cc1)NC(=O)[C@H](CS)[n+]1[c-]n2ccccc2c1)C(=O)O,-16.1543,-8.430254525547445
NC(=O)C[C@H](NC(=O)[C@H](Cc1ccc(O)cc1)NC(=O)[C@H](Cc1ccccc1)[n+]1[c-]n2ccccc2c1)C(=O)O,-6.6834,-8.430254525547445
NC(=O)C[C@H](NC(=O)[C@H](Cc1ccc(O)cc1)[n+]1[c-]n2ccccc2c1)C(=O)N1CCC[C@H]1C(=O)O,-11.5179,-8.430254525547445
NC(=O)C[C@H](NC(=O)[C@H](Cc1ccc(O)cc1)[n+]1[c-]n2ccccc2c1)C(=O)N[C@@H](Cc1ccc(O)cc1)C(=O)O,-10.982,-8.430254525547445
NC(=O)C[C@H](NC(=O)[C@H](Cc1ccccc1)[n+]1[c-]n2ccccc2c1)C(=O)N1CCC[C@H]1C(=O)O,-13.7724,-8.430254525547445
NC(=O)C[C@H](NC(=O)[C@H](Cc1ccccc1)[n+]1[c-]n2ccccc2c1)C(=O)N[C@@H](CO)C(=O)O,-7.0089,-8.430254525547445
NC(=O)C[C@H](NC(=O)[C@H](Cc1ccccc1)[n+]1[c-]n2ccccc2c1)C(=O)N[C@@H](Cc1c[nH]c2ccccc12)C(=O)O,-13.6437,-8.430254525547445
O=C(CNC(=O)[C@H](CO)[n+]1[c-]n2ccccc2c1)N[C@@H](CO)C(=O)O,-13.8013,-8.430254525547445
O=C(CNC(=O)[C@H](Cc1c[nH]c2ccccc12)[n+]1[c-]n2ccccc2c1)N[C@@H](Cc1c[nH]c2ccccc12)C(=O)O,-13.8816,-8.430254525547445
O=C(CNC(=O)[C@H](Cc1c[nH]cn1)[n+]1[c-]n2ccccc2c1)N[C@@H](Cc1ccccc1)C(=O)O,-13.2307,-8.430254525547445
O=C(CNC(=O)[C@H](Cc1ccccc1)[n+]1[c-]n2ccccc2c1)N[C@@H](CO)C(=O)O,-12.595,-8.430254525547445
O=C(CNC(=O)[C@H](Cc1ccccc1)[n+]1[c-]n2ccccc2c1)N[C@@H](Cc1c[nH]cn1)C(=O)O,-8.3474,-8.430254525547445
O=C(C[n+]1[c-]n2ccccc2c1)N[C@@H](CO)C(=O)N[C@@H](CS)C(=O)O,-10.0426,-8.430254525547445
O=C(C[n+]1[c-]n2ccccc2c1)N[C@@H](CS)C(=O)N1CCC[C@H]1C(=O)O,-11.6261,-8.430254525547445
O=C(C[n+]1[c-]n2ccccc2c1)N[C@@H](CS)C(=O)N[C@@H](Cc1c[nH]cn1)C(=O)O,-10.4321,-8.430254525547445
O=C(C[n+]1[c-]n2ccccc2c1)N[C@@H](CS)C(=O)N[C@@H](Cc1ccccc1)C(=O)O,-15.763,-8.430254525547445
O=C(C[n+]1[c-]n2ccccc2c1)N[C@@H](Cc1c[nH]c2ccccc12)C(=O)N[C@@H](CS)C(=O)O,-40.2943,-8.430254525547445
O=C(C[n+]1[c-]n2ccccc2c1)N[C@@H](Cc1c[nH]cn1)C(=O)N1CCC[C@H]1C(=O)O,-9.8542,-8.430254525547445
O=C(C[n+]1[c-]n2ccccc2c1)N[C@@H](Cc1c[nH]cn1)C(=O)N[C@@H](Cc1ccccc1)C(=O)O,-3.7951,-8.430254525547445
O=C(C[n+]1[c-]n2ccccc2c1)N[C@@H](Cc1ccc(O)cc1)C(=O)N[C@@H](Cc1c[nH]cn1)C(=O)O,-11.5811,-8.430254525547445
O=C(C[n+]1[c-]n2ccccc2c1)N[C@@H](Cc1ccccc1)C(=O)N[C@@H](Cc1ccccc1)C(=O)O,-10.8466,-8.430254525547445
O=C(O)CC[C@@H](C(=O)NCC(=O)N[C@@H](CC(=O)O)C(=O)O)[n+]1[c-]n2ccccc2c1,-11.2825,-8.430254525547445
O=C(O)CC[C@@H](C(=O)N[C@@H](CO)C(=O)NCC(=O)O)[n+]1[c-]n2ccccc2c1,-7.6025,-8.430254525547445
O=C(O)CC[C@@H](C(=O)N[C@@H](CO)C(=O)N[C@@H](CO)C(=O)O)[n+]1[c-]n2ccccc2c1,-1.3658,-8.430254525547445
O=C(O)CC[C@@H](C(=O)N[C@@H](CO)C(=O)N[C@@H](Cc1c[nH]cn1)C(=O)O)[n+]1[c-]n2ccccc2c1,-3.8328,-8.430254525547445
O=C(O)CC[C@@H](C(=O)N[C@@H](CO)C(=O)N[C@@H](Cc1ccc(O)cc1)C(=O)O)[n+]1[c-]n2ccccc2c1,-13.0733,-8.430254525547445
O=C(O)CC[C@@H](C(=O)N[C@@H](CS)C(=O)N[C@@H](CO)C(=O)O)[n+]1[c-]n2ccccc2c1,-8.6734,-8.430254525547445
O=C(O)CC[C@@H](C(=O)N[C@@H](CS)C(=O)N[C@@H](Cc1c[nH]c2ccccc12)C(=O)O)[n+]1[c-]n2ccccc2c1,-5.0496,-8.430254525547445
O=C(O)CC[C@@H](C(=O)N[C@@H](Cc1c[nH]c2ccccc12)C(=O)N[C@@H](CO)C(=O)O)[n+]1[c-]n2ccccc2c1,-5.8544,-8.430254525547445
O=C(O)CC[C@@H](C(=O)N[C@@H](Cc1c[nH]c2ccccc12)C(=O)N[C@@H](Cc1ccccc1)C(=O)O)[n+]1[c-]n2ccccc2c1,-11.1638,-8.430254525547445
O=C(O)CC[C@@H](C(=O)N[C@@H](Cc1c[nH]c2ccccc12)C(=O)O)[n+]1[c-]n2ccccc2c1,-9.957,-8.430254525547445
O=C(O)CC[C@@H](C(=O)N[C@@H](Cc1c[nH]cn1)C(=O)N[C@@H](CC(=O)O)C(=O)O)[n+]1[c-]n2ccccc2c1,-18.6979,-8.430254525547445
O=C(O)CC[C@@H](C(=O)N[C@@H](Cc1c[nH]cn1)C(=O)N[C@@H](Cc1c[nH]c2ccccc12)C(=O)O)[n+]1[c-]n2ccccc2c1,-20.0375,-8.430254525547445
O=C(O)CC[C@@H](C(=O)N[C@@H](Cc1c[nH]cn1)C(=O)O)[n+]1[c-]n2ccccc2c1,-6.0863,-8.430254525547445
O=C(O)CC[C@@H](C(=O)N[C@@H](Cc1ccc(O)cc1)C(=O)N[C@@H](CS)C(=O)O)[n+]1[c-]n2ccccc2c1,-9.8732,-8.430254525547445
O=C(O)CC[C@@H](C(=O)N[C@@H](Cc1ccc(O)cc1)C(=O)O)[n+]1[c-]n2ccccc2c1,-9.4241,-8.430254525547445
O=C(O)CC[C@@H](C(=O)N[C@@H](Cc1ccccc1)C(=O)N1CCC[C@H]1C(=O)O)[n+]1[c-]n2ccccc2c1,-9.5624,-8.430254525547445
O=C(O)CC[C@@H](C(=O)N[C@@H](Cc1ccccc1)C(=O)N[C@@H](CS)C(=O)O)[n+]1[c-]n2ccccc2c1,-5.3683,-8.430254525547445
O=C(O)CC[C@@H](C(=O)N[C@@H](Cc1ccccc1)C(=O)N[C@@H](Cc1ccc(O)cc1)C(=O)O)[n+]1[c-]n2ccccc2c1,-14.3571,-8.430254525547445
O=C(O)CC[C@H](NC(=O)CNC(=O)[C@H](CC(=O)O)[n+]1[c-]n2ccccc2c1)C(=O)O,-12.4718,-8.430254525547445
O=C(O)CC[C@H](NC(=O)CNC(=O)[C@H](CCC(=O)O)[n+]1[c-]n2ccccc2c1)C(=O)O,-10.2557,-8.430254525547445
O=C(O)CC[C@H](NC(=O)CNC(=O)[C@H](CO)[n+]1[c-]n2ccccc2c1)C(=O)O,-12.5122,-8.430254525547445
O=C(O)CC[C@H](NC(=O)CNC(=O)[C@H](CS)[n+]1[c-]n2ccccc2c1)C(=O)O,-13.669,-8.430254525547445
O=C(O)CC[C@H](NC(=O)C[n+]1[c-]n2ccccc2c1)C(=O)N[C@@H](CO)C(=O)O,-12.5222,-8.430254525547445
O=C(O)CC[C@H](NC(=O)[C@@H]1CCCN1C(=O)[C@H](Cc1ccccc1)[n+]1[c-]n2ccccc2c1)C(=O)O,-9.8091,-8.430254525547445
O=C(O)CC[C@H](NC(=O)[C@H](CC(=O)O)NC(=O)[C@H](CC(=O)O)[n+]1[c-]n2ccccc2c1)C(=O)O,-7.0071,-8.430254525547445
O=C(O)CC[C@H](NC(=O)[C@H](CC(=O)O)NC(=O)[C@H](Cc1c[nH]c2ccccc12)[n+]1[c-]n2ccccc2c1)C(=O)O,-8.1397,-8.430254525547445
O=C(O)CC[C@H](NC(=O)[C@H](CC(=O)O)NC(=O)[C@H](Cc1ccccc1)[n+]1[c-]n2ccccc2c1)C(=O)O,-12.4796,-8.430254525547445
O=C(O)CC[C@H](NC(=O)[C@H](CC(=O)O)[n+]1[c-]n2ccccc2c1)C(=O)N[C@@H](CO)C(=O)O,-8.3388,-8.430254525547445
O=C(O)CC[C@H](NC(=O)[C@H](CC(=O)O)[n+]1[c-]n2ccccc2c1)C(=O)N[C@@H](CS)C(=O)O,-7.3982,-8.430254525547445
O=C(O)CC[C@H](NC(=O)[C@H](CCC(=O)O)NC(=O)[C@H](CC(=O)O)[n+]1[c-]n2ccccc2c1)C(=O)O,-8.1986,-8.430254525547445
O=C(O)CC[C@H](NC(=O)[C@H](CCC(=O)O)[n+]1[c-]n2ccccc2c1)C(=O)N1CCC[C@H]1C(=O)O,-7.6827,-8.430254525547445
O=C(O)CC[C@H](NC(=O)[C@H](CO)NC(=O)[C@H](CO)[n+]1[c-]n2ccccc2c1)C(=O)O,-13.3494,-8.430254525547445
O=C(O)CC[C@H](NC(=O)[C@H](CO)NC(=O)[C@H](Cc1c[nH]cn1)[n+]1[c-]n2ccccc2c1)C(=O)O,-12.5075,-8.430254525547445
O=C(O)CC[C@H](NC(=O)[C@H](CO)NC(=O)[C@H](Cc1ccc(O)cc1)[n+]1[c-]n2ccccc2c1)C(=O)O,-10.1837,-8.430254525547445
O=C(O)CC[C@H](NC(=O)[C@H](CO)NC(=O)[C@H](Cc1ccccc1)[n+]1[c-]n2ccccc2c1)C(=O)O,-10.5264,-8.430254525547445
O=C(O)CC[C@H](NC(=O)[C@H](CO)[n+]1[c-]n2ccccc2c1)C(=O)NCC(=O)O,-6.2016,-8.430254525547445
O=C(O)CC[C@H](NC(=O)[C@H](CO)[n+]1[c-]n2ccccc2c1)C(=O)N[C@@H](CC(=O)O)C(=O)O,-8.1699,-8.430254525547445
O=C(O)CC[C@H](NC(=O)[C@H](CS)NC(=O)C[n+]1[c-]n2ccccc2c1)C(=O)O,-14.7515,-8.430254525547445
O=C(O)CC[C@H](NC(=O)[C@H](CS)NC(=O)[C@H](CCC(=O)O)[n+]1[c-]n2ccccc2c1)C(=O)O,-7.4322,-8.430254525547445
O=C(O)CC[C@H](NC(=O)[C@H](CS)NC(=O)[C@H](Cc1ccc(O)cc1)[n+]1[c-]n2ccccc2c1)C(=O)O,-13.6289,-8.430254525547445
O=C(O)CC[C@H](NC(=O)[C@H](CS)[n+]1[c-]n2ccccc2c1)C(=O)N[C@@H](CC(=O)O)C(=O)O,-12.5126,-8.430254525547445
O=C(O)CC[C@H](NC(=O)[C@H](CS)[n+]1[c-]n2ccccc2c1)C(=O)N[C@@H](Cc1c[nH]c2ccccc12)C(=O)O,-7.5819,-8.430254525547445
O=C(O)CC[C@H](NC(=O)[C@H](CS)[n+]1[c-]n2ccccc2c1)C(=O)N[C@@H](Cc1c[nH]cn1)C(=O)O,-11.4431,-8.430254525547445
O=C(O)CC[C@H](NC(=O)[C@H](Cc1c[nH]c2ccccc12)NC(=O)[C@H](CC(=O)O)[n+]1[c-]n2ccccc2c1)C(=O)O,-10.5234,-8.430254525547445
O=C(O)CC[C@H](NC(=O)[C@H](Cc1c[nH]c2ccccc12)NC(=O)[C@H](CS)[n+]1[c-]n2ccccc2c1)C(=O)O,-7.234,-8.430254525547445
O=C(O)CC[C@H](NC(=O)[C@H](Cc1c[nH]c2ccccc12)[n+]1[c-]n2ccccc2c1)C(=O)N1CCC[C@H]1C(=O)O,-4.8896,-8.430254525547445
O=C(O)CC[C@H](NC(=O)[C@H](Cc1c[nH]c2ccccc12)[n+]1[c-]n2ccccc2c1)C(=O)N[C@@H](Cc1ccc(O)cc1)C(=O)O,-18.4024,-8.430254525547445
O=C(O)CC[C@H](NC(=O)[C@H](Cc1c[nH]cn1)NC(=O)C[n+]1[c-]n2ccccc2c1)C(=O)O,-21.0001,-8.430254525547445
O=C(O)CC[C@H](NC(=O)[C@H](Cc1c[nH]cn1)NC(=O)[C@H](Cc1c[nH]c2ccccc12)[n+]1[c-]n2ccccc2c1)C(=O)O,-16.7387,-8.430254525547445
O=C(O)CC[C@H](NC(=O)[C@H](Cc1c[nH]cn1)[n+]1[c-]n2ccccc2c1)C(=O)NCC(=O)O,-5.9014,-8.430254525547445
O=C(O)CC[C@H](NC(=O)[C@H](Cc1c[nH]cn1)[n+]1[c-]n2ccccc2c1)C(=O)N[C@@H](CC(=O)O)C(=O)O,-6.2704,-8.430254525547445
O=C(O)CC[C@H](NC(=O)[C@H](Cc1c[nH]cn1)[n+]1[c-]n2ccccc2c1)C(=O)N[C@@H](Cc1ccc(O)cc1)C(=O)O,-10.9879,-8.430254525547445
O=C(O)CC[C@H](NC(=O)[C@H](Cc1ccc(O)cc1)NC(=O)[C@H](CC(=O)O)[n+]1[c-]n2ccccc2c1)C(=O)O,-16.3703,-8.430254525547445
O=C(O)CC[C@H](NC(=O)[C@H](Cc1ccc(O)cc1)NC(=O)[C@H](CCC(=O)O)[n+]1[c-]n2ccccc2c1)C(=O)O,-6.8304,-8.430254525547445
O=C(O)CC[C@H](NC(=O)[C@H](Cc1ccc(O)cc1)NC(=O)[C@H](Cc1c[nH]c2ccccc12)[n+]1[c-]n2ccccc2c1)C(=O)O,-10.177,-8.430254525547445
O=C(O)CC[C@H](NC(=O)[C@H](Cc1ccc(O)cc1)NC(=O)[C@H](Cc1ccccc1)[n+]1[c-]n2ccccc2c1)C(=O)O,-9.1219,-8.430254525547445
O=C(O)CC[C@H](NC(=O)[C@H](Cc1ccc(O)cc1)[n+]1[c-]n2ccccc2c1)C(=O)NCC(=O)O,-10.0133,-8.430254525547445
O=C(O)CC[C@H](NC(=O)[C@H](Cc1ccc(O)cc1)[n+]1[c-]n2ccccc2c1)C(=O)N[C@@H](CC(=O)O)C(=O)O,-14.3856,-8.430254525547445
O=C(O)CC[C@H](NC(=O)[C@H](Cc1ccc(O)cc1)[n+]1[c-]n2ccccc2c1)C(=O)N[C@@H](CO)C(=O)O,-10.9537,-8.430254525547445
O=C(O)CC[C@H](NC(=O)[C@H](Cc1ccccc1)[n+]1[c-]n2ccccc2c1)C(=O)NCC(=O)O,-11.4433,-8.430254525547445
O=C(O)CC[C@H](NC(=O)[C@H](Cc1ccccc1)[n+]1[c-]n2ccccc2c1)C(=O)N[C@@H](Cc1c[nH]cn1)C(=O)O,-14.8605,-8.430254525547445
O=C(O)CC[C@H](NC(=O)[C@H](Cc1ccccc1)[n+]1[c-]n2ccccc2c1)C(=O)N[C@@H](Cc1ccc(O)cc1)C(=O)O,-12.767,-8.430254525547445
O=C(O)CNC(=O)CNC(=O)C[n+]1[c-]n2ccccc2c1,-7.656,-8.430254525547445
O=C(O)CNC(=O)CNC(=O)[C@H](CS)[n+]1[c-]n2ccccc2c1,-8.0509,-8.430254525547445
O=C(O)CNC(=O)[C@@H]1CCCN1C(=O)[C@H](Cc1c[nH]c2ccccc12)[n+]1[c-]n2ccccc2c1,-9.6181,-8.430254525547445
O=C(O)CNC(=O)[C@@H]1CCCN1C(=O)[C@H](Cc1ccc(O)cc1)[n+]1[c-]n2ccccc2c1,-2.3295,-8.430254525547445
O=C(O)CNC(=O)[C@H](CC(=O)O)NC(=O)[C@H](Cc1c[nH]cn1)[n+]1[c-]n2ccccc2c1,-8.3963,-8.430254525547445
O=C(O)CNC(=O)[C@H](CC(=O)O)NC(=O)[C@H](Cc1ccccc1)[n+]1[c-]n2ccccc2c1,-5.7253,-8.430254525547445
O=C(O)CNC(=O)[C@H](CO)NC(=O)[C@H](CS)[n+]1[c-]n2ccccc2c1,-5.2283,-8.430254525547445
O=C(O)CNC(=O)[C@H](CO)NC(=O)[C@H](Cc1ccccc1)[n+]1[c-]n2ccccc2c1,-12.1978,-8.430254525547445
O=C(O)CNC(=O)[C@H](CS)NC(=O)[C@H](CC(=O)O)[n+]1[c-]n2ccccc2c1,-7.0875,-8.430254525547445
O=C(O)CNC(=O)[C@H](CS)NC(=O)[C@H](CO)[n+]1[c-]n2ccccc2c1,-9.9748,-8.430254525547445
O=C(O)CNC(=O)[C@H](CS)NC(=O)[C@H](Cc1ccccc1)[n+]1[c-]n2ccccc2c1,-10.0373,-8.430254525547445
O=C(O)CNC(=O)[C@H](Cc1c[nH]c2ccccc12)NC(=O)[C@H](CS)[n+]1[c-]n2ccccc2c1,-9.7176,-8.430254525547445
O=C(O)CNC(=O)[C@H](Cc1c[nH]c2ccccc12)[n+]1[c-]n2ccccc2c1,-7.2862,-8.430254525547445
O=C(O)CNC(=O)[C@H](Cc1c[nH]cn1)NC(=O)[C@H](CC(=O)O)[n+]1[c-]n2ccccc2c1,-4.7678,-8.430254525547445
O=C(O)CNC(=O)[C@H](Cc1c[nH]cn1)NC(=O)[C@H](Cc1ccccc1)[n+]1[c-]n2ccccc2c1,-3.028,-8.430254525547445
O=C(O)CNC(=O)[C@H](Cc1ccc(O)cc1)NC(=O)[C@H](CO)[n+]1[c-]n2ccccc2c1,-9.8223,-8.430254525547445
O=C(O)CNC(=O)[C@H](Cc1ccc(O)cc1)NC(=O)[C@H](CS)[n+]1[c-]n2ccccc2c1,-3.4582,-8.430254525547445
O=C(O)CNC(=O)[C@H](Cc1ccc(O)cc1)NC(=O)[C@H](Cc1ccc(O)cc1)[n+]1[c-]n2ccccc2c1,-4.0344,-8.430254525547445
O=C(O)CNC(=O)[C@H](Cc1ccccc1)NC(=O)[C@H](CC(=O)O)[n+]1[c-]n2ccccc2c1,-3.0411,-8.430254525547445
O=C(O)CNC(=O)[C@H](Cc1ccccc1)NC(=O)[C@H](CS)[n+]1[c-]n2ccccc2c1,-5.4316,-8.430254525547445
O=C(O)CNC(=O)[C@H](Cc1ccccc1)NC(=O)[C@H](Cc1c[nH]cn1)[n+]1[c-]n2ccccc2c1,-3.2014,-8.430254525547445
O=C(O)C[C@@H](C(=O)N1CCC[C@H]1C(=O)N[C@@H](CO)C(=O)O)[n+]1[c-]n2ccccc2c1,-7.701,-8.430254525547445
O=C(O)C[C@@H](C(=O)N[C@@H](CO)C(=O)N1CCC[C@H]1C(=O)O)[n+]1[c-]n2ccccc2c1,-2.0209,-8.430254525547445
O=C(O)C[C@@H](C(=O)N[C@@H](CO)C(=O)N[C@@H](Cc1ccc(O)cc1)C(=O)O)[n+]1[c-]n2ccccc2c1,-7.6658,-8.430254525547445
O=C(O)C[C@@H](C(=O)N[C@@H](CO)C(=O)N[C@@H](Cc1ccccc1)C(=O)O)[n+]1[c-]n2ccccc2c1,-4.8371,-8.430254525547445
O=C(O)C[C@@H](C(=O)N[C@@H](Cc1c[nH]c2ccccc12)C(=O)O)[n+]1[c-]n2ccccc2c1,-7.1894,-8.430254525547445
O=C(O)C[C@@H](C(=O)N[C@@H](Cc1c[nH]cn1)C(=O)N1CCC[C@H]1C(=O)O)[n+]1[c-]n2ccccc2c1,-8.2188,-8.430254525547445
O=C(O)C[C@@H](C(=O)N[C@@H](Cc1ccc(O)cc1)C(=O)N1CCC[C@H]1C(=O)O)[n+]1[c-]n2ccccc2c1,-4.7262,-8.430254525547445
O=C(O)C[C@@H](C(=O)N[C@@H](Cc1ccc(O)cc1)C(=O)N[C@@H](CO)C(=O)O)[n+]1[c-]n2ccccc2c1,-7.8407,-8.430254525547445
O=C(O)C[C@@H](C(=O)N[C@@H](Cc1ccc(O)cc1)C(=O)N[C@@H](CS)C(=O)O)[n+]1[c-]n2ccccc2c1,-7.3894,-8.430254525547445
O=C(O)C[C@@H](C(=O)N[C@@H](Cc1ccc(O)cc1)C(=O)N[C@@H](Cc1ccc(O)cc1)C(=O)O)[n+]1[c-]n2ccccc2c1,-8.3009,-8.430254525547445
O=C(O)C[C@@H](C(=O)N[C@@H](Cc1ccc(O)cc1)C(=O)O)[n+]1[c-]n2ccccc2c1,-7.9028,-8.430254525547445
O=C(O)C[C@@H](C(=O)O)[n+]1[c-]n2ccccc2c1,-4.2994,-8.430254525547445
O=C(O)C[C@H](NC(=O)C[n+]1[c-]n2ccccc2c1)C(=O)N[C@@H](Cc1c[nH]c2ccccc12)C(=O)O,-11.4111,-8.430254525547445
O=C(O)C[C@H](NC(=O)[C@@H]1CCCN1C(=O)[C@H](CS)[n+]1[c-]n2ccccc2c1)C(=O)O,-9.0298,-8.430254525547445
O=C(O)C[C@H](NC(=O)[C@@H]1CCCN1C(=O)[C@H](Cc1ccccc1)[n+]1[c-]n2ccccc2c1)C(=O)O,-5.4279,-8.430254525547445
O=C(O)C[C@H](NC(=O)[C@H](CO)NC(=O)C[n+]1[c-]n2ccccc2c1)C(=O)O,-7.2976,-8.430254525547445
O=C(O)C[C@H](NC(=O)[C@H](CS)[n+]1[c-]n2ccccc2c1)C(=O)N[C@@H](CS)C(=O)O,-8.8279,-8.430254525547445
O=C(O)C[C@H](NC(=O)[C@H](Cc1c[nH]c2ccccc12)NC(=O)[C@H](CC(=O)O)[n+]1[c-]n2ccccc2c1)C(=O)O,-15.2274,-8.430254525547445
O=C(O)C[C@H](NC(=O)[C@H](Cc1c[nH]c2ccccc12)NC(=O)[C@H](Cc1c[nH]cn1)[n+]1[c-]n2ccccc2c1)C(=O)O,-3.0566,-8.430254525547445
O=C(O)C[C@H](NC(=O)[C@H](Cc1c[nH]c2ccccc12)NC(=O)[C@H](Cc1ccc(O)cc1)[n+]1[c-]n2ccccc2c1)C(=O)O,-9.4279,-8.430254525547445
O=C(O)C[C@H](NC(=O)[C@H](Cc1c[nH]c2ccccc12)[n+]1[c-]n2ccccc2c1)C(=O)N[C@@H](Cc1c[nH]cn1)C(=O)O,-2.7029,-8.430254525547445
O=C(O)C[C@H](NC(=O)[C@H](Cc1c[nH]c2ccccc12)[n+]1[c-]n2ccccc2c1)C(=O)N[C@@H](Cc1ccc(O)cc1)C(=O)O,-5.5302,-8.430254525547445
O=C(O)C[C@H](NC(=O)[C@H](Cc1c[nH]cn1)NC(=O)[C@H](CS)[n+]1[c-]n2ccccc2c1)C(=O)O,-15.8645,-8.430254525547445
O=C(O)C[C@H](NC(=O)[C@H](Cc1c[nH]cn1)NC(=O)[C@H](Cc1ccc(O)cc1)[n+]1[c-]n2ccccc2c1)C(=O)O,-9.2172,-8.430254525547445
O=C(O)C[C@H](NC(=O)[C@H](Cc1c[nH]cn1)NC(=O)[C@H](Cc1ccccc1)[n+]1[c-]n2ccccc2c1)C(=O)O,-16.9852,-8.430254525547445
O=C(O)C[C@H](NC(=O)[C@H](Cc1c[nH]cn1)[n+]1[c-]n2ccccc2c1)C(=O)N[C@@H](Cc1c[nH]c2ccccc12)C(=O)O,-8.5947,-8.430254525547445
O=C(O)C[C@H](NC(=O)[C@H](Cc1c[nH]cn1)[n+]1[c-]n2ccccc2c1)C(=O)N[C@@H](Cc1ccc(O)cc1)C(=O)O,-3.8232,-8.430254525547445
O=C(O)C[C@H](NC(=O)[C@H](Cc1ccc(O)cc1)NC(=O)[C@H](CO)[n+]1[c-]n2ccccc2c1)C(=O)O,-6.7014,-8.430254525547445
O=C(O)C[C@H](NC(=O)[C@H](Cc1ccc(O)cc1)NC(=O)[C@H](Cc1c[nH]c2ccccc12)[n+]1[c-]n2ccccc2c1)C(=O)O,-8.4468,-8.430254525547445
O=C(O)C[C@H](NC(=O)[C@H](Cc1ccc(O)cc1)NC(=O)[C@H](Cc1ccc(O)cc1)[n+]1[c-]n2ccccc2c1)C(=O)O,-12.5235,-8.430254525547445
O=C(O)C[C@H](NC(=O)[C@H](Cc1ccc(O)cc1)[n+]1[c-]n2ccccc2c1)C(=O)N[C@@H](Cc1ccc(O)cc1)C(=O)O,-8.676,-8.430254525547445
O=C(O)C[C@H](NC(=O)[C@H](Cc1ccccc1)NC(=O)[C@H](CO)[n+]1[c-]n2ccccc2c1)C(=O)O,-11.1275,-8.430254525547445
O=C(O)C[C@H](NC(=O)[C@H](Cc1ccccc1)NC(=O)[C@H](Cc1c[nH]c2ccccc12)[n+]1[c-]n2ccccc2c1)C(=O)O,-10.1876,-8.430254525547445
O=C(O)C[C@H](NC(=O)[C@H](Cc1ccccc1)NC(=O)[C@H](Cc1c[nH]cn1)[n+]1[c-]n2ccccc2c1)C(=O)O,-1.5678,-8.430254525547445
O=C(O)C[C@H](NC(=O)[C@H](Cc1ccccc1)NC(=O)[C@H](Cc1ccccc1)[n+]1[c-]n2ccccc2c1)C(=O)O,-10.1241,-8.430254525547445
O=C(O)[C@@H]1CCCN1C(=O)CNC(=O)[C@H](Cc1c[nH]c2ccccc12)[n+]1[c-]n2ccccc2c1,-3.3959,-8.430254525547445
O=C(O)[C@@H]1CCCN1C(=O)CNC(=O)[C@H](Cc1ccccc1)[n+]1[c-]n2ccccc2c1,-8.6202,-8.430254525547445
O=C(O)[C@@H]1CCCN1C(=O)C[n+]1[c-]n2ccccc2c1,-16.2525,-8.430254525547445
O=C(O)[C@@H]1CCCN1C(=O)[C@@H]1CCCN1C(=O)[C@H](CS)[n+]1[c-]n2ccccc2c1,-7.5279,-8.430254525547445
O=C(O)[C@@H]1CCCN1C(=O)[C@@H]1CCCN1C(=O)[C@H](Cc1ccc(O)cc1)[n+]1[c-]n2ccccc2c1,-9.5718,-8.430254525547445
O=C(O)[C@@H]1CCCN1C(=O)[C@H](CO)NC(=O)[C@H](CS)[n+]1[c-]n2ccccc2c1,-9.3885,-8.430254525547445
O=C(O)[C@@H]1CCCN1C(=O)[C@H](CS)[n+]1[c-]n2ccccc2c1,-2.9148,-8.430254525547445
O=C(O)[C@@H]1CCCN1C(=O)[C@H](Cc1c[nH]cn1)NC(=O)[C@H](Cc1ccccc1)[n+]1[c-]n2ccccc2c1,-8.8922,-8.430254525547445
O=C(O)[C@@H]1CCCN1C(=O)[C@H](Cc1ccc(O)cc1)NC(=O)[C@H](CO)[n+]1[c-]n2ccccc2c1,-6.4881,-8.430254525547445
O=C(O)[C@@H]1CCCN1C(=O)[C@H](Cc1ccc(O)cc1)NC(=O)[C@H](Cc1ccc(O)cc1)[n+]1[c-]n2ccccc2c1,-7.9098,-8.430254525547445
O=C(O)[C@@H]1CCCN1C(=O)[C@H](Cc1ccccc1)NC(=O)[C@H](Cc1c[nH]c2ccccc12)[n+]1[c-]n2ccccc2c1,-8.6475,-8.430254525547445
O=C(O)[C@@H]1CCCN1C(=O)[C@H](Cc1ccccc1)[n+]1[c-]n2ccccc2c1,-9.1564,-8.430254525547445
O=C(O)[C@H](CO)NC(=O)[C@@H]1CCCN1C(=O)[C@H](CS)[n+]1[c-]n2ccccc2c1,-10.5673,-8.430254525547445
O=C(O)[C@H](CO)NC(=O)[C@@H]1CCCN1C(=O)[C@H](Cc1c[nH]cn1)[n+]1[c-]n2ccccc2c1,-8.5396,-8.430254525547445
O=C(O)[C@H](CO)NC(=O)[C@H](CS)NC(=O)[C@H](CO)[n+]1[c-]n2ccccc2c1,-6.2809,-8.430254525547445
O=C(O)[C@H](CO)NC(=O)[C@H](Cc1c[nH]c2ccccc12)NC(=O)[C@H](CO)[n+]1[c-]n2ccccc2c1,-6.3559,-8.430254525547445
O=C(O)[C@H](CO)NC(=O)[C@H](Cc1c[nH]cn1)NC(=O)[C@H](Cc1ccccc1)[n+]1[c-]n2ccccc2c1,-11.1193,-8.430254525547445
O=C(O)[C@H](CO)NC(=O)[C@H](Cc1ccccc1)NC(=O)[C@H](Cc1c[nH]c2ccccc12)[n+]1[c-]n2ccccc2c1,-6.7091,-8.430254525547445
O=C(O)[C@H](CS)NC(=O)[C@@H]1CCCN1C(=O)C[n+]1[c-]n2ccccc2c1,-10.0717,-8.430254525547445
O=C(O)[C@H](CS)NC(=O)[C@H](CO)NC(=O)[C@H](Cc1c[nH]c2ccccc12)[n+]1[c-]n2ccccc2c1,-10.5989,-8.430254525547445
O=C(O)[C@H](CS)NC(=O)[C@H](CO)NC(=O)[C@H](Cc1c[nH]cn1)[n+]1[c-]n2ccccc2c1,-13.4208,-8.430254525547445
O=C(O)[C@H](CS)NC(=O)[C@H](CO)NC(=O)[C@H](Cc1ccc(O)cc1)[n+]1[c-]n2ccccc2c1,-7.7836,-8.430254525547445
O=C(O)[C@H](CS)NC(=O)[C@H](CO)NC(=O)[C@H](Cc1ccccc1)[n+]1[c-]n2ccccc2c1,-4.2778,-8.430254525547445
O=C(O)[C@H](CS)NC(=O)[C@H](CS)NC(=O)[C@H](CS)[n+]1[c-]n2ccccc2c1,-5.5565,-8.430254525547445
O=C(O)[C@H](CS)NC(=O)[C@H](Cc1ccc(O)cc1)[n+]1[c-]n2ccccc2c1,-7.7904,-8.430254525547445
O=C(O)[C@H](CS)NC(=O)[C@H](Cc1ccccc1)NC(=O)[C@H](CO)[n+]1[c-]n2ccccc2c1,-4.9862,-8.430254525547445
O=C(O)[C@H](CS)NC(=O)[C@H](Cc1ccccc1)[n+]1[c-]n2ccccc2c1,-6.6276,-8.430254525547445
O=C(O)[C@H](CS)[n+]1[c-]n2ccccc2c1,-2.7027,-8.430254525547445
O=C(O)[C@H](Cc1c[nH]c2ccccc12)NC(=O)[C@@H]1CCCN1C(=O)[C@H](Cc1c[nH]cn1)[n+]1[c-]n2ccccc2c1,-10.3968,-8.430254525547445
O=C(O)[C@H](Cc1c[nH]c2ccccc12)NC(=O)[C@@H]1CCCN1C(=O)[C@H](Cc1ccc(O)cc1)[n+]1[c-]n2ccccc2c1,-8.4539,-8.430254525547445
O=C(O)[C@H](Cc1c[nH]c2ccccc12)NC(=O)[C@H](CO)NC(=O)[C@H](Cc1c[nH]cn1)[n+]1[c-]n2ccccc2c1,-11.6001,-8.430254525547445
O=C(O)[C@H](Cc1c[nH]c2ccccc12)NC(=O)[C@H](Cc1c[nH]c2ccccc12)NC(=O)[C@H](CS)[n+]1[c-]n2ccccc2c1,-15.5358,-8.430254525547445
O=C(O)[C@H](Cc1c[nH]c2ccccc12)NC(=O)[C@H](Cc1c[nH]c2ccccc12)NC(=O)[C@H](Cc1c[nH]c2ccccc12)[n+]1[c-]n2ccccc2c1,-4.0902,-8.430254525547445
O=C(O)[C@H](Cc1c[nH]c2ccccc12)NC(=O)[C@H](Cc1c[nH]c2ccccc12)NC(=O)[C@H](Cc1c[nH]cn1)[n+]1[c-]n2ccccc2c1,-10.4551,-8.430254525547445
O=C(O)[C@H](Cc1c[nH]c2ccccc12)NC(=O)[C@H](Cc1c[nH]cn1)NC(=O)[C@H](CO)[n+]1[c-]n2ccccc2c1,-10.4443,-8.430254525547445
O=C(O)[C@H](Cc1c[nH]c2ccccc12)NC(=O)[C@H](Cc1ccc(O)cc1)NC(=O)[C@H](Cc1c[nH]c2ccccc12)[n+]1[c-]n2ccccc2c1,3.0526,-8.430254525547445
O=C(O)[C@H](Cc1c[nH]c2ccccc12)NC(=O)[C@H](Cc1ccc(O)cc1)NC(=O)[C@H](Cc1c[nH]cn1)[n+]1[c-]n2ccccc2c1,-9.0592,-8.430254525547445
O=C(O)[C@H](Cc1c[nH]c2ccccc12)NC(=O)[C@H](Cc1ccccc1)NC(=O)[C@H](Cc1c[nH]cn1)[n+]1[c-]n2ccccc2c1,-21.3966,-8.430254525547445
O=C(O)[C@H](Cc1c[nH]c2ccccc12)NC(=O)[C@H](Cc1ccccc1)NC(=O)[C@H](Cc1ccccc1)[n+]1[c-]n2ccccc2c1,-9.0947,-8.430254525547445
O=C(O)[C@H](Cc1c[nH]cn1)NC(=O)[C@@H]1CCCN1C(=O)[C@H](CO)[n+]1[c-]n2ccccc2c1,-4.3381,-8.430254525547445
O=C(O)[C@H](Cc1c[nH]cn1)NC(=O)[C@H](Cc1c[nH]c2ccccc12)NC(=O)[C@H](Cc1c[nH]c2ccccc12)[n+]1[c-]n2ccccc2c1,-12.7155,-8.430254525547445
O=C(O)[C@H](Cc1c[nH]cn1)NC(=O)[C@H](Cc1c[nH]c2ccccc12)[n+]1[c-]n2ccccc2c1,-9.9455,-8.430254525547445
O=C(O)[C@H](Cc1c[nH]cn1)NC(=O)[C@H](Cc1c[nH]cn1)NC(=O)[C@H](CS)[n+]1[c-]n2ccccc2c1,-5.9526,-8.430254525547445
O=C(O)[C@H](Cc1c[nH]cn1)NC(=O)[C@H](Cc1c[nH]cn1)[n+]1[c-]n2ccccc2c1,-7.9517,-8.430254525547445
O=C(O)[C@H](Cc1c[nH]cn1)NC(=O)[C@H](Cc1ccc(O)cc1)NC(=O)[C@H](CO)[n+]1[c-]n2ccccc2c1,-10.6335,-8.430254525547445
O=C(O)[C@H](Cc1c[nH]cn1)NC(=O)[C@H](Cc1ccc(O)cc1)NC(=O)[C@H](Cc1ccc(O)cc1)[n+]1[c-]n2ccccc2c1,-16.1941,-8.430254525547445
O=C(O)[C@H](Cc1c[nH]cn1)NC(=O)[C@H](Cc1ccccc1)NC(=O)[C@H](CS)[n+]1[c-]n2ccccc2c1,-7.0203,-8.430254525547445
O=C(O)[C@H](Cc1c[nH]cn1)NC(=O)[C@H](Cc1ccccc1)NC(=O)[C@H](Cc1c[nH]c2ccccc12)[n+]1[c-]n2ccccc2c1,-5.5508,-8.430254525547445
O=C(O)[C@H](Cc1c[nH]cn1)NC(=O)[C@H](Cc1ccccc1)NC(=O)[C@H](Cc1ccc(O)cc1)[n+]1[c-]n2ccccc2c1,-1.8434,-8.430254525547445
O=C(O)[C@H](Cc1ccc(O)cc1)NC(=O)[C@H](CS)NC(=O)[C@H](Cc1c[nH]cn1)[n+]1[c-]n2ccccc2c1,-9.857,-8.430254525547445
O=C(O)[C@H](Cc1ccc(O)cc1)NC(=O)[C@H](Cc1c[nH]c2ccccc12)NC(=O)[C@H](Cc1c[nH]cn1)[n+]1[c-]n2ccccc2c1,-9.3336,-8.430254525547445
O=C(O)[C@H](Cc1ccc(O)cc1)NC(=O)[C@H](Cc1c[nH]c2ccccc12)NC(=O)[C@H](Cc1ccccc1)[n+]1[c-]n2ccccc2c1,-10.0682,-8.430254525547445
O=C(O)[C@H](Cc1ccc(O)cc1)NC(=O)[C@H](Cc1c[nH]cn1)NC(=O)[C@H](CS)[n+]1[c-]n2ccccc2c1,-7.038,-8.430254525547445
O=C(O)[C@H](Cc1ccc(O)cc1)NC(=O)[C@H](Cc1ccc(O)cc1)NC(=O)[C@H](CS)[n+]1[c-]n2ccccc2c1,-3.8926,-8.430254525547445
O=C(O)[C@H](Cc1ccc(O)cc1)NC(=O)[C@H](Cc1ccccc1)NC(=O)[C@H](Cc1c[nH]cn1)[n+]1[c-]n2ccccc2c1,-10.5986,-8.430254525547445
O=C(O)[C@H](Cc1ccc(O)cc1)NC(=O)[C@H](Cc1ccccc1)NC(=O)[C@H](Cc1ccc(O)cc1)[n+]1[c-]n2ccccc2c1,-12.2745,-8.430254525547445
O=C(O)[C@H](Cc1ccccc1)NC(=O)[C@H](CO)NC(=O)[C@H](CO)[n+]1[c-]n2ccccc2c1,5.4012,-8.430254525547445
O=C(O)[C@H](Cc1ccccc1)NC(=O)[C@H](CO)NC(=O)[C@H](Cc1c[nH]c2ccccc12)[n+]1[c-]n2ccccc2c1,-9.7037,-8.430254525547445
O=C(O)[C@H](Cc1ccccc1)NC(=O)[C@H](CO)NC(=O)[C@H](Cc1c[nH]cn1)[n+]1[c-]n2ccccc2c1,-12.6801,-8.430254525547445
O=C(O)[C@H](Cc1ccccc1)NC(=O)[C@H](CO)NC(=O)[C@H](Cc1ccccc1)[n+]1[c-]n2ccccc2c1,-10.9103,-8.430254525547445
O=C(O)[C@H](Cc1ccccc1)NC(=O)[C@H](CS)NC(=O)[C@H](CS)[n+]1[c-]n2ccccc2c1,-8.8243,-8.430254525547445
O=C(O)[C@H](Cc1ccccc1)NC(=O)[C@H](CS)NC(=O)[C@H](Cc1ccc(O)cc1)[n+]1[c-]n2ccccc2c1,-10.0492,-8.430254525547445
O=C(O)[C@H](Cc1ccccc1)NC(=O)[C@H](CS)NC(=O)[C@H](Cc1ccccc1)[n+]1[c-]n2ccccc2c1,-12.0143,-8.430254525547445
O=C(O)[C@H](Cc1ccccc1)NC(=O)[C@H](Cc1c[nH]c2ccccc12)NC(=O)[C@H](Cc1ccc(O)cc1)[n+]1[c-]n2ccccc2c1,-10.6081,-8.430254525547445
O=C(O)[C@H](Cc1ccccc1)NC(=O)[C@H](Cc1c[nH]c2ccccc12)NC(=O)[C@H](Cc1ccccc1)[n+]1[c-]n2ccccc2c1,-8.0268,-8.430254525547445
O=C(O)[C@H](Cc1ccccc1)NC(=O)[C@H](Cc1c[nH]c2ccccc12)[n+]1[c-]n2ccccc2c1,-7.2923,-8.430254525547445
O=C(O)[C@H](Cc1ccccc1)NC(=O)[C@H](Cc1c[nH]cn1)NC(=O)[C@H](CS)[n+]1[c-]n2ccccc2c1,-15.2384,-8.430254525547445
O=C(O)[C@H](Cc1ccccc1)NC(=O)[C@H](Cc1c[nH]cn1)NC(=O)[C@H](Cc1c[nH]c2ccccc12)[n+]1[c-]n2ccccc2c1,-9.5436,-8.430254525547445
O=C(O)[C@H](Cc1ccccc1)NC(=O)[C@H](Cc1ccc(O)cc1)NC(=O)[C@H](CS)[n+]1[c-]n2ccccc2c1,-10.7667,-8.430254525547445
O=C(O)[C@H](Cc1ccccc1)NC(=O)[C@H](Cc1ccc(O)cc1)NC(=O)[C@H](Cc1c[nH]cn1)[n+]1[c-]n2ccccc2c1,-5.7565,-8.430254525547445
O=C(O)[C@H](Cc1ccccc1)NC(=O)[C@H](Cc1ccccc1)NC(=O)[C@H](CS)[n+]1[c-]n2ccccc2c1,-7.1283,-8.430254525547445
O=C(O)[C@H](Cc1ccccc1)NC(=O)[C@H](Cc1ccccc1)NC(=O)[C@H](Cc1ccccc1)[n+]1[c-]n2ccccc2c1,-8.4778,-8.430254525547445
