SMILES,true,pred
CC(C)C[C@@H](C(=O)N1CCC[C@H]1C(=O)N1CCC[C@H]1C(=O)O)[n+]1[c-]n2ccccc2c1,-6.3564,-8.63072024129673
CC(C)C[C@@H](C(=O)N1CCC[C@H]1C(=O)N[C@@H](CCCNC(=N)N)C(=O)O)[n+]1[c-]n2ccccc2c1,-8.2229,-8.557130204604263
CC(C)C[C@@H](C(=O)NCC(=O)N[C@@H](CC(N)=O)C(=O)O)[n+]1[c-]n2ccccc2c1,-10.6994,-10.613118145854543
CC(C)C[C@@H](C(=O)NCC(=O)N[C@@H](CCCNC(=N)N)C(=O)O)[n+]1[c-]n2ccccc2c1,-9.4681,-8.476715766056154
CC(C)C[C@@H](C(=O)NCC(=O)N[C@@H](CO)C(=O)O)[n+]1[c-]n2ccccc2c1,-9.8157,-8.294169940979492
CC(C)C[C@@H](C(=O)NCC(=O)N[C@@H](Cc1c[nH]cn1)C(=O)O)[n+]1[c-]n2ccccc2c1,-12.9529,-7.4011544029406
CC(C)C[C@@H](C(=O)N[C@@H](C)C(=O)NCC(=O)O)[n+]1[c-]n2ccccc2c1,-9.3852,-8.452445181231512
CC(C)C[C@@H](C(=O)N[C@@H](CC(=O)O)C(=O)N[C@@H](CCC(=O)O)C(=O)O)[n+]1[c-]n2ccccc2c1,-13.6961,-10.328522636792394
CC(C)C[C@@H](C(=O)N[C@@H](CC(=O)O)C(=O)N[C@@H](CS)C(=O)O)[n+]1[c-]n2ccccc2c1,0.4207,-6.762285735217597
CC(C)C[C@@H](C(=O)N[C@@H](CC(=O)O)C(=O)N[C@@H](Cc1c[nH]cn1)C(=O)O)[n+]1[c-]n2ccccc2c1,-14.2027,-11.04393282897408
CC(C)C[C@@H](C(=O)N[C@@H](CC(=O)O)C(=O)N[C@@H](Cc1ccc(O)cc1)C(=O)O)[n+]1[c-]n2ccccc2c1,-6.0605,-7.8514940058088865
CC(C)C[C@@H](C(=O)N[C@@H](CC(N)=O)C(=O)N[C@@H](CCC(N)=O)C(=O)O)[n+]1[c-]n2ccccc2c1,-5.5816,-13.535520570391524
CC(C)C[C@@H](C(=O)N[C@@H](CC(N)=O)C(=O)N[C@@H](Cc1c[nH]c2ccccc12)C(=O)O)[n+]1[c-]n2ccccc2c1,-13.9866,-10.732745471938863
CC(C)C[C@@H](C(=O)N[C@@H](CC(N)=O)C(=O)N[C@@H](Cc1c[nH]cn1)C(=O)O)[n+]1[c-]n2ccccc2c1,-6.5809,-11.184193091927153
CC(C)C[C@@H](C(=O)N[C@@H](CC(N)=O)C(=O)N[C@H](C(=O)O)[C@@H](C)O)[n+]1[c-]n2ccccc2c1,-13.8789,-10.298739391410166
CC(C)C[C@@H](C(=O)N[C@@H](CCC(=O)O)C(=O)N[C@@H](CO)C(=O)O)[n+]1[c-]n2ccccc2c1,-12.5993,-8.87688050056121
CC(C)C[C@@H](C(=O)N[C@@H](CCC(=O)O)C(=O)N[C@@H](CS)C(=O)O)[n+]1[c-]n2ccccc2c1,-9.2353,-9.422795781555315
CC(C)C[C@@H](C(=O)N[C@@H](CCC(=O)O)C(=O)N[C@H](C(=O)O)C(C)C)[n+]1[c-]n2ccccc2c1,-11.4945,-9.15858637929681
CC(C)C[C@@H](C(=O)N[C@@H](CCC(=O)O)C(=O)N[C@H](C(=O)O)[C@@H](C)O)[n+]1[c-]n2ccccc2c1,-8.208,-9.948400094951005
CC(C)C[C@@H](C(=O)N[C@@H](CCC(N)=O)C(=O)NCC(=O)O)[n+]1[c-]n2ccccc2c1,-8.4736,-10.84825053900656
CC(C)C[C@@H](C(=O)N[C@@H](CCC(N)=O)C(=O)N[C@@H](Cc1c[nH]c2ccccc12)C(=O)O)[n+]1[c-]n2ccccc2c1,-18.7761,-11.782129713669466
CC(C)C[C@@H](C(=O)N[C@@H](CCC(N)=O)C(=O)N[C@@H](Cc1ccccc1)C(=O)O)[n+]1[c-]n2ccccc2c1,-14.9012,-12.231307060544427
CC(C)C[C@@H](C(=O)N[C@@H](CCC(N)=O)C(=O)N[C@H](C(=O)O)C(C)C)[n+]1[c-]n2ccccc2c1,-14.1078,-10.78287133547419
CC(C)C[C@@H](C(=O)N[C@@H](CCCNC(=N)N)C(=O)NCC(=O)O)[n+]1[c-]n2ccccc2c1,-4.6218,-6.548485651774095
CC(C)C[C@@H](C(=O)N[C@@H](CCCNC(=N)N)C(=O)N[C@@H](CC(N)=O)C(=O)O)[n+]1[c-]n2ccccc2c1,-10.8775,-11.526191275774913
CC(C)C[C@@H](C(=O)N[C@@H](CCCNC(=N)N)C(=O)N[C@@H](CCCNC(=N)N)C(=O)O)[n+]1[c-]n2ccccc2c1,-7.5891,-6.981239037662393
CC(C)C[C@@H](C(=O)N[C@@H](CCCNC(=N)N)C(=O)N[C@@H](CO)C(=O)O)[n+]1[c-]n2ccccc2c1,-4.3592,-6.777359535904489
CC(C)C[C@@H](C(=O)N[C@@H](CCCNC(=N)N)C(=O)N[C@@H](Cc1ccc(O)cc1)C(=O)O)[n+]1[c-]n2ccccc2c1,-5.3431,-8.71745104998518
CC(C)C[C@@H](C(=O)N[C@@H](CO)C(=O)N1CCC[C@H]1C(=O)O)[n+]1[c-]n2ccccc2c1,-9.685,-8.708261050514555
CC(C)C[C@@H](C(=O)N[C@@H](CO)C(=O)N[C@@H](Cc1c[nH]c2ccccc12)C(=O)O)[n+]1[c-]n2ccccc2c1,-5.527,-9.53761453536385
CC(C)C[C@@H](C(=O)N[C@@H](CO)C(=O)N[C@H](C(=O)O)C(C)C)[n+]1[c-]n2ccccc2c1,-7.7238,-4.988107399026644
CC(C)C[C@@H](C(=O)N[C@@H](CO)C(=O)N[C@H](C(=O)O)[C@@H](C)O)[n+]1[c-]n2ccccc2c1,-9.1803,-6.244576986158011
CC(C)C[C@@H](C(=O)N[C@@H](CS)C(=O)N1CCC[C@H]1C(=O)O)[n+]1[c-]n2ccccc2c1,-8.2703,-8.055332094729957
CC(C)C[C@@H](C(=O)N[C@@H](CS)C(=O)N[C@@H](CCCNC(=N)N)C(=O)O)[n+]1[c-]n2ccccc2c1,-12.7406,-9.449472761738463
CC(C)C[C@@H](C(=O)N[C@@H](CS)C(=O)N[C@@H](Cc1c[nH]cn1)C(=O)O)[n+]1[c-]n2ccccc2c1,-8.8176,-8.526728845568421
CC(C)C[C@@H](C(=O)N[C@@H](CS)C(=O)N[C@@H](Cc1ccc(O)cc1)C(=O)O)[n+]1[c-]n2ccccc2c1,-8.1173,-7.557412499985062
CC(C)C[C@@H](C(=O)N[C@@H](CS)C(=O)N[C@H](C(=O)O)[C@@H](C)O)[n+]1[c-]n2ccccc2c1,-11.4663,-6.548197027116148
CC(C)C[C@@H](C(=O)N[C@@H](Cc1c[nH]c2ccccc12)C(=O)N[C@@H](CC(N)=O)C(=O)O)[n+]1[c-]n2ccccc2c1,-2.0,-9.905749176581082
CC(C)C[C@@H](C(=O)N[C@@H](Cc1c[nH]c2ccccc12)C(=O)N[C@@H](Cc1c[nH]c2ccccc12)C(=O)O)[n+]1[c-]n2ccccc2c1,-8.6109,-7.329667592616671
CC(C)C[C@@H](C(=O)N[C@@H](Cc1c[nH]c2ccccc12)C(=O)N[C@@H](Cc1c[nH]cn1)C(=O)O)[n+]1[c-]n2ccccc2c1,-10.718,-10.285791871793318
CC(C)C[C@@H](C(=O)N[C@@H](Cc1c[nH]c2ccccc12)C(=O)N[C@@H](Cc1ccccc1)C(=O)O)[n+]1[c-]n2ccccc2c1,-5.2881,-8.79814401626762
CC(C)C[C@@H](C(=O)N[C@@H](Cc1c[nH]c2ccccc12)C(=O)O)[n+]1[c-]n2ccccc2c1,-7.2204,-9.140656736047092
CC(C)C[C@@H](C(=O)N[C@@H](Cc1c[nH]cn1)C(=O)N[C@@H](Cc1c[nH]c2ccccc12)C(=O)O)[n+]1[c-]n2ccccc2c1,-19.3719,-10.330223877679135
CC(C)C[C@@H](C(=O)N[C@@H](Cc1c[nH]cn1)C(=O)N[C@@H](Cc1ccc(O)cc1)C(=O)O)[n+]1[c-]n2ccccc2c1,-14.7529,-7.811278561590172
CC(C)C[C@@H](C(=O)N[C@@H](Cc1c[nH]cn1)C(=O)N[C@H](C(=O)O)C(C)C)[n+]1[c-]n2ccccc2c1,-2.2178,-5.8734771622460755
CC(C)C[C@@H](C(=O)N[C@@H](Cc1ccc(O)cc1)C(=O)N[C@@H](CC(=O)O)C(=O)O)[n+]1[c-]n2ccccc2c1,-3.852,-9.374273816583624
CC(C)C[C@@H](C(=O)N[C@@H](Cc1ccc(O)cc1)C(=O)N[C@@H](CCC(=O)O)C(=O)O)[n+]1[c-]n2ccccc2c1,-12.539,-8.352228419892848
CC(C)C[C@@H](C(=O)N[C@@H](Cc1ccc(O)cc1)C(=O)N[C@@H](CO)C(=O)O)[n+]1[c-]n2ccccc2c1,-8.5818,-8.210243929950352
CC(C)C[C@@H](C(=O)N[C@@H](Cc1ccc(O)cc1)C(=O)N[C@@H](CS)C(=O)O)[n+]1[c-]n2ccccc2c1,-5.8783,-6.771164572467814
CC(C)C[C@@H](C(=O)N[C@@H](Cc1ccc(O)cc1)C(=O)N[C@@H](Cc1ccc(O)cc1)C(=O)O)[n+]1[c-]n2ccccc2c1,-8.6212,-8.351013365194264
CC(C)C[C@@H](C(=O)N[C@@H](Cc1ccccc1)C(=O)NCC(=O)O)[n+]1[c-]n2ccccc2c1,-3.4413,-7.8141495649929
CC(C)C[C@@H](C(=O)N[C@@H](Cc1ccccc1)C(=O)N[C@@H](CC(N)=O)C(=O)O)[n+]1[c-]n2ccccc2c1,-10.0505,-9.865969241578952
CC(C)C[C@@H](C(=O)N[C@@H](Cc1ccccc1)C(=O)N[C@H](C(=O)O)[C@@H](C)O)[n+]1[c-]n2ccccc2c1,-13.3184,-7.803948452503278
CC(C)C[C@@H](C(=O)N[C@@H](Cc1ccccc1)C(=O)O)[n+]1[c-]n2ccccc2c1,-7.6692,-8.970132491138397
CC(C)C[C@@H](C(=O)N[C@H](C(=O)N1CCC[C@H]1C(=O)O)[C@@H](C)O)[n+]1[c-]n2ccccc2c1,-6.8211,-9.169492478385491
CC(C)C[C@@H](C(=O)N[C@H](C(=O)N[C@@H](C)C(=O)O)[C@@H](C)O)[n+]1[c-]n2ccccc2c1,-1.3157,-4.136874637231328
CC(C)C[C@@H](C(=O)N[C@H](C(=O)N[C@@H](CS)C(=O)O)C(C)C)[n+]1[c-]n2ccccc2c1,-1.4512,-8.096808644727009
CC(C)C[C@@H](C(=O)N[C@H](C(=O)N[C@H](C(=O)O)C(C)C)C(C)C)[n+]1[c-]n2ccccc2c1,-6.0499,-7.185833849651062
CC(C)C[C@H](NC(=O)CNC(=O)[C@H](C)[n+]1[c-]n2ccccc2c1)C(=O)O,-9.5056,-7.499735070970427
CC(C)C[C@H](NC(=O)CNC(=O)[C@H](CCC(N)=O)[n+]1[c-]n2ccccc2c1)C(=O)O,-4.2035,-7.597268751617504
CC(C)C[C@H](NC(=O)CNC(=O)[C@H](CCCNC(=N)N)[n+]1[c-]n2ccccc2c1)C(=O)O,-5.669,-5.188893108306046
CC(C)C[C@H](NC(=O)CNC(=O)[C@H](Cc1c[nH]c2ccccc12)[n+]1[c-]n2ccccc2c1)C(=O)O,-11.4772,-7.748483092768854
CC(C)C[C@H](NC(=O)C[n+]1[c-]n2ccccc2c1)C(=O)N[C@@H](CC(=O)O)C(=O)O,-13.6056,-10.206684059612199
CC(C)C[C@H](NC(=O)[C@@H](NC(=O)C[n+]1[c-]n2ccccc2c1)[C@@H](C)O)C(=O)O,-11.1893,-8.630943877712244
CC(C)C[C@H](NC(=O)[C@@H](NC(=O)[C@H](CO)[n+]1[c-]n2ccccc2c1)C(C)C)C(=O)O,-8.5589,-5.44005089031826
CC(C)C[C@H](NC(=O)[C@@H](NC(=O)[C@H](Cc1c[nH]c2ccccc12)[n+]1[c-]n2ccccc2c1)[C@@H](C)O)C(=O)O,-8.0772,-6.220020897172077
CC(C)C[C@H](NC(=O)[C@@H](NC(=O)[C@H](Cc1ccccc1)[n+]1[c-]n2ccccc2c1)C(C)C)C(=O)O,-3.7161,-6.8437226318577595
CC(C)C[C@H](NC(=O)[C@@H](NC(=O)[C@H]([C@@H](C)O)[n+]1[c-]n2ccccc2c1)[C@@H](C)O)C(=O)O,-7.7622,-5.79948395696824
CC(C)C[C@H](NC(=O)[C@@H]1CCCN1C(=O)[C@H](CC(N)=O)[n+]1[c-]n2ccccc2c1)C(=O)O,-1.369,-6.834132654936715
CC(C)C[C@H](NC(=O)[C@@H]1CCCN1C(=O)[C@H](Cc1c[nH]cn1)[n+]1[c-]n2ccccc2c1)C(=O)O,-6.7655,-8.39810669358576
CC(C)C[C@H](NC(=O)[C@H](C(C)C)[n+]1[c-]n2ccccc2c1)C(=O)N[C@@H](CO)C(=O)O,-3.4848,-6.0866680660375945
CC(C)C[C@H](NC(=O)[C@H](C(C)C)[n+]1[c-]n2ccccc2c1)C(=O)N[C@@H](CS)C(=O)O,-5.6156,-5.99013005531765
CC(C)C[C@H](NC(=O)[C@H](C)NC(=O)[C@H](C)[n+]1[c-]n2ccccc2c1)C(=O)O,-5.2169,-5.1468315202858
CC(C)C[C@H](NC(=O)[C@H](C)NC(=O)[C@H](CC(C)C)[n+]1[c-]n2ccccc2c1)C(=O)O,-3.8859,-5.177724052854797
CC(C)C[C@H](NC(=O)[C@H](C)[n+]1[c-]n2ccccc2c1)C(=O)N1CCC[C@H]1C(=O)O,-9.4045,-8.084445686992872
CC(C)C[C@H](NC(=O)[C@H](C)[n+]1[c-]n2ccccc2c1)C(=O)N[C@@H](CO)C(=O)O,-7.4224,-6.285556068164207
CC(C)C[C@H](NC(=O)[C@H](C)[n+]1[c-]n2ccccc2c1)C(=O)N[C@@H](Cc1c[nH]c2ccccc12)C(=O)O,-10.9109,-8.162981419319033
CC(C)C[C@H](NC(=O)[C@H](C)[n+]1[c-]n2ccccc2c1)C(=O)N[C@@H](Cc1ccccc1)C(=O)O,-9.233,-7.760994419675838
CC(C)C[C@H](NC(=O)[C@H](C)[n+]1[c-]n2ccccc2c1)C(=O)O,-4.3863,-6.480214152524932
CC(C)C[C@H](NC(=O)[C@H](CC(=O)O)NC(=O)C[n+]1[c-]n2ccccc2c1)C(=O)O,-11.2374,-9.552899357452805
CC(C)C[C@H](NC(=O)[C@H](CC(=O)O)NC(=O)[C@H](Cc1ccc(O)cc1)[n+]1[c-]n2ccccc2c1)C(=O)O,-7.3557,-8.80354606964417
CC(C)C[C@H](NC(=O)[C@H](CC(=O)O)[n+]1[c-]n2ccccc2c1)C(=O)N[C@@H](CC(=O)O)C(=O)O,-6.5361,-8.114413298044852
CC(C)C[C@H](NC(=O)[C@H](CC(=O)O)[n+]1[c-]n2ccccc2c1)C(=O)N[C@@H](CC(N)=O)C(=O)O,-14.6134,-9.168563948793574
CC(C)C[C@H](NC(=O)[C@H](CC(=O)O)[n+]1[c-]n2ccccc2c1)C(=O)N[C@@H](Cc1c[nH]c2ccccc12)C(=O)O,-11.2361,-9.53245133754329
CC(C)C[C@H](NC(=O)[C@H](CC(=O)O)[n+]1[c-]n2ccccc2c1)C(=O)N[C@@H](Cc1ccccc1)C(=O)O,1.4192,-6.216104843913602
CC(C)C[C@H](NC(=O)[C@H](CC(C)C)NC(=O)C[n+]1[c-]n2ccccc2c1)C(=O)O,-13.7728,-8.786324250865574
CC(C)C[C@H](NC(=O)[C@H](CC(C)C)NC(=O)[C@H](CCCNC(=N)N)[n+]1[c-]n2ccccc2c1)C(=O)O,-6.8849,-6.847258922185985
CC(C)C[C@H](NC(=O)[C@H](CC(C)C)NC(=O)[C@H](CS)[n+]1[c-]n2ccccc2c1)C(=O)O,-2.6475,-6.257744331721959
CC(C)C[C@H](NC(=O)[C@H](CC(C)C)NC(=O)[C@H](Cc1c[nH]c2ccccc12)[n+]1[c-]n2ccccc2c1)C(=O)O,-3.8699,-5.689789638371401
CC(C)C[C@H](NC(=O)[C@H](CC(C)C)NC(=O)[C@H](Cc1c[nH]cn1)[n+]1[c-]n2ccccc2c1)C(=O)O,-4.4809,-7.562354098742566
CC(C)C[C@H](NC(=O)[C@H](CC(C)C)[n+]1[c-]n2ccccc2c1)C(=O)N[C@@H](CCCNC(=N)N)C(=O)O,-10.9015,-6.788759549609593
CC(C)C[C@H](NC(=O)[C@H](CC(C)C)[n+]1[c-]n2ccccc2c1)C(=O)O,-3.7914,-6.6810176854298255
CC(C)C[C@H](NC(=O)[C@H](CC(N)=O)[n+]1[c-]n2ccccc2c1)C(=O)N[C@@H](CS)C(=O)O,-11.8556,-7.936570068111625
CC(C)C[C@H](NC(=O)[C@H](CC(N)=O)[n+]1[c-]n2ccccc2c1)C(=O)N[C@@H](Cc1ccc(O)cc1)C(=O)O,-4.5648,-8.96695839869756
CC(C)C[C@H](NC(=O)[C@H](CCC(=O)O)NC(=O)[C@H](C)[n+]1[c-]n2ccccc2c1)C(=O)O,-14.2603,-8.257659267960818
CC(C)C[C@H](NC(=O)[C@H](CCC(=O)O)NC(=O)[C@H](CCC(=O)O)[n+]1[c-]n2ccccc2c1)C(=O)O,-17.8808,-8.509075144374856
CC(C)C[C@H](NC(=O)[C@H](CCC(=O)O)NC(=O)[C@H](CCCNC(=N)N)[n+]1[c-]n2ccccc2c1)C(=O)O,-6.1973,-7.998165638520151
CC(C)C[C@H](NC(=O)[C@H](CCC(=O)O)[n+]1[c-]n2ccccc2c1)C(=O)N[C@@H](CCC(=O)O)C(=O)O,-17.8693,-9.58324936646376
CC(C)C[C@H](NC(=O)[C@H](CCC(=O)O)[n+]1[c-]n2ccccc2c1)C(=O)N[C@@H](CCCNC(=N)N)C(=O)O,2.0675,-6.931773448752608
CC(C)C[C@H](NC(=O)[C@H](CCC(N)=O)NC(=O)[C@H](C)[n+]1[c-]n2ccccc2c1)C(=O)O,-12.1331,-8.851407268680337
CC(C)C[C@H](NC(=O)[C@H](CCC(N)=O)NC(=O)[C@H](CCC(N)=O)[n+]1[c-]n2ccccc2c1)C(=O)O,-15.6244,-9.726064783995607
CC(C)C[C@H](NC(=O)[C@H](CCC(N)=O)NC(=O)[C@H](CO)[n+]1[c-]n2ccccc2c1)C(=O)O,-11.1286,-7.054276158632532
CC(C)C[C@H](NC(=O)[C@H](CCC(N)=O)NC(=O)[C@H]([C@@H](C)O)[n+]1[c-]n2ccccc2c1)C(=O)O,-16.5755,-7.760613787169082
CC(C)C[C@H](NC(=O)[C@H](CCC(N)=O)[n+]1[c-]n2ccccc2c1)C(=O)N[C@@H](CS)C(=O)O,-9.4589,-7.524669317671832
CC(C)C[C@H](NC(=O)[C@H](CCCNC(=N)N)NC(=O)[C@H](CC(=O)O)[n+]1[c-]n2ccccc2c1)C(=O)O,-9.1468,-6.358452372045368
CC(C)C[C@H](NC(=O)[C@H](CCCNC(=N)N)NC(=O)[C@H](CC(N)=O)[n+]1[c-]n2ccccc2c1)C(=O)O,-5.7212,-7.520722424542353
CC(C)C[C@H](NC(=O)[C@H](CCCNC(=N)N)NC(=O)[C@H](CO)[n+]1[c-]n2ccccc2c1)C(=O)O,-1.0658,-8.707136778044106
CC(C)C[C@H](NC(=O)[C@H](CCCNC(=N)N)NC(=O)[C@H](Cc1c[nH]cn1)[n+]1[c-]n2ccccc2c1)C(=O)O,-10.7998,-7.68410473745588
CC(C)C[C@H](NC(=O)[C@H](CCCNC(=N)N)[n+]1[c-]n2ccccc2c1)C(=O)N[C@@H](C)C(=O)O,-2.2568,-3.8976713231326876
CC(C)C[C@H](NC(=O)[C@H](CCCNC(=N)N)[n+]1[c-]n2ccccc2c1)C(=O)N[C@@H](CCCNC(=N)N)C(=O)O,-4.0837,-7.206149475391721
CC(C)C[C@H](NC(=O)[C@H](CCCNC(=N)N)[n+]1[c-]n2ccccc2c1)C(=O)N[C@@H](CO)C(=O)O,-9.2076,-6.5627880084513155
CC(C)C[C@H](NC(=O)[C@H](CCCNC(=N)N)[n+]1[c-]n2ccccc2c1)C(=O)N[C@@H](Cc1c[nH]cn1)C(=O)O,-7.2909,-6.015834264449048
CC(C)C[C@H](NC(=O)[C@H](CO)NC(=O)[C@H](CC(=O)O)[n+]1[c-]n2ccccc2c1)C(=O)O,-5.7977,-5.225483637785462
CC(C)C[C@H](NC(=O)[C@H](CO)NC(=O)[C@H](CC(C)C)[n+]1[c-]n2ccccc2c1)C(=O)O,-3.3383,-4.578092363374681
CC(C)C[C@H](NC(=O)[C@H](CO)NC(=O)[C@H](CC(N)=O)[n+]1[c-]n2ccccc2c1)C(=O)O,-3.8287,-4.911579606843923
CC(C)C[C@H](NC(=O)[C@H](CO)NC(=O)[C@H](CS)[n+]1[c-]n2ccccc2c1)C(=O)O,-0.5636,-5.863282970853834
CC(C)C[C@H](NC(=O)[C@H](CO)NC(=O)[C@H](Cc1c[nH]c2ccccc12)[n+]1[c-]n2ccccc2c1)C(=O)O,2.3594,-5.725318680551106
CC(C)C[C@H](NC(=O)[C@H](CO)NC(=O)[C@H](Cc1ccc(O)cc1)[n+]1[c-]n2ccccc2c1)C(=O)O,-7.4647,-6.457377143842129
CC(C)C[C@H](NC(=O)[C@H](CO)[n+]1[c-]n2ccccc2c1)C(=O)N1CCC[C@H]1C(=O)O,-5.8859,-7.876236669756511
CC(C)C[C@H](NC(=O)[C@H](CO)[n+]1[c-]n2ccccc2c1)C(=O)N[C@@H](CCC(N)=O)C(=O)O,-10.4022,-7.852786330784531
CC(C)C[C@H](NC(=O)[C@H](CO)[n+]1[c-]n2ccccc2c1)C(=O)N[C@@H](CO)C(=O)O,-8.5075,-6.608571295525618
CC(C)C[C@H](NC(=O)[C@H](CO)[n+]1[c-]n2ccccc2c1)C(=O)N[C@@H](CS)C(=O)O,-5.5384,-6.335395555732687
CC(C)C[C@H](NC(=O)[C@H](CO)[n+]1[c-]n2ccccc2c1)C(=O)N[C@@H](Cc1c[nH]c2ccccc12)C(=O)O,-5.6571,-7.274109884634962
CC(C)C[C@H](NC(=O)[C@H](CS)NC(=O)[C@H](CC(=O)O)[n+]1[c-]n2ccccc2c1)C(=O)O,-6.9842,-7.615699817652151
CC(C)C[C@H](NC(=O)[C@H](CS)NC(=O)[C@H](Cc1c[nH]c2ccccc12)[n+]1[c-]n2ccccc2c1)C(=O)O,-5.3115,-5.922931395963598
CC(C)C[C@H](NC(=O)[C@H](CS)NC(=O)[C@H](Cc1ccc(O)cc1)[n+]1[c-]n2ccccc2c1)C(=O)O,-13.7875,-6.197109694323473
CC(C)C[C@H](NC(=O)[C@H](CS)[n+]1[c-]n2ccccc2c1)C(=O)N1CCC[C@H]1C(=O)O,-2.9439,-7.726047590885922
CC(C)C[C@H](NC(=O)[C@H](CS)[n+]1[c-]n2ccccc2c1)C(=O)N[C@@H](CCC(N)=O)C(=O)O,-12.1274,-9.252535211589864
CC(C)C[C@H](NC(=O)[C@H](CS)[n+]1[c-]n2ccccc2c1)C(=O)N[C@@H](CS)C(=O)O,-6.4305,-7.633640085680316
CC(C)C[C@H](NC(=O)[C@H](CS)[n+]1[c-]n2ccccc2c1)C(=O)N[C@@H](Cc1ccc(O)cc1)C(=O)O,-6.8558,-8.23913165240824
CC(C)C[C@H](NC(=O)[C@H](CS)[n+]1[c-]n2ccccc2c1)C(=O)N[C@H](C(=O)O)C(C)C,-2.6599,-6.478082162197591
CC(C)C[C@H](NC(=O)[C@H](Cc1c[nH]c2ccccc12)NC(=O)[C@H](CC(C)C)[n+]1[c-]n2ccccc2c1)C(=O)O,-5.479,-6.8692267267762155
CC(C)C[C@H](NC(=O)[C@H](Cc1c[nH]c2ccccc12)NC(=O)[C@H](CCC(=O)O)[n+]1[c-]n2ccccc2c1)C(=O)O,-10.0546,-10.377846833796827
CC(C)C[C@H](NC(=O)[C@H](Cc1c[nH]c2ccccc12)[n+]1[c-]n2ccccc2c1)C(=O)N[C@@H](CO)C(=O)O,-3.7287,-6.593550683690571
CC(C)C[C@H](NC(=O)[C@H](Cc1c[nH]c2ccccc12)[n+]1[c-]n2ccccc2c1)C(=O)N[C@@H](Cc1ccccc1)C(=O)O,-8.0951,-7.043085566850181
CC(C)C[C@H](NC(=O)[C@H](Cc1c[nH]c2ccccc12)[n+]1[c-]n2ccccc2c1)C(=O)N[C@H](C(=O)O)C(C)C,-3.0413,-5.732613775224878
CC(C)C[C@H](NC(=O)[C@H](Cc1c[nH]c2ccccc12)[n+]1[c-]n2ccccc2c1)C(=O)N[C@H](C(=O)O)[C@@H](C)O,-3.5832,-6.0252530085586535
CC(C)C[C@H](NC(=O)[C@H](Cc1c[nH]c2ccccc12)[n+]1[c-]n2ccccc2c1)C(=O)O,-2.8577,-7.229001770066018
CC(C)C[C@H](NC(=O)[C@H](Cc1c[nH]cn1)NC(=O)[C@H](CC(N)=O)[n+]1[c-]n2ccccc2c1)C(=O)O,-6.3594,-10.17841413665957
CC(C)C[C@H](NC(=O)[C@H](Cc1c[nH]cn1)NC(=O)[C@H](CO)[n+]1[c-]n2ccccc2c1)C(=O)O,-6.8857,-6.26992745200219
CC(C)C[C@H](NC(=O)[C@H](Cc1c[nH]cn1)NC(=O)[C@H](Cc1ccccc1)[n+]1[c-]n2ccccc2c1)C(=O)O,-9.3317,-7.901268798802271
CC(C)C[C@H](NC(=O)[C@H](Cc1c[nH]cn1)[n+]1[c-]n2ccccc2c1)C(=O)N[C@H](C(=O)O)C(C)C,-9.88,-5.21278268626871
CC(C)C[C@H](NC(=O)[C@H](Cc1c[nH]cn1)[n+]1[c-]n2ccccc2c1)C(=O)O,-5.4856,-7.940222096109414
CC(C)C[C@H](NC(=O)[C@H](Cc1ccc(O)cc1)NC(=O)[C@H](C(C)C)[n+]1[c-]n2ccccc2c1)C(=O)O,-6.1566,-7.66332170040776
CC(C)C[C@H](NC(=O)[C@H](Cc1ccc(O)cc1)NC(=O)[C@H](CC(=O)O)[n+]1[c-]n2ccccc2c1)C(=O)O,-12.6341,-7.994788645837648
CC(C)C[C@H](NC(=O)[C@H](Cc1ccc(O)cc1)NC(=O)[C@H](CC(N)=O)[n+]1[c-]n2ccccc2c1)C(=O)O,-10.2194,-9.000295461956835
CC(C)C[C@H](NC(=O)[C@H](Cc1ccc(O)cc1)NC(=O)[C@H](CCC(=O)O)[n+]1[c-]n2ccccc2c1)C(=O)O,-8.7189,-8.357165779687792
CC(C)C[C@H](NC(=O)[C@H](Cc1ccc(O)cc1)NC(=O)[C@H](CCCNC(=N)N)[n+]1[c-]n2ccccc2c1)C(=O)O,-10.1868,-7.00627283124469
CC(C)C[C@H](NC(=O)[C@H](Cc1ccc(O)cc1)NC(=O)[C@H](CO)[n+]1[c-]n2ccccc2c1)C(=O)O,-6.7199,-6.061733947356663
CC(C)C[C@H](NC(=O)[C@H](Cc1ccc(O)cc1)[n+]1[c-]n2ccccc2c1)C(=O)N[C@@H](CC(N)=O)C(=O)O,-8.6608,-8.616644417930706
CC(C)C[C@H](NC(=O)[C@H](Cc1ccc(O)cc1)[n+]1[c-]n2ccccc2c1)C(=O)N[C@@H](CCC(N)=O)C(=O)O,-8.4133,-7.042960951690822
CC(C)C[C@H](NC(=O)[C@H](Cc1ccc(O)cc1)[n+]1[c-]n2ccccc2c1)C(=O)N[C@@H](CCCNC(=N)N)C(=O)O,-6.7994,-7.745690084061662
CC(C)C[C@H](NC(=O)[C@H](Cc1ccc(O)cc1)[n+]1[c-]n2ccccc2c1)C(=O)N[C@@H](Cc1ccc(O)cc1)C(=O)O,-2.9098,-7.657518524043297
CC(C)C[C@H](NC(=O)[C@H](Cc1ccc(O)cc1)[n+]1[c-]n2ccccc2c1)C(=O)O,-6.3488,-7.082245617019101
CC(C)C[C@H](NC(=O)[C@H](Cc1ccccc1)NC(=O)[C@H](CC(=O)O)[n+]1[c-]n2ccccc2c1)C(=O)O,-14.4482,-6.706429339379574
CC(C)C[C@H](NC(=O)[C@H](Cc1ccccc1)NC(=O)[C@H](CC(C)C)[n+]1[c-]n2ccccc2c1)C(=O)O,-9.4203,-7.516812829799451
CC(C)C[C@H](NC(=O)[C@H](Cc1ccccc1)NC(=O)[C@H](Cc1c[nH]c2ccccc12)[n+]1[c-]n2ccccc2c1)C(=O)O,-5.1226,-8.573225567346128
CC(C)C[C@H](NC(=O)[C@H](Cc1ccccc1)[n+]1[c-]n2ccccc2c1)C(=O)N[C@@H](CO)C(=O)O,-7.1276,-7.3251950338108935
CC(C)C[C@H](NC(=O)[C@H](Cc1ccccc1)[n+]1[c-]n2ccccc2c1)C(=O)N[C@H](C(=O)O)[C@@H](C)O,-4.7488,-6.652163575967245
CC(C)C[C@H](NC(=O)[C@H](Cc1ccccc1)[n+]1[c-]n2ccccc2c1)C(=O)O,-5.0157,-8.197570096336596
CC(C)C[C@H](NC(=O)[C@H]([C@@H](C)O)[n+]1[c-]n2ccccc2c1)C(=O)N[C@@H](CC(=O)O)C(=O)O,-5.1778,-6.9646432953529676
CC(C)C[C@H](NC(=O)[C@H]([C@@H](C)O)[n+]1[c-]n2ccccc2c1)C(=O)N[C@@H](CCC(=O)O)C(=O)O,-4.949,-7.409672820905734
CC(C)C[C@H](NC(=O)[C@H]([C@@H](C)O)[n+]1[c-]n2ccccc2c1)C(=O)N[C@@H](CO)C(=O)O,-4.3043,-5.880447459137963
CC(C)C[C@H](NC(=O)[C@H]([C@@H](C)O)[n+]1[c-]n2ccccc2c1)C(=O)N[C@@H](CS)C(=O)O,-12.7696,-4.9981017163518064
CC(C)[C@@H](C(=O)N1CCC[C@H]1C(=O)N1CCC[C@H]1C(=O)O)[n+]1[c-]n2ccccc2c1,-6.968,-8.637438372043283
CC(C)[C@@H](C(=O)N1CCC[C@H]1C(=O)N[C@@H](CCC(=O)O)C(=O)O)[n+]1[c-]n2ccccc2c1,-8.8459,-6.672464636370366
CC(C)[C@@H](C(=O)N1CCC[C@H]1C(=O)N[C@@H](CO)C(=O)O)[n+]1[c-]n2ccccc2c1,-10.4177,-8.489947014923356
CC(C)[C@@H](C(=O)N1CCC[C@H]1C(=O)N[C@@H](Cc1c[nH]cn1)C(=O)O)[n+]1[c-]n2ccccc2c1,-6.1323,-7.666072130211254
CC(C)[C@@H](C(=O)N1CCC[C@H]1C(=O)N[C@H](C(=O)O)[C@@H](C)O)[n+]1[c-]n2ccccc2c1,-11.5453,-9.130678604959945
CC(C)[C@@H](C(=O)NCC(=O)NCC(=O)O)[n+]1[c-]n2ccccc2c1,-10.0285,-8.105998150660827
CC(C)[C@@H](C(=O)NCC(=O)N[C@@H](CCC(=O)O)C(=O)O)[n+]1[c-]n2ccccc2c1,-16.9725,-9.774694191066025
CC(C)[C@@H](C(=O)NCC(=O)N[C@@H](Cc1ccccc1)C(=O)O)[n+]1[c-]n2ccccc2c1,-7.4709,-8.597088202503741
CC(C)[C@@H](C(=O)N[C@@H](C)C(=O)N1CCC[C@H]1C(=O)O)[n+]1[c-]n2ccccc2c1,-3.2557,-7.504212613157533
CC(C)[C@@H](C(=O)N[C@@H](C)C(=O)N[C@@H](CC(=O)O)C(=O)O)[n+]1[c-]n2ccccc2c1,-14.1134,-6.378077090964824
CC(C)[C@@H](C(=O)N[C@@H](C)C(=O)N[C@@H](Cc1c[nH]c2ccccc12)C(=O)O)[n+]1[c-]n2ccccc2c1,-11.155,-11.414419570514456
CC(C)[C@@H](C(=O)N[C@@H](C)C(=O)N[C@@H](Cc1ccc(O)cc1)C(=O)O)[n+]1[c-]n2ccccc2c1,-15.055,-6.607690161953367
CC(C)[C@@H](C(=O)N[C@@H](CC(=O)O)C(=O)N[C@@H](CCC(=O)O)C(=O)O)[n+]1[c-]n2ccccc2c1,-17.9304,-10.160750014589674
CC(C)[C@@H](C(=O)N[C@@H](CC(N)=O)C(=O)N[C@@H](CCC(=O)O)C(=O)O)[n+]1[c-]n2ccccc2c1,-11.852,-16.468396907719885
CC(C)[C@@H](C(=O)N[C@@H](CC(N)=O)C(=O)N[C@@H](CCCNC(=N)N)C(=O)O)[n+]1[c-]n2ccccc2c1,-10.962,-10.254618970993201
CC(C)[C@@H](C(=O)N[C@@H](CC(N)=O)C(=O)N[C@H](C(=O)O)[C@@H](C)O)[n+]1[c-]n2ccccc2c1,-6.4572,-8.530898588095454
CC(C)[C@@H](C(=O)N[C@@H](CCC(=O)O)C(=O)N[C@@H](CCC(=O)O)C(=O)O)[n+]1[c-]n2ccccc2c1,-8.4395,-10.768595289604171
CC(C)[C@@H](C(=O)N[C@@H](CCC(=O)O)C(=O)N[C@@H](CCC(N)=O)C(=O)O)[n+]1[c-]n2ccccc2c1,-14.2223,-12.492845248784558
CC(C)[C@@H](C(=O)N[C@@H](CCC(=O)O)C(=O)N[C@@H](CCCNC(=N)N)C(=O)O)[n+]1[c-]n2ccccc2c1,-5.0476,-10.46141328945599
CC(C)[C@@H](C(=O)N[C@@H](CCC(=O)O)C(=O)N[C@@H](Cc1ccc(O)cc1)C(=O)O)[n+]1[c-]n2ccccc2c1,-9.2479,-8.099928221691052
CC(C)[C@@H](C(=O)N[C@@H](CCC(=O)O)C(=O)O)[n+]1[c-]n2ccccc2c1,-11.934,-8.93229239720402
CC(C)[C@@H](C(=O)N[C@@H](CCC(N)=O)C(=O)N[C@@H](CO)C(=O)O)[n+]1[c-]n2ccccc2c1,-9.1716,-11.370631089525961
CC(C)[C@@H](C(=O)N[C@@H](CCC(N)=O)C(=O)N[C@@H](Cc1c[nH]c2ccccc12)C(=O)O)[n+]1[c-]n2ccccc2c1,-13.2135,-11.062274701186253
CC(C)[C@@H](C(=O)N[C@@H](CCCNC(=N)N)C(=O)N1CCC[C@H]1C(=O)O)[n+]1[c-]n2ccccc2c1,-5.7969,-7.281083221240135
CC(C)[C@@H](C(=O)N[C@@H](CCCNC(=N)N)C(=O)N[C@@H](CC(=O)O)C(=O)O)[n+]1[c-]n2ccccc2c1,-6.3845,-6.169982754743478
CC(C)[C@@H](C(=O)N[C@@H](CCCNC(=N)N)C(=O)N[C@@H](Cc1ccccc1)C(=O)O)[n+]1[c-]n2ccccc2c1,-10.9886,-7.651295082631892
CC(C)[C@@H](C(=O)N[C@@H](CO)C(=O)NCC(=O)O)[n+]1[c-]n2ccccc2c1,-6.3034,-7.870816460590885
CC(C)[C@@H](C(=O)N[C@@H](CO)C(=O)N[C@@H](CC(=O)O)C(=O)O)[n+]1[c-]n2ccccc2c1,-9.5555,-7.817025065267947
CC(C)[C@@H](C(=O)N[C@@H](CO)C(=O)N[C@@H](CO)C(=O)O)[n+]1[c-]n2ccccc2c1,-9.9098,-7.488034307594391
CC(C)[C@@H](C(=O)N[C@@H](CO)C(=O)N[C@@H](Cc1ccc(O)cc1)C(=O)O)[n+]1[c-]n2ccccc2c1,-9.1082,-8.706703808170662
CC(C)[C@@H](C(=O)N[C@@H](CO)C(=O)N[C@@H](Cc1ccccc1)C(=O)O)[n+]1[c-]n2ccccc2c1,-1.8216,-7.223568783974136
CC(C)[C@@H](C(=O)N[C@@H](CS)C(=O)N1CCC[C@H]1C(=O)O)[n+]1[c-]n2ccccc2c1,-10.073,-7.853054661307773
CC(C)[C@@H](C(=O)N[C@@H](CS)C(=O)N[C@@H](CCCNC(=N)N)C(=O)O)[n+]1[c-]n2ccccc2c1,-8.2259,-6.597757089963448
CC(C)[C@@H](C(=O)N[C@@H](CS)C(=O)N[C@@H](CO)C(=O)O)[n+]1[c-]n2ccccc2c1,-7.9685,-8.885534083879907
CC(C)[C@@H](C(=O)N[C@@H](CS)C(=O)N[C@@H](Cc1ccccc1)C(=O)O)[n+]1[c-]n2ccccc2c1,-2.3346,-7.518174480209403
CC(C)[C@@H](C(=O)N[C@@H](Cc1c[nH]cn1)C(=O)N[C@@H](Cc1ccc(O)cc1)C(=O)O)[n+]1[c-]n2ccccc2c1,-17.2761,-7.79466771897142
CC(C)[C@@H](C(=O)N[C@@H](Cc1c[nH]cn1)C(=O)N[C@H](C(=O)O)[C@@H](C)O)[n+]1[c-]n2ccccc2c1,-6.9408,-7.467144350549923
CC(C)[C@@H](C(=O)N[C@@H](Cc1ccc(O)cc1)C(=O)N[C@@H](Cc1ccc(O)cc1)C(=O)O)[n+]1[c-]n2ccccc2c1,-11.6887,-8.326660792402983
CC(C)[C@@H](C(=O)N[C@@H](Cc1ccccc1)C(=O)N1CCC[C@H]1C(=O)O)[n+]1[c-]n2ccccc2c1,10.0061,-8.82230059954009
CC(C)[C@@H](C(=O)N[C@@H](Cc1ccccc1)C(=O)N[C@@H](CC(N)=O)C(=O)O)[n+]1[c-]n2ccccc2c1,-4.1278,-9.077306063866725
CC(C)[C@@H](C(=O)N[C@@H](Cc1ccccc1)C(=O)N[C@@H](CS)C(=O)O)[n+]1[c-]n2ccccc2c1,-2.9951,-7.213971057794476
CC(C)[C@@H](C(=O)N[C@H](C(=O)N1CCC[C@H]1C(=O)O)[C@@H](C)O)[n+]1[c-]n2ccccc2c1,-6.9032,-8.894823841522712
CC(C)[C@@H](C(=O)N[C@H](C(=O)N[C@@H](Cc1ccccc1)C(=O)O)[C@@H](C)O)[n+]1[c-]n2ccccc2c1,-3.0004,-7.7007997062650935
CC(C)[C@H](NC(=O)CNC(=O)C[n+]1[c-]n2ccccc2c1)C(=O)O,-9.1587,-8.673415568361408
CC(C)[C@H](NC(=O)CNC(=O)[C@H](CCCNC(=N)N)[n+]1[c-]n2ccccc2c1)C(=O)O,-16.6078,-6.515647078819348
CC(C)[C@H](NC(=O)CNC(=O)[C@H]([C@@H](C)O)[n+]1[c-]n2ccccc2c1)C(=O)O,-7.0563,-7.550385584705304
CC(C)[C@H](NC(=O)C[n+]1[c-]n2ccccc2c1)C(=O)N1CCC[C@H]1C(=O)O,-9.6446,-8.89125942770352
CC(C)[C@H](NC(=O)[C@@H](NC(=O)[C@H](C(C)C)[n+]1[c-]n2ccccc2c1)C(C)C)C(=O)O,-2.3925,-6.896959786018596
CC(C)[C@H](NC(=O)[C@@H](NC(=O)[C@H](C)[n+]1[c-]n2ccccc2c1)C(C)C)C(=O)O,-2.2894,-5.665413470979404
CC(C)[C@H](NC(=O)[C@@H](NC(=O)[C@H](CCCNC(=N)N)[n+]1[c-]n2ccccc2c1)C(C)C)C(=O)O,-0.0855,-7.407349331404522
CC(C)[C@H](NC(=O)[C@@H](NC(=O)[C@H](CS)[n+]1[c-]n2ccccc2c1)[C@@H](C)O)C(=O)O,-0.3767,-5.4603334916492425
CC(C)[C@H](NC(=O)[C@@H](NC(=O)[C@H](Cc1c[nH]cn1)[n+]1[c-]n2ccccc2c1)[C@@H](C)O)C(=O)O,-5.2343,-7.411257865457321
CC(C)[C@H](NC(=O)[C@@H]1CCCN1C(=O)[C@H](CCC(N)=O)[n+]1[c-]n2ccccc2c1)C(=O)O,-12.885,-6.827748319684721
CC(C)[C@H](NC(=O)[C@@H]1CCCN1C(=O)[C@H](CCCNC(=N)N)[n+]1[c-]n2ccccc2c1)C(=O)O,-8.9532,-5.841915997110542
CC(C)[C@H](NC(=O)[C@@H]1CCCN1C(=O)[C@H](Cc1ccc(O)cc1)[n+]1[c-]n2ccccc2c1)C(=O)O,-8.901,-8.008893206004554
CC(C)[C@H](NC(=O)[C@@H]1CCCN1C(=O)[C@H](Cc1ccccc1)[n+]1[c-]n2ccccc2c1)C(=O)O,-7.2084,-9.063990062800388
CC(C)[C@H](NC(=O)[C@H](C(C)C)[n+]1[c-]n2ccccc2c1)C(=O)N1CCC[C@H]1C(=O)O,-2.9824,-7.592294611701904
CC(C)[C@H](NC(=O)[C@H](C(C)C)[n+]1[c-]n2ccccc2c1)C(=O)NCC(=O)O,-3.0254,-6.557103749929537
CC(C)[C@H](NC(=O)[C@H](C)NC(=O)[C@H](CC(=O)O)[n+]1[c-]n2ccccc2c1)C(=O)O,-6.169,-5.639651699477514
CC(C)[C@H](NC(=O)[C@H](C)NC(=O)[C@H](CC(N)=O)[n+]1[c-]n2ccccc2c1)C(=O)O,-4.2678,-7.105520501103815
CC(C)[C@H](NC(=O)[C@H](C)NC(=O)[C@H](Cc1c[nH]c2ccccc12)[n+]1[c-]n2ccccc2c1)C(=O)O,-2.9317,-5.540908189354717
CC(C)[C@H](NC(=O)[C@H](C)NC(=O)[C@H](Cc1ccccc1)[n+]1[c-]n2ccccc2c1)C(=O)O,-5.225,-6.509923058569387
CC(C)[C@H](NC(=O)[C@H](C)[n+]1[c-]n2ccccc2c1)C(=O)N1CCC[C@H]1C(=O)O,-4.723,-8.117839368562082
CC(C)[C@H](NC(=O)[C@H](C)[n+]1[c-]n2ccccc2c1)C(=O)N[C@@H](CC(=O)O)C(=O)O,-3.7187,-6.316428696512274
CC(C)[C@H](NC(=O)[C@H](C)[n+]1[c-]n2ccccc2c1)C(=O)N[C@@H](CCC(=O)O)C(=O)O,-9.1658,-8.1676537096659
CC(C)[C@H](NC(=O)[C@H](C)[n+]1[c-]n2ccccc2c1)C(=O)N[C@H](C(=O)O)[C@@H](C)O,-5.1453,-6.231193954219464
CC(C)[C@H](NC(=O)[C@H](C)[n+]1[c-]n2ccccc2c1)C(=O)O,-4.9735,-7.540415481361611
CC(C)[C@H](NC(=O)[C@H](CC(=O)O)NC(=O)[C@H](C(C)C)[n+]1[c-]n2ccccc2c1)C(=O)O,-1.1333,-5.8289676384561115
CC(C)[C@H](NC(=O)[C@H](CC(=O)O)NC(=O)[C@H](CCC(N)=O)[n+]1[c-]n2ccccc2c1)C(=O)O,0.2352,-7.323117114195086
CC(C)[C@H](NC(=O)[C@H](CC(=O)O)[n+]1[c-]n2ccccc2c1)C(=O)N[C@@H](CC(=O)O)C(=O)O,-1.9831,-6.919240126796392
CC(C)[C@H](NC(=O)[C@H](CC(=O)O)[n+]1[c-]n2ccccc2c1)C(=O)N[C@@H](CCC(=O)O)C(=O)O,-2.2592,-8.882801152912764
CC(C)[C@H](NC(=O)[C@H](CC(=O)O)[n+]1[c-]n2ccccc2c1)C(=O)N[C@@H](CCC(N)=O)C(=O)O,-10.0632,-9.591138039796464
CC(C)[C@H](NC(=O)[C@H](CC(=O)O)[n+]1[c-]n2ccccc2c1)C(=O)N[C@@H](CS)C(=O)O,-8.0835,-7.191245917123863
CC(C)[C@H](NC(=O)[C@H](CC(=O)O)[n+]1[c-]n2ccccc2c1)C(=O)N[C@@H](Cc1ccc(O)cc1)C(=O)O,-7.1592,-7.3514705705879155
CC(C)[C@H](NC(=O)[C@H](CC(=O)O)[n+]1[c-]n2ccccc2c1)C(=O)N[C@@H](Cc1ccccc1)C(=O)O,-3.8623,-6.1245785117739135
CC(C)[C@H](NC(=O)[C@H](CC(=O)O)[n+]1[c-]n2ccccc2c1)C(=O)N[C@H](C(=O)O)[C@@H](C)O,4.7531,-6.105455541542291
CC(C)[C@H](NC(=O)[C@H](CC(N)=O)NC(=O)[C@H](CCCNC(=N)N)[n+]1[c-]n2ccccc2c1)C(=O)O,-0.5427,-7.690985312844121
CC(C)[C@H](NC(=O)[C@H](CC(N)=O)NC(=O)[C@H](CO)[n+]1[c-]n2ccccc2c1)C(=O)O,-7.389,-7.3291697403770275
CC(C)[C@H](NC(=O)[C@H](CC(N)=O)NC(=O)[C@H](Cc1c[nH]c2ccccc12)[n+]1[c-]n2ccccc2c1)C(=O)O,-7.7932,-8.7078161826144
CC(C)[C@H](NC(=O)[C@H](CC(N)=O)[n+]1[c-]n2ccccc2c1)C(=O)N[C@@H](CC(=O)O)C(=O)O,-7.5178,-7.812211756463277
CC(C)[C@H](NC(=O)[C@H](CC(N)=O)[n+]1[c-]n2ccccc2c1)C(=O)N[C@@H](CCCNC(=N)N)C(=O)O,-14.1923,-8.202356990021213
CC(C)[C@H](NC(=O)[C@H](CC(N)=O)[n+]1[c-]n2ccccc2c1)C(=O)O,-5.6539,-7.712410691875637
CC(C)[C@H](NC(=O)[C@H](CCC(=O)O)NC(=O)[C@H](C(C)C)[n+]1[c-]n2ccccc2c1)C(=O)O,-7.3097,-6.709236803349281
CC(C)[C@H](NC(=O)[C@H](CCC(=O)O)NC(=O)[C@H](Cc1c[nH]cn1)[n+]1[c-]n2ccccc2c1)C(=O)O,-12.1555,-7.32099026821031
CC(C)[C@H](NC(=O)[C@H](CCC(N)=O)[n+]1[c-]n2ccccc2c1)C(=O)NCC(=O)O,-2.5169,-5.204918516025169
CC(C)[C@H](NC(=O)[C@H](CCC(N)=O)[n+]1[c-]n2ccccc2c1)C(=O)N[C@@H](CC(=O)O)C(=O)O,-5.2592,-9.260839167922537
CC(C)[C@H](NC(=O)[C@H](CCC(N)=O)[n+]1[c-]n2ccccc2c1)C(=O)N[C@@H](CS)C(=O)O,-1.1911,-8.701129352895956
CC(C)[C@H](NC(=O)[C@H](CCCNC(=N)N)NC(=O)[C@H](C(C)C)[n+]1[c-]n2ccccc2c1)C(=O)O,-4.7075,-7.694389693645059
CC(C)[C@H](NC(=O)[C@H](CCCNC(=N)N)NC(=O)[C@H](C)[n+]1[c-]n2ccccc2c1)C(=O)O,-0.6881,-7.65876351182213
CC(C)[C@H](NC(=O)[C@H](CCCNC(=N)N)NC(=O)[C@H](CC(=O)O)[n+]1[c-]n2ccccc2c1)C(=O)O,-7.7286,-7.846702080989404
CC(C)[C@H](NC(=O)[C@H](CCCNC(=N)N)NC(=O)[C@H](CC(N)=O)[n+]1[c-]n2ccccc2c1)C(=O)O,-11.9764,-8.1760619370189
CC(C)[C@H](NC(=O)[C@H](CCCNC(=N)N)[n+]1[c-]n2ccccc2c1)C(=O)NCC(=O)O,-1.2121,-4.854788223726152
CC(C)[C@H](NC(=O)[C@H](CCCNC(=N)N)[n+]1[c-]n2ccccc2c1)C(=O)N[C@@H](C)C(=O)O,-3.3064,-5.336080581142296
CC(C)[C@H](NC(=O)[C@H](CCCNC(=N)N)[n+]1[c-]n2ccccc2c1)C(=O)N[C@@H](Cc1ccc(O)cc1)C(=O)O,-9.4056,-6.59021199273505
CC(C)[C@H](NC(=O)[C@H](CCCNC(=N)N)[n+]1[c-]n2ccccc2c1)C(=O)N[C@H](C(=O)O)[C@@H](C)O,-11.2819,-7.152424050824138
CC(C)[C@H](NC(=O)[C@H](CO)NC(=O)[C@H](C)[n+]1[c-]n2ccccc2c1)C(=O)O,-2.7219,-6.634289307159739
CC(C)[C@H](NC(=O)[C@H](CO)NC(=O)[C@H](CS)[n+]1[c-]n2ccccc2c1)C(=O)O,-4.3214,-6.42831816658525
CC(C)[C@H](NC(=O)[C@H](CO)[n+]1[c-]n2ccccc2c1)C(=O)N[C@@H](CC(=O)O)C(=O)O,1.2524,-7.0296275723391455
CC(C)[C@H](NC(=O)[C@H](CO)[n+]1[c-]n2ccccc2c1)C(=O)N[C@@H](Cc1c[nH]c2ccccc12)C(=O)O,-9.9599,-7.270150431438109
CC(C)[C@H](NC(=O)[C@H](CO)[n+]1[c-]n2ccccc2c1)C(=O)O,-7.3581,-7.295537331610949
CC(C)[C@H](NC(=O)[C@H](CS)[n+]1[c-]n2ccccc2c1)C(=O)N[C@@H](C)C(=O)O,-6.5414,-5.390049877728259
CC(C)[C@H](NC(=O)[C@H](CS)[n+]1[c-]n2ccccc2c1)C(=O)N[C@@H](CC(=O)O)C(=O)O,-7.4766,-4.8245632829186835
CC(C)[C@H](NC(=O)[C@H](CS)[n+]1[c-]n2ccccc2c1)C(=O)N[C@@H](Cc1c[nH]cn1)C(=O)O,-7.6143,-6.625572381342192
CC(C)[C@H](NC(=O)[C@H](Cc1c[nH]c2ccccc12)NC(=O)[C@H](CC(=O)O)[n+]1[c-]n2ccccc2c1)C(=O)O,-11.3418,-9.275428179639215
CC(C)[C@H](NC(=O)[C@H](Cc1c[nH]c2ccccc12)NC(=O)[C@H](CCC(=O)O)[n+]1[c-]n2ccccc2c1)C(=O)O,-1.4896,-10.817913825960122
CC(C)[C@H](NC(=O)[C@H](Cc1c[nH]c2ccccc12)NC(=O)[C@H](Cc1c[nH]c2ccccc12)[n+]1[c-]n2ccccc2c1)C(=O)O,-8.3773,-7.821289474434332
CC(C)[C@H](NC(=O)[C@H](Cc1c[nH]c2ccccc12)NC(=O)[C@H](Cc1c[nH]cn1)[n+]1[c-]n2ccccc2c1)C(=O)O,-11.5683,-9.34749578871955
CC(C)[C@H](NC(=O)[C@H](Cc1c[nH]c2ccccc12)NC(=O)[C@H](Cc1ccc(O)cc1)[n+]1[c-]n2ccccc2c1)C(=O)O,-4.2448,-7.841740161462781
CC(C)[C@H](NC(=O)[C@H](Cc1c[nH]c2ccccc12)[n+]1[c-]n2ccccc2c1)C(=O)N[C@@H](CC(=O)O)C(=O)O,-2.7374,-6.846030097641926
CC(C)[C@H](NC(=O)[C@H](Cc1c[nH]cn1)NC(=O)[C@H](C(C)C)[n+]1[c-]n2ccccc2c1)C(=O)O,-11.6565,-5.262446581682184
CC(C)[C@H](NC(=O)[C@H](Cc1c[nH]cn1)NC(=O)[C@H](CCC(N)=O)[n+]1[c-]n2ccccc2c1)C(=O)O,-11.2572,-9.121708858699755
CC(C)[C@H](NC(=O)[C@H](Cc1c[nH]cn1)NC(=O)[C@H](CCCNC(=N)N)[n+]1[c-]n2ccccc2c1)C(=O)O,-12.0553,-9.01139727315171
CC(C)[C@H](NC(=O)[C@H](Cc1c[nH]cn1)NC(=O)[C@H](Cc1c[nH]c2ccccc12)[n+]1[c-]n2ccccc2c1)C(=O)O,-6.4559,-9.25100830520955
CC(C)[C@H](NC(=O)[C@H](Cc1c[nH]cn1)NC(=O)[C@H](Cc1ccc(O)cc1)[n+]1[c-]n2ccccc2c1)C(=O)O,0.7105,-9.874961702439233
CC(C)[C@H](NC(=O)[C@H](Cc1c[nH]cn1)[n+]1[c-]n2ccccc2c1)C(=O)N1CCC[C@H]1C(=O)O,-6.667,-8.488616436594382
CC(C)[C@H](NC(=O)[C@H](Cc1c[nH]cn1)[n+]1[c-]n2ccccc2c1)C(=O)N[C@@H](CC(N)=O)C(=O)O,-4.86,-8.194983188624315
CC(C)[C@H](NC(=O)[C@H](Cc1ccc(O)cc1)NC(=O)C[n+]1[c-]n2ccccc2c1)C(=O)O,-10.221,-8.355016506102542
CC(C)[C@H](NC(=O)[C@H](Cc1ccc(O)cc1)NC(=O)[C@H](CS)[n+]1[c-]n2ccccc2c1)C(=O)O,-2.2475,-5.205513735723222
CC(C)[C@H](NC(=O)[C@H](Cc1ccc(O)cc1)NC(=O)[C@H](Cc1c[nH]c2ccccc12)[n+]1[c-]n2ccccc2c1)C(=O)O,-9.813,-8.53321832918986
CC(C)[C@H](NC(=O)[C@H](Cc1ccc(O)cc1)NC(=O)[C@H](Cc1ccccc1)[n+]1[c-]n2ccccc2c1)C(=O)O,-4.0862,-6.569559705619518
CC(C)[C@H](NC(=O)[C@H](Cc1ccc(O)cc1)[n+]1[c-]n2ccccc2c1)C(=O)N[C@@H](CCC(=O)O)C(=O)O,0.2091,-8.829137148050336
CC(C)[C@H](NC(=O)[C@H](Cc1ccc(O)cc1)[n+]1[c-]n2ccccc2c1)C(=O)N[C@@H](CCCNC(=N)N)C(=O)O,-10.7062,-6.52859835407316
CC(C)[C@H](NC(=O)[C@H](Cc1ccc(O)cc1)[n+]1[c-]n2ccccc2c1)C(=O)N[C@@H](CS)C(=O)O,-6.7437,-5.502868894685192
CC(C)[C@H](NC(=O)[C@H](Cc1ccc(O)cc1)[n+]1[c-]n2ccccc2c1)C(=O)N[C@H](C(=O)O)[C@@H](C)O,-5.7279,-7.177987415245816
CC(C)[C@H](NC(=O)[C@H](Cc1ccccc1)NC(=O)[C@H](CO)[n+]1[c-]n2ccccc2c1)C(=O)O,-2.8368,-6.83664972894045
CC(C)[C@H](NC(=O)[C@H](Cc1ccccc1)NC(=O)[C@H](Cc1ccc(O)cc1)[n+]1[c-]n2ccccc2c1)C(=O)O,-6.4296,-6.67731392203155
CC(C)[C@H](NC(=O)[C@H](Cc1ccccc1)[n+]1[c-]n2ccccc2c1)C(=O)N[C@@H](CC(=O)O)C(=O)O,-2.6939,-5.7520584789056795
CC(C)[C@H](NC(=O)[C@H](Cc1ccccc1)[n+]1[c-]n2ccccc2c1)C(=O)N[C@@H](CCC(=O)O)C(=O)O,-6.9387,-7.554727779684594
CC(C)[C@H](NC(=O)[C@H](Cc1ccccc1)[n+]1[c-]n2ccccc2c1)C(=O)N[C@@H](Cc1ccc(O)cc1)C(=O)O,-16.3276,-7.364081210005587
CC(C)[C@H](NC(=O)[C@H](Cc1ccccc1)[n+]1[c-]n2ccccc2c1)C(=O)N[C@@H](Cc1ccccc1)C(=O)O,-2.2998,-7.157181025437763
CC(C)[C@H](NC(=O)[C@H]([C@@H](C)O)[n+]1[c-]n2ccccc2c1)C(=O)N[C@@H](CCC(N)=O)C(=O)O,-11.5005,-7.7507357923651075
CC(C)[C@H](NC(=O)[C@H]([C@@H](C)O)[n+]1[c-]n2ccccc2c1)C(=O)N[C@@H](Cc1c[nH]cn1)C(=O)O,-6.0262,-8.084037326915773
CC(C)[C@H](NC(=O)[C@H]([C@@H](C)O)[n+]1[c-]n2ccccc2c1)C(=O)N[C@@H](Cc1ccccc1)C(=O)O,-6.8368,-8.51153840893243
CC[C@H](C)[C@@H](C(=O)N1CCC[C@H]1C(=O)N[C@@H](CCSC)C(=O)O)[n+]1[c-]n2ccccc2c1,-7.4524,-7.094491178213194
CC[C@H](C)[C@@H](C(=O)N1CCC[C@H]1C(=O)N[C@@H](Cc1ccccc1)C(=O)O)[n+]1[c-]n2ccccc2c1,-7.3262,-7.880482047145387
CC[C@H](C)[C@@H](C(=O)NCC(=O)N[C@@H](CC(N)=O)C(=O)O)[n+]1[c-]n2ccccc2c1,-7.9355,-9.227887594827022
CC[C@H](C)[C@@H](C(=O)NCC(=O)N[C@@H](CCC(=O)O)C(=O)O)[n+]1[c-]n2ccccc2c1,-10.9868,-10.018890978702633
CC[C@H](C)[C@@H](C(=O)N[C@@H](C)C(=O)N1CCC[C@H]1C(=O)O)[n+]1[c-]n2ccccc2c1,-8.3044,-7.25813470648014
CC[C@H](C)[C@@H](C(=O)N[C@@H](C)C(=O)NCC(=O)O)[n+]1[c-]n2ccccc2c1,-3.4363,-7.055019474443559
CC[C@H](C)[C@@H](C(=O)N[C@@H](C)C(=O)N[C@@H](CCC(N)=O)C(=O)O)[n+]1[c-]n2ccccc2c1,-3.8583,-9.816122121469666
CC[C@H](C)[C@@H](C(=O)N[C@@H](C)C(=O)N[C@@H](CCSC)C(=O)O)[n+]1[c-]n2ccccc2c1,-4.9384,-5.230004233858261
CC[C@H](C)[C@@H](C(=O)N[C@@H](C)C(=O)N[C@@H](Cc1ccc(O)cc1)C(=O)O)[n+]1[c-]n2ccccc2c1,-14.7771,-6.611901891679438
CC[C@H](C)[C@@H](C(=O)N[C@@H](CC(=O)O)C(=O)N1CCC[C@H]1C(=O)O)[n+]1[c-]n2ccccc2c1,-9.1864,-6.034499577726505
CC[C@H](C)[C@@H](C(=O)N[C@@H](CC(=O)O)C(=O)N[C@@H](CS)C(=O)O)[n+]1[c-]n2ccccc2c1,-9.0652,-5.5350497213794
CC[C@H](C)[C@@H](C(=O)N[C@@H](CC(=O)O)C(=O)N[C@@H](Cc1ccc(O)cc1)C(=O)O)[n+]1[c-]n2ccccc2c1,-10.0713,-9.40143667864762
CC[C@H](C)[C@@H](C(=O)N[C@@H](CC(C)C)C(=O)N1CCC[C@H]1C(=O)O)[n+]1[c-]n2ccccc2c1,-9.6638,-6.609467562001067
CC[C@H](C)[C@@H](C(=O)N[C@@H](CC(C)C)C(=O)NCC(=O)O)[n+]1[c-]n2ccccc2c1,-6.1043,-7.727710807015139
CC[C@H](C)[C@@H](C(=O)N[C@@H](CC(C)C)C(=O)N[C@@H](CC(=O)O)C(=O)O)[n+]1[c-]n2ccccc2c1,-5.494,-7.5935782103960205
CC[C@H](C)[C@@H](C(=O)N[C@@H](CC(C)C)C(=O)N[C@@H](CO)C(=O)O)[n+]1[c-]n2ccccc2c1,-6.6522,-5.875463838913694
CC[C@H](C)[C@@H](C(=O)N[C@@H](CC(C)C)C(=O)N[C@H](C(=O)O)C(C)C)[n+]1[c-]n2ccccc2c1,-2.7259,-6.506418454146877
CC[C@H](C)[C@@H](C(=O)N[C@@H](CC(C)C)C(=O)N[C@H](C(=O)O)[C@@H](C)O)[n+]1[c-]n2ccccc2c1,-6.3641,-5.875317172126047
CC[C@H](C)[C@@H](C(=O)N[C@@H](CC(C)C)C(=O)O)[n+]1[c-]n2ccccc2c1,-2.6568,-7.353422436959201
CC[C@H](C)[C@@H](C(=O)N[C@@H](CC(N)=O)C(=O)N[C@@H](C)C(=O)O)[n+]1[c-]n2ccccc2c1,-8.5044,-9.58250424650251
CC[C@H](C)[C@@H](C(=O)N[C@@H](CC(N)=O)C(=O)N[C@@H](CCC(=O)O)C(=O)O)[n+]1[c-]n2ccccc2c1,-16.4171,-12.69480417436484
CC[C@H](C)[C@@H](C(=O)N[C@@H](CC(N)=O)C(=O)N[C@@H](CCSC)C(=O)O)[n+]1[c-]n2ccccc2c1,-11.3472,-9.659845055361377
CC[C@H](C)[C@@H](C(=O)N[C@@H](CC(N)=O)C(=O)N[C@@H](Cc1c[nH]cn1)C(=O)O)[n+]1[c-]n2ccccc2c1,-4.9718,-10.735382475127997
CC[C@H](C)[C@@H](C(=O)N[C@@H](CCC(=O)O)C(=O)N[C@@H](C)C(=O)O)[n+]1[c-]n2ccccc2c1,-10.5105,-10.301161333382991
CC[C@H](C)[C@@H](C(=O)N[C@@H](CCC(=O)O)C(=O)N[C@@H](CC(C)C)C(=O)O)[n+]1[c-]n2ccccc2c1,-10.1547,-9.577379193277801
CC[C@H](C)[C@@H](C(=O)N[C@@H](CCC(=O)O)C(=O)N[C@@H](CCCNC(=N)N)C(=O)O)[n+]1[c-]n2ccccc2c1,-4.7984,-10.324659623124932
CC[C@H](C)[C@@H](C(=O)N[C@@H](CCC(N)=O)C(=O)NCC(=O)O)[n+]1[c-]n2ccccc2c1,-9.7095,-10.398916029162395
CC[C@H](C)[C@@H](C(=O)N[C@@H](CCC(N)=O)C(=O)N[C@@H](C)C(=O)O)[n+]1[c-]n2ccccc2c1,-11.6273,-9.779743496160481
CC[C@H](C)[C@@H](C(=O)N[C@@H](CCC(N)=O)C(=O)N[C@@H](CC(C)C)C(=O)O)[n+]1[c-]n2ccccc2c1,-9.8076,-9.807242865000179
CC[C@H](C)[C@@H](C(=O)N[C@@H](CCC(N)=O)C(=O)N[C@@H](CS)C(=O)O)[n+]1[c-]n2ccccc2c1,-11.61,-11.55638975100518
CC[C@H](C)[C@@H](C(=O)N[C@@H](CCC(N)=O)C(=O)N[C@@H](Cc1ccc(O)cc1)C(=O)O)[n+]1[c-]n2ccccc2c1,-20.075,-10.679292012490542
CC[C@H](C)[C@@H](C(=O)N[C@@H](CCCNC(=N)N)C(=O)NCC(=O)O)[n+]1[c-]n2ccccc2c1,-11.8765,-6.861006685662746
CC[C@H](C)[C@@H](C(=O)N[C@@H](CCCNC(=N)N)C(=O)N[C@@H](Cc1c[nH]c2ccccc12)C(=O)O)[n+]1[c-]n2ccccc2c1,-2.7281,-9.418732967095684
CC[C@H](C)[C@@H](C(=O)N[C@@H](CCCNC(=N)N)C(=O)O)[n+]1[c-]n2ccccc2c1,-12.6737,-11.395920717743685
CC[C@H](C)[C@@H](C(=O)N[C@@H](CCSC)C(=O)N[C@@H](CC(=O)O)C(=O)O)[n+]1[c-]n2ccccc2c1,-13.7176,-7.345625799743017
CC[C@H](C)[C@@H](C(=O)N[C@@H](CCSC)C(=O)N[C@@H](Cc1c[nH]c2ccccc12)C(=O)O)[n+]1[c-]n2ccccc2c1,-16.1204,-7.859833489352232
CC[C@H](C)[C@@H](C(=O)N[C@@H](CO)C(=O)N[C@@H](CC(=O)O)C(=O)O)[n+]1[c-]n2ccccc2c1,-14.0863,-6.244244127519499
CC[C@H](C)[C@@H](C(=O)N[C@@H](CO)C(=O)N[C@@H](CC(C)C)C(=O)O)[n+]1[c-]n2ccccc2c1,0.579,-5.101616560298563
CC[C@H](C)[C@@H](C(=O)N[C@@H](CO)C(=O)N[C@@H](CCC(N)=O)C(=O)O)[n+]1[c-]n2ccccc2c1,-13.1568,-11.920756517831308
CC[C@H](C)[C@@H](C(=O)N[C@@H](CO)C(=O)N[C@@H](Cc1c[nH]cn1)C(=O)O)[n+]1[c-]n2ccccc2c1,-4.3051,-9.099384921269449
CC[C@H](C)[C@@H](C(=O)N[C@@H](CO)C(=O)O)[n+]1[c-]n2ccccc2c1,-5.9527,-6.198398810153051
CC[C@H](C)[C@@H](C(=O)N[C@@H](CS)C(=O)NCC(=O)O)[n+]1[c-]n2ccccc2c1,-2.1207,-7.626758582312359
CC[C@H](C)[C@@H](C(=O)N[C@@H](Cc1c[nH]c2ccccc12)C(=O)N[C@@H](CC(C)C)C(=O)O)[n+]1[c-]n2ccccc2c1,-5.6748,-8.212224548432582
CC[C@H](C)[C@@H](C(=O)N[C@@H](Cc1c[nH]c2ccccc12)C(=O)N[C@@H](CS)C(=O)O)[n+]1[c-]n2ccccc2c1,-6.2829,-6.35514887588806
CC[C@H](C)[C@@H](C(=O)N[C@@H](Cc1c[nH]c2ccccc12)C(=O)N[C@@H](Cc1c[nH]c2ccccc12)C(=O)O)[n+]1[c-]n2ccccc2c1,-10.253,-7.217967342851373
CC[C@H](C)[C@@H](C(=O)N[C@@H](Cc1c[nH]c2ccccc12)C(=O)N[C@H](C(=O)O)C(C)C)[n+]1[c-]n2ccccc2c1,-7.9739,-8.508241729422862
CC[C@H](C)[C@@H](C(=O)N[C@@H](Cc1c[nH]c2ccccc12)C(=O)N[C@H](C(=O)O)[C@@H](C)O)[n+]1[c-]n2ccccc2c1,-15.3804,-9.167302663158987
CC[C@H](C)[C@@H](C(=O)N[C@@H](Cc1c[nH]cn1)C(=O)N[C@@H](CCCNC(=N)N)C(=O)O)[n+]1[c-]n2ccccc2c1,-12.1228,-6.916172353441869
CC[C@H](C)[C@@H](C(=O)N[C@@H](Cc1c[nH]cn1)C(=O)N[C@@H](CS)C(=O)O)[n+]1[c-]n2ccccc2c1,-9.8509,-8.185722069082667
CC[C@H](C)[C@@H](C(=O)N[C@@H](Cc1c[nH]cn1)C(=O)N[C@@H](Cc1c[nH]c2ccccc12)C(=O)O)[n+]1[c-]n2ccccc2c1,-19.0161,-10.305434854785313
CC[C@H](C)[C@@H](C(=O)N[C@@H](Cc1c[nH]cn1)C(=O)N[C@@H](Cc1c[nH]cn1)C(=O)O)[n+]1[c-]n2ccccc2c1,-6.762,-9.005222391601727
CC[C@H](C)[C@@H](C(=O)N[C@@H](Cc1c[nH]cn1)C(=O)N[C@@H](Cc1ccccc1)C(=O)O)[n+]1[c-]n2ccccc2c1,-6.624,-6.904697884084266
CC[C@H](C)[C@@H](C(=O)N[C@@H](Cc1ccc(O)cc1)C(=O)N[C@@H](C)C(=O)O)[n+]1[c-]n2ccccc2c1,-4.7245,-6.423641011045666
CC[C@H](C)[C@@H](C(=O)N[C@@H](Cc1ccc(O)cc1)C(=O)N[C@@H](CC(C)C)C(=O)O)[n+]1[c-]n2ccccc2c1,-5.0005,-10.125921560551216
CC[C@H](C)[C@@H](C(=O)N[C@@H](Cc1ccc(O)cc1)C(=O)O)[n+]1[c-]n2ccccc2c1,-6.9004,-7.542030390978652
CC[C@H](C)[C@@H](C(=O)N[C@@H](Cc1ccccc1)C(=O)NCC(=O)O)[n+]1[c-]n2ccccc2c1,-9.3485,-8.208632967384778
CC[C@H](C)[C@@H](C(=O)N[C@@H](Cc1ccccc1)C(=O)N[C@H](C(=O)O)C(C)C)[n+]1[c-]n2ccccc2c1,-7.2634,-5.9534523848613805
CC[C@H](C)[C@@H](C(=O)N[C@H](C(=O)N1CCC[C@H]1C(=O)O)[C@@H](C)O)[n+]1[c-]n2ccccc2c1,-7.2887,-9.401727756009818
CC[C@H](C)[C@@H](C(=O)N[C@H](C(=O)N[C@@H](CC(=O)O)C(=O)O)C(C)C)[n+]1[c-]n2ccccc2c1,-5.0736,-7.263903839336892
CC[C@H](C)[C@@H](C(=O)N[C@H](C(=O)N[C@@H](CC(C)C)C(=O)O)C(C)C)[n+]1[c-]n2ccccc2c1,-5.0759,-7.11702946648552
CC[C@H](C)[C@@H](C(=O)N[C@H](C(=O)N[C@@H](CCCNC(=N)N)C(=O)O)[C@@H](C)O)[n+]1[c-]n2ccccc2c1,-5.1174,-7.6025755053894875
CC[C@H](C)[C@@H](C(=O)N[C@H](C(=O)N[C@@H](CO)C(=O)O)[C@@H](C)O)[n+]1[c-]n2ccccc2c1,-9.3773,-6.552007923763667
CC[C@H](C)[C@@H](C(=O)N[C@H](C(=O)N[C@@H](CS)C(=O)O)C(C)C)[n+]1[c-]n2ccccc2c1,-6.8301,-7.38496273291302
CC[C@H](C)[C@@H](C(=O)N[C@H](C(=O)N[C@@H](Cc1c[nH]cn1)C(=O)O)[C@@H](C)O)[n+]1[c-]n2ccccc2c1,-11.5309,-6.8991709917064
CC[C@H](C)[C@@H](C(=O)N[C@H](C(=O)N[C@@H](Cc1ccccc1)C(=O)O)C(C)C)[n+]1[c-]n2ccccc2c1,-5.6032,-6.577156628239423
CC[C@H](C)[C@@H](C(=O)N[C@H](C(=O)N[C@H](C(=O)O)C(C)C)C(C)C)[n+]1[c-]n2ccccc2c1,-6.3884,-7.1754849121592565
CC[C@H](C)[C@@H](C(=O)N[C@H](C(=O)N[C@H](C(=O)O)C(C)C)[C@@H](C)O)[n+]1[c-]n2ccccc2c1,0.3137,-5.31121521020386
CC[C@H](C)[C@H](NC(=O)CNC(=O)[C@H](C)[n+]1[c-]n2ccccc2c1)C(=O)O,-5.7888,-6.999547663348748
CC[C@H](C)[C@H](NC(=O)CNC(=O)[C@H](CO)[n+]1[c-]n2ccccc2c1)C(=O)O,-7.2566,-8.134304687045512
CC[C@H](C)[C@H](NC(=O)CNC(=O)[C@H]([C@@H](C)CC)[n+]1[c-]n2ccccc2c1)C(=O)O,-6.4794,-6.7746014506410335
CC[C@H](C)[C@H](NC(=O)C[n+]1[c-]n2ccccc2c1)C(=O)N[C@@H](CC(N)=O)C(=O)O,-11.2645,-12.31615465471988
CC[C@H](C)[C@H](NC(=O)C[n+]1[c-]n2ccccc2c1)C(=O)N[C@@H](CCC(=O)O)C(=O)O,-12.2694,-10.388573271135169
CC[C@H](C)[C@H](NC(=O)C[n+]1[c-]n2ccccc2c1)C(=O)N[C@@H](CO)C(=O)O,-5.8275,-10.48638975193703
CC[C@H](C)[C@H](NC(=O)C[n+]1[c-]n2ccccc2c1)C(=O)N[C@@H](CS)C(=O)O,-11.0127,-9.080604776512583
CC[C@H](C)[C@H](NC(=O)C[n+]1[c-]n2ccccc2c1)C(=O)N[C@@H](Cc1c[nH]c2ccccc12)C(=O)O,-15.3299,-11.157934807194342
CC[C@H](C)[C@H](NC(=O)C[n+]1[c-]n2ccccc2c1)C(=O)N[C@@H](Cc1ccccc1)C(=O)O,-12.8381,-9.939881300092425
CC[C@H](C)[C@H](NC(=O)[C@@H](NC(=O)[C@H](C)[n+]1[c-]n2ccccc2c1)[C@@H](C)CC)C(=O)O,-3.2137,-5.237631971970904
CC[C@H](C)[C@H](NC(=O)[C@@H](NC(=O)[C@H](CC(N)=O)[n+]1[c-]n2ccccc2c1)C(C)C)C(=O)O,-5.8756,-5.505611747437915
CC[C@H](C)[C@H](NC(=O)[C@@H](NC(=O)[C@H](CCC(=O)O)[n+]1[c-]n2ccccc2c1)[C@@H](C)O)C(=O)O,2.4691,-6.553850932589181
CC[C@H](C)[C@H](NC(=O)[C@@H](NC(=O)[C@H](CCC(N)=O)[n+]1[c-]n2ccccc2c1)C(C)C)C(=O)O,-4.601,-4.83555336983792
CC[C@H](C)[C@H](NC(=O)[C@@H](NC(=O)[C@H](Cc1c[nH]c2ccccc12)[n+]1[c-]n2ccccc2c1)[C@@H](C)CC)C(=O)O,1.3337,-7.913296680336812
CC[C@H](C)[C@H](NC(=O)[C@@H](NC(=O)[C@H](Cc1c[nH]cn1)[n+]1[c-]n2ccccc2c1)C(C)C)C(=O)O,-7.4052,-4.153930237526117
CC[C@H](C)[C@H](NC(=O)[C@@H](NC(=O)[C@H](Cc1ccccc1)[n+]1[c-]n2ccccc2c1)[C@@H](C)CC)C(=O)O,-7.8663,-7.141564392478961
CC[C@H](C)[C@H](NC(=O)[C@@H](NC(=O)[C@H]([C@@H](C)CC)[n+]1[c-]n2ccccc2c1)[C@@H](C)O)C(=O)O,-3.3108,-5.357556860484387
CC[C@H](C)[C@H](NC(=O)[C@@H]1CCCN1C(=O)C[n+]1[c-]n2ccccc2c1)C(=O)O,-10.646,-10.094613227994396
CC[C@H](C)[C@H](NC(=O)[C@@H]1CCCN1C(=O)[C@H](C)[n+]1[c-]n2ccccc2c1)C(=O)O,-7.0022,-7.902824218332393
CC[C@H](C)[C@H](NC(=O)[C@@H]1CCCN1C(=O)[C@H](CC(C)C)[n+]1[c-]n2ccccc2c1)C(=O)O,-2.712,-6.773107251324734
CC[C@H](C)[C@H](NC(=O)[C@@H]1CCCN1C(=O)[C@H]([C@@H](C)CC)[n+]1[c-]n2ccccc2c1)C(=O)O,-7.3453,-7.066693733596351
CC[C@H](C)[C@H](NC(=O)[C@H](C(C)C)[n+]1[c-]n2ccccc2c1)C(=O)N[C@@H](Cc1c[nH]cn1)C(=O)O,-1.9705,-4.814353328018325
CC[C@H](C)[C@H](NC(=O)[C@H](C(C)C)[n+]1[c-]n2ccccc2c1)C(=O)N[C@@H](Cc1ccc(O)cc1)C(=O)O,-8.8588,-8.469279042001482
CC[C@H](C)[C@H](NC(=O)[C@H](C)NC(=O)C[n+]1[c-]n2ccccc2c1)C(=O)O,-11.3055,-9.453463330220838
CC[C@H](C)[C@H](NC(=O)[C@H](C)NC(=O)[C@H](CCC(N)=O)[n+]1[c-]n2ccccc2c1)C(=O)O,-3.7245,-5.4003991900486135
CC[C@H](C)[C@H](NC(=O)[C@H](C)NC(=O)[C@H](Cc1c[nH]cn1)[n+]1[c-]n2ccccc2c1)C(=O)O,-8.5354,-5.659752756681577
CC[C@H](C)[C@H](NC(=O)[C@H](C)NC(=O)[C@H](Cc1ccc(O)cc1)[n+]1[c-]n2ccccc2c1)C(=O)O,-4.5218,-5.430935479297403
CC[C@H](C)[C@H](NC(=O)[C@H](C)NC(=O)[C@H](Cc1ccccc1)[n+]1[c-]n2ccccc2c1)C(=O)O,-5.1216,-5.978771188950995
CC[C@H](C)[C@H](NC(=O)[C@H](C)[n+]1[c-]n2ccccc2c1)C(=O)N[C@@H](Cc1ccc(O)cc1)C(=O)O,-9.3065,-6.629992566256011
CC[C@H](C)[C@H](NC(=O)[C@H](CC(=O)O)NC(=O)C[n+]1[c-]n2ccccc2c1)C(=O)O,-6.1364,-8.111527417193487
CC[C@H](C)[C@H](NC(=O)[C@H](CC(=O)O)NC(=O)[C@H](C(C)C)[n+]1[c-]n2ccccc2c1)C(=O)O,-4.8719,-5.307267416288294
CC[C@H](C)[C@H](NC(=O)[C@H](CC(=O)O)NC(=O)[C@H](CCC(=O)O)[n+]1[c-]n2ccccc2c1)C(=O)O,0.8391,-6.816038203919956
CC[C@H](C)[C@H](NC(=O)[C@H](CC(=O)O)NC(=O)[C@H](CS)[n+]1[c-]n2ccccc2c1)C(=O)O,3.4105,-9.329905810822645
CC[C@H](C)[C@H](NC(=O)[C@H](CC(=O)O)NC(=O)[C@H](Cc1ccc(O)cc1)[n+]1[c-]n2ccccc2c1)C(=O)O,0.1322,-7.529016383665194
CC[C@H](C)[C@H](NC(=O)[C@H](CC(=O)O)NC(=O)[C@H]([C@@H](C)CC)[n+]1[c-]n2ccccc2c1)C(=O)O,-6.8442,-6.343324220825678
CC[C@H](C)[C@H](NC(=O)[C@H](CC(=O)O)[n+]1[c-]n2ccccc2c1)C(=O)N[C@@H](CC(N)=O)C(=O)O,-16.3492,-6.352590985510595
CC[C@H](C)[C@H](NC(=O)[C@H](CC(C)C)NC(=O)[C@H](C(C)C)[n+]1[c-]n2ccccc2c1)C(=O)O,-5.3587,-5.535096147471375
CC[C@H](C)[C@H](NC(=O)[C@H](CC(C)C)NC(=O)[C@H](CC(C)C)[n+]1[c-]n2ccccc2c1)C(=O)O,-4.5373,-5.799022309353681
CC[C@H](C)[C@H](NC(=O)[C@H](CC(C)C)NC(=O)[C@H](Cc1ccccc1)[n+]1[c-]n2ccccc2c1)C(=O)O,-5.7664,-6.763854711483348
CC[C@H](C)[C@H](NC(=O)[C@H](CC(C)C)NC(=O)[C@H]([C@@H](C)CC)[n+]1[c-]n2ccccc2c1)C(=O)O,-5.3964,-5.879800992212415
CC[C@H](C)[C@H](NC(=O)[C@H](CC(C)C)[n+]1[c-]n2ccccc2c1)C(=O)N[C@@H](CC(N)=O)C(=O)O,-2.9568,-9.6767933394299
CC[C@H](C)[C@H](NC(=O)[C@H](CC(C)C)[n+]1[c-]n2ccccc2c1)C(=O)N[C@@H](CCC(N)=O)C(=O)O,-11.103,-9.845617574673959
CC[C@H](C)[C@H](NC(=O)[C@H](CC(N)=O)NC(=O)[C@H](C(C)C)[n+]1[c-]n2ccccc2c1)C(=O)O,-10.0592,-7.764224157560285
CC[C@H](C)[C@H](NC(=O)[C@H](CC(N)=O)NC(=O)[C@H](C)[n+]1[c-]n2ccccc2c1)C(=O)O,-0.1305,-9.258928291109035
CC[C@H](C)[C@H](NC(=O)[C@H](CC(N)=O)NC(=O)[C@H](CCCNC(=N)N)[n+]1[c-]n2ccccc2c1)C(=O)O,-11.984,-6.982775647416944
CC[C@H](C)[C@H](NC(=O)[C@H](CC(N)=O)NC(=O)[C@H](CO)[n+]1[c-]n2ccccc2c1)C(=O)O,-9.3411,-7.378531652516113
CC[C@H](C)[C@H](NC(=O)[C@H](CC(N)=O)NC(=O)[C@H]([C@@H](C)O)[n+]1[c-]n2ccccc2c1)C(=O)O,-4.861,-10.434391305157602
CC[C@H](C)[C@H](NC(=O)[C@H](CC(N)=O)[n+]1[c-]n2ccccc2c1)C(=O)N[C@@H](C)C(=O)O,-4.8976,-4.905905154316649
CC[C@H](C)[C@H](NC(=O)[C@H](CC(N)=O)[n+]1[c-]n2ccccc2c1)C(=O)N[C@H](C(=O)O)[C@@H](C)O,-4.5235,-6.685713595581875
CC[C@H](C)[C@H](NC(=O)[C@H](CCC(=O)O)NC(=O)[C@H](CC(C)C)[n+]1[c-]n2ccccc2c1)C(=O)O,-12.0891,-7.51931754766341
CC[C@H](C)[C@H](NC(=O)[C@H](CCC(=O)O)NC(=O)[C@H](CCCNC(=N)N)[n+]1[c-]n2ccccc2c1)C(=O)O,-15.0165,-7.364138668617252
CC[C@H](C)[C@H](NC(=O)[C@H](CCC(=O)O)NC(=O)[C@H](Cc1c[nH]c2ccccc12)[n+]1[c-]n2ccccc2c1)C(=O)O,-12.2291,-11.473867162698518
CC[C@H](C)[C@H](NC(=O)[C@H](CCC(=O)O)[n+]1[c-]n2ccccc2c1)C(=O)N1CCC[C@H]1C(=O)O,-2.839,-6.6088544597447205
CC[C@H](C)[C@H](NC(=O)[C@H](CCC(=O)O)[n+]1[c-]n2ccccc2c1)C(=O)N[C@@H](CC(=O)O)C(=O)O,-10.2373,-9.540323501166224
CC[C@H](C)[C@H](NC(=O)[C@H](CCC(=O)O)[n+]1[c-]n2ccccc2c1)C(=O)N[C@@H](Cc1c[nH]cn1)C(=O)O,-2.291,-7.9693207161800546
CC[C@H](C)[C@H](NC(=O)[C@H](CCC(=O)O)[n+]1[c-]n2ccccc2c1)C(=O)N[C@@H](Cc1ccc(O)cc1)C(=O)O,-6.6471,-6.837406114435954
CC[C@H](C)[C@H](NC(=O)[C@H](CCC(N)=O)NC(=O)[C@H](CC(=O)O)[n+]1[c-]n2ccccc2c1)C(=O)O,-15.9925,-9.68307068337198
CC[C@H](C)[C@H](NC(=O)[C@H](CCC(N)=O)NC(=O)[C@H](CC(N)=O)[n+]1[c-]n2ccccc2c1)C(=O)O,-14.454,-8.148278646102762
CC[C@H](C)[C@H](NC(=O)[C@H](CCC(N)=O)NC(=O)[C@H](CCC(N)=O)[n+]1[c-]n2ccccc2c1)C(=O)O,-18.2566,-8.870105081520606
CC[C@H](C)[C@H](NC(=O)[C@H](CCC(N)=O)NC(=O)[C@H](Cc1ccc(O)cc1)[n+]1[c-]n2ccccc2c1)C(=O)O,-12.4904,-8.45456799389327
CC[C@H](C)[C@H](NC(=O)[C@H](CCC(N)=O)[n+]1[c-]n2ccccc2c1)C(=O)N[C@@H](CS)C(=O)O,-3.9213,-7.830449666523107
CC[C@H](C)[C@H](NC(=O)[C@H](CCC(N)=O)[n+]1[c-]n2ccccc2c1)C(=O)N[C@@H](Cc1c[nH]c2ccccc12)C(=O)O,-9.1916,-7.240799730479671
CC[C@H](C)[C@H](NC(=O)[C@H](CCC(N)=O)[n+]1[c-]n2ccccc2c1)C(=O)N[C@H](C(=O)O)[C@@H](C)O,-4.5354,-5.432674852819991
CC[C@H](C)[C@H](NC(=O)[C@H](CCCNC(=N)N)NC(=O)[C@H](CCC(N)=O)[n+]1[c-]n2ccccc2c1)C(=O)O,-11.4367,-8.288880469400908
CC[C@H](C)[C@H](NC(=O)[C@H](CCCNC(=N)N)NC(=O)[C@H](CCCNC(=N)N)[n+]1[c-]n2ccccc2c1)C(=O)O,-1.6151,-6.8132521072963685
CC[C@H](C)[C@H](NC(=O)[C@H](CCCNC(=N)N)[n+]1[c-]n2ccccc2c1)C(=O)N[C@@H](CC(C)C)C(=O)O,-5.452,-5.407598602187049
CC[C@H](C)[C@H](NC(=O)[C@H](CCCNC(=N)N)[n+]1[c-]n2ccccc2c1)C(=O)N[C@@H](CCC(=O)O)C(=O)O,-1.7147,-5.074449229795791
CC[C@H](C)[C@H](NC(=O)[C@H](CCCNC(=N)N)[n+]1[c-]n2ccccc2c1)C(=O)N[C@@H](CO)C(=O)O,-10.5244,-6.401096475201239
CC[C@H](C)[C@H](NC(=O)[C@H](CCCNC(=N)N)[n+]1[c-]n2ccccc2c1)C(=O)N[C@@H](Cc1ccc(O)cc1)C(=O)O,-13.132,-6.460463452301525
CC[C@H](C)[C@H](NC(=O)[C@H](CCCNC(=N)N)[n+]1[c-]n2ccccc2c1)C(=O)N[C@H](C(=O)O)[C@@H](C)O,-12.2593,-6.397398138697055
CC[C@H](C)[C@H](NC(=O)[C@H](CCSC)NC(=O)[C@H](CC(=O)O)[n+]1[c-]n2ccccc2c1)C(=O)O,-8.0904,-4.899145452816721
CC[C@H](C)[C@H](NC(=O)[C@H](CCSC)NC(=O)[C@H](CCC(N)=O)[n+]1[c-]n2ccccc2c1)C(=O)O,-2.3345,-5.9221334494925815
CC[C@H](C)[C@H](NC(=O)[C@H](CCSC)NC(=O)[C@H](CCCNC(=N)N)[n+]1[c-]n2ccccc2c1)C(=O)O,-6.0027,-6.212089254048639
CC[C@H](C)[C@H](NC(=O)[C@H](CCSC)NC(=O)[C@H](CO)[n+]1[c-]n2ccccc2c1)C(=O)O,-1.0294,-7.114004825684972
CC[C@H](C)[C@H](NC(=O)[C@H](CCSC)NC(=O)[C@H]([C@@H](C)CC)[n+]1[c-]n2ccccc2c1)C(=O)O,-4.3447,-4.341957849889323
CC[C@H](C)[C@H](NC(=O)[C@H](CCSC)NC(=O)[C@H]([C@@H](C)O)[n+]1[c-]n2ccccc2c1)C(=O)O,-3.6787,-6.093771888217372
CC[C@H](C)[C@H](NC(=O)[C@H](CCSC)[n+]1[c-]n2ccccc2c1)C(=O)N[C@@H](C)C(=O)O,-1.5707,-5.304225043965119
CC[C@H](C)[C@H](NC(=O)[C@H](CCSC)[n+]1[c-]n2ccccc2c1)C(=O)N[C@@H](CC(N)=O)C(=O)O,-9.8879,-9.864174515758739
CC[C@H](C)[C@H](NC(=O)[C@H](CCSC)[n+]1[c-]n2ccccc2c1)C(=O)N[C@@H](CCCNC(=N)N)C(=O)O,-2.5871,-4.305308383613693
CC[C@H](C)[C@H](NC(=O)[C@H](CCSC)[n+]1[c-]n2ccccc2c1)C(=O)N[C@@H](Cc1c[nH]c2ccccc12)C(=O)O,-10.0802,-7.602477039542724
CC[C@H](C)[C@H](NC(=O)[C@H](CO)NC(=O)[C@H](C(C)C)[n+]1[c-]n2ccccc2c1)C(=O)O,-2.153,-4.069511800196276
CC[C@H](C)[C@H](NC(=O)[C@H](CO)NC(=O)[C@H](C)[n+]1[c-]n2ccccc2c1)C(=O)O,-4.1629,-6.780311108936565
CC[C@H](C)[C@H](NC(=O)[C@H](CO)NC(=O)[C@H](CCC(=O)O)[n+]1[c-]n2ccccc2c1)C(=O)O,0.9035,-5.9819101099561305
CC[C@H](C)[C@H](NC(=O)[C@H](CO)NC(=O)[C@H](Cc1ccc(O)cc1)[n+]1[c-]n2ccccc2c1)C(=O)O,2.6278,-6.493652901950597
CC[C@H](C)[C@H](NC(=O)[C@H](CO)[n+]1[c-]n2ccccc2c1)C(=O)N1CCC[C@H]1C(=O)O,-6.4813,-7.47758024865495
CC[C@H](C)[C@H](NC(=O)[C@H](CO)[n+]1[c-]n2ccccc2c1)C(=O)NCC(=O)O,-5.559,-8.559640735385138
CC[C@H](C)[C@H](NC(=O)[C@H](CO)[n+]1[c-]n2ccccc2c1)C(=O)N[C@@H](Cc1c[nH]c2ccccc12)C(=O)O,-5.691,-7.220479310464803
CC[C@H](C)[C@H](NC(=O)[C@H](CO)[n+]1[c-]n2ccccc2c1)C(=O)N[C@@H](Cc1ccc(O)cc1)C(=O)O,-12.368,-5.614966369610158
CC[C@H](C)[C@H](NC(=O)[C@H](CS)NC(=O)[C@H](CC(C)C)[n+]1[c-]n2ccccc2c1)C(=O)O,-1.3589,-5.5438534926096175
CC[C@H](C)[C@H](NC(=O)[C@H](CS)NC(=O)[C@H](CCSC)[n+]1[c-]n2ccccc2c1)C(=O)O,-4.8432,-4.661474488747835
CC[C@H](C)[C@H](NC(=O)[C@H](CS)NC(=O)[C@H](Cc1c[nH]c2ccccc12)[n+]1[c-]n2ccccc2c1)C(=O)O,-2.151,-5.886827758122301
CC[C@H](C)[C@H](NC(=O)[C@H](CS)NC(=O)[C@H](Cc1c[nH]cn1)[n+]1[c-]n2ccccc2c1)C(=O)O,-1.9694,-5.770483951847282
CC[C@H](C)[C@H](NC(=O)[C@H](CS)NC(=O)[C@H](Cc1ccc(O)cc1)[n+]1[c-]n2ccccc2c1)C(=O)O,-8.9391,-6.079760643632963
CC[C@H](C)[C@H](NC(=O)[C@H](CS)[n+]1[c-]n2ccccc2c1)C(=O)N[C@@H](Cc1c[nH]cn1)C(=O)O,-8.5765,-7.383400120007185
CC[C@H](C)[C@H](NC(=O)[C@H](CS)[n+]1[c-]n2ccccc2c1)C(=O)N[C@H](C(=O)O)[C@@H](C)O,-1.0319,-5.625286941605242
CC[C@H](C)[C@H](NC(=O)[C@H](CS)[n+]1[c-]n2ccccc2c1)C(=O)O,-7.7298,-6.9763917451448805
CC[C@H](C)[C@H](NC(=O)[C@H](Cc1c[nH]c2ccccc12)NC(=O)[C@H](CC(=O)O)[n+]1[c-]n2ccccc2c1)C(=O)O,-7.6988,-9.58483114261425
CC[C@H](C)[C@H](NC(=O)[C@H](Cc1c[nH]c2ccccc12)NC(=O)[C@H](CCSC)[n+]1[c-]n2ccccc2c1)C(=O)O,-7.2134,-7.360983412411956
CC[C@H](C)[C@H](NC(=O)[C@H](Cc1c[nH]c2ccccc12)NC(=O)[C@H](CO)[n+]1[c-]n2ccccc2c1)C(=O)O,-3.0139,-5.475124126420715
CC[C@H](C)[C@H](NC(=O)[C@H](Cc1c[nH]c2ccccc12)NC(=O)[C@H](Cc1c[nH]c2ccccc12)[n+]1[c-]n2ccccc2c1)C(=O)O,-5.0469,-7.419130096506251
CC[C@H](C)[C@H](NC(=O)[C@H](Cc1c[nH]c2ccccc12)NC(=O)[C@H](Cc1ccc(O)cc1)[n+]1[c-]n2ccccc2c1)C(=O)O,-3.9345,-8.010911602411644
CC[C@H](C)[C@H](NC(=O)[C@H](Cc1c[nH]c2ccccc12)NC(=O)[C@H](Cc1ccccc1)[n+]1[c-]n2ccccc2c1)C(=O)O,-3.4416,-9.074633508056213
CC[C@H](C)[C@H](NC(=O)[C@H](Cc1c[nH]c2ccccc12)[n+]1[c-]n2ccccc2c1)C(=O)N[C@@H](CO)C(=O)O,-4.2935,-6.518814097599798
CC[C@H](C)[C@H](NC(=O)[C@H](Cc1c[nH]cn1)NC(=O)C[n+]1[c-]n2ccccc2c1)C(=O)O,-10.1164,-9.56574106547912
CC[C@H](C)[C@H](NC(=O)[C@H](Cc1c[nH]cn1)NC(=O)[C@H](CC(C)C)[n+]1[c-]n2ccccc2c1)C(=O)O,-2.8022,-6.646343503819049
CC[C@H](C)[C@H](NC(=O)[C@H](Cc1c[nH]cn1)NC(=O)[C@H](CCCNC(=N)N)[n+]1[c-]n2ccccc2c1)C(=O)O,-8.0294,-7.462375936619704
CC[C@H](C)[C@H](NC(=O)[C@H](Cc1c[nH]cn1)NC(=O)[C@H](Cc1ccc(O)cc1)[n+]1[c-]n2ccccc2c1)C(=O)O,-8.7431,-9.205530258776266
CC[C@H](C)[C@H](NC(=O)[C@H](Cc1c[nH]cn1)NC(=O)[C@H]([C@@H](C)O)[n+]1[c-]n2ccccc2c1)C(=O)O,-12.9523,-6.119047245825067
CC[C@H](C)[C@H](NC(=O)[C@H](Cc1c[nH]cn1)[n+]1[c-]n2ccccc2c1)C(=O)N[C@@H](CC(=O)O)C(=O)O,-4.2086,-3.7364097678208994
CC[C@H](C)[C@H](NC(=O)[C@H](Cc1c[nH]cn1)[n+]1[c-]n2ccccc2c1)C(=O)N[C@@H](CC(N)=O)C(=O)O,-8.8779,-8.919035390956937
CC[C@H](C)[C@H](NC(=O)[C@H](Cc1c[nH]cn1)[n+]1[c-]n2ccccc2c1)C(=O)N[C@@H](CO)C(=O)O,-4.9737,-4.271141702870337
CC[C@H](C)[C@H](NC(=O)[C@H](Cc1c[nH]cn1)[n+]1[c-]n2ccccc2c1)C(=O)N[C@@H](Cc1c[nH]c2ccccc12)C(=O)O,-12.5152,-8.388255806150669
CC[C@H](C)[C@H](NC(=O)[C@H](Cc1c[nH]cn1)[n+]1[c-]n2ccccc2c1)C(=O)N[C@@H](Cc1ccc(O)cc1)C(=O)O,-6.2905,-6.2981674005210015
CC[C@H](C)[C@H](NC(=O)[C@H](Cc1ccc(O)cc1)NC(=O)[C@H](CC(=O)O)[n+]1[c-]n2ccccc2c1)C(=O)O,-12.9572,-7.332802186655147
CC[C@H](C)[C@H](NC(=O)[C@H](Cc1ccc(O)cc1)NC(=O)[C@H](CCC(N)=O)[n+]1[c-]n2ccccc2c1)C(=O)O,-10.9049,-8.53972137538697
CC[C@H](C)[C@H](NC(=O)[C@H](Cc1ccc(O)cc1)NC(=O)[C@H](Cc1c[nH]c2ccccc12)[n+]1[c-]n2ccccc2c1)C(=O)O,-6.0646,-8.637741437885744
CC[C@H](C)[C@H](NC(=O)[C@H](Cc1ccc(O)cc1)NC(=O)[C@H]([C@@H](C)CC)[n+]1[c-]n2ccccc2c1)C(=O)O,-3.3602,-8.307514078730918
CC[C@H](C)[C@H](NC(=O)[C@H](Cc1ccc(O)cc1)[n+]1[c-]n2ccccc2c1)C(=O)N1CCC[C@H]1C(=O)O,-6.0548,-8.169957321161284
CC[C@H](C)[C@H](NC(=O)[C@H](Cc1ccc(O)cc1)[n+]1[c-]n2ccccc2c1)C(=O)N[C@@H](CC(N)=O)C(=O)O,-13.9818,-8.5663816853853
CC[C@H](C)[C@H](NC(=O)[C@H](Cc1ccccc1)NC(=O)[C@H](C(C)C)[n+]1[c-]n2ccccc2c1)C(=O)O,-12.3578,-6.284085893651763
CC[C@H](C)[C@H](NC(=O)[C@H](Cc1ccccc1)NC(=O)[C@H](CC(C)C)[n+]1[c-]n2ccccc2c1)C(=O)O,-6.9909,-6.097815896295247
CC[C@H](C)[C@H](NC(=O)[C@H](Cc1ccccc1)NC(=O)[C@H](CCC(N)=O)[n+]1[c-]n2ccccc2c1)C(=O)O,-0.0561,-8.880274810732516
CC[C@H](C)[C@H](NC(=O)[C@H](Cc1ccccc1)NC(=O)[C@H](CCCNC(=N)N)[n+]1[c-]n2ccccc2c1)C(=O)O,-14.0751,-8.276105892736895
CC[C@H](C)[C@H](NC(=O)[C@H](Cc1ccccc1)NC(=O)[C@H](CS)[n+]1[c-]n2ccccc2c1)C(=O)O,-5.0252,-6.522805246830064
CC[C@H](C)[C@H](NC(=O)[C@H](Cc1ccccc1)NC(=O)[C@H](Cc1ccc(O)cc1)[n+]1[c-]n2ccccc2c1)C(=O)O,-7.077,-6.435137267218039
CC[C@H](C)[C@H](NC(=O)[C@H](Cc1ccccc1)NC(=O)[C@H](Cc1ccccc1)[n+]1[c-]n2ccccc2c1)C(=O)O,-4.6137,-6.340291309931068
CC[C@H](C)[C@H](NC(=O)[C@H](Cc1ccccc1)[n+]1[c-]n2ccccc2c1)C(=O)N[C@@H](C)C(=O)O,-6.9635,-5.905543471016575
CC[C@H](C)[C@H](NC(=O)[C@H](Cc1ccccc1)[n+]1[c-]n2ccccc2c1)C(=O)N[C@@H](CC(N)=O)C(=O)O,-10.482,-10.6501996990721
CC[C@H](C)[C@H](NC(=O)[C@H](Cc1ccccc1)[n+]1[c-]n2ccccc2c1)C(=O)N[C@@H](CCCNC(=N)N)C(=O)O,-4.6778,-7.8874599702218555
CC[C@H](C)[C@H](NC(=O)[C@H](Cc1ccccc1)[n+]1[c-]n2ccccc2c1)C(=O)N[C@@H](Cc1ccc(O)cc1)C(=O)O,-5.681,-8.131708791771068
CC[C@H](C)[C@H](NC(=O)[C@H](Cc1ccccc1)[n+]1[c-]n2ccccc2c1)C(=O)O,1.8532,-8.108536979356497
CC[C@H](C)[C@H](NC(=O)[C@H]([C@@H](C)CC)[n+]1[c-]n2ccccc2c1)C(=O)N[C@@H](CCC(N)=O)C(=O)O,-11.7963,-8.979714279839857
CC[C@H](C)[C@H](NC(=O)[C@H]([C@@H](C)CC)[n+]1[c-]n2ccccc2c1)C(=O)N[C@@H](CS)C(=O)O,-3.4522,-6.323882959955142
CC[C@H](C)[C@H](NC(=O)[C@H]([C@@H](C)CC)[n+]1[c-]n2ccccc2c1)C(=O)N[C@@H](Cc1c[nH]cn1)C(=O)O,-5.8978,-6.248673287632333
CC[C@H](C)[C@H](NC(=O)[C@H]([C@@H](C)CC)[n+]1[c-]n2ccccc2c1)C(=O)N[C@H](C(=O)O)C(C)C,-3.5391,-5.5018322015972885
CC[C@H](C)[C@H](NC(=O)[C@H]([C@@H](C)O)[n+]1[c-]n2ccccc2c1)C(=O)N1CCC[C@H]1C(=O)O,-6.6383,-7.934512282654499
CC[C@H](C)[C@H](NC(=O)[C@H]([C@@H](C)O)[n+]1[c-]n2ccccc2c1)C(=O)N[C@@H](C)C(=O)O,-7.9986,-6.0251767748539855
CC[C@H](C)[C@H](NC(=O)[C@H]([C@@H](C)O)[n+]1[c-]n2ccccc2c1)C(=O)N[C@@H](CC(=O)O)C(=O)O,-8.8387,-6.59754937587115
CC[C@H](C)[C@H](NC(=O)[C@H]([C@@H](C)O)[n+]1[c-]n2ccccc2c1)C(=O)N[C@@H](CC(C)C)C(=O)O,-8.9181,-6.85672432516445
CC[C@H](C)[C@H](NC(=O)[C@H]([C@@H](C)O)[n+]1[c-]n2ccccc2c1)C(=O)N[C@@H](CS)C(=O)O,-7.8329,-6.345726579243353
CC[C@H](C)[C@H](NC(=O)[C@H]([C@@H](C)O)[n+]1[c-]n2ccccc2c1)C(=O)O,-6.8018,-7.938950853756796
CSCC[C@@H](C(=O)N1CCC[C@H]1C(=O)N[C@@H](Cc1ccc(O)cc1)C(=O)O)[n+]1[c-]n2ccccc2c1,-4.7795,-9.062345386804724
CSCC[C@@H](C(=O)NCC(=O)N1CCC[C@H]1C(=O)O)[n+]1[c-]n2ccccc2c1,-2.3862,-7.356393139885547
CSCC[C@@H](C(=O)NCC(=O)N[C@@H](CCCNC(=N)N)C(=O)O)[n+]1[c-]n2ccccc2c1,-11.2392,-10.318971151336147
CSCC[C@@H](C(=O)NCC(=O)N[C@@H](Cc1c[nH]cn1)C(=O)O)[n+]1[c-]n2ccccc2c1,-16.6702,-7.164557637591764
CSCC[C@@H](C(=O)NCC(=O)N[C@@H](Cc1ccccc1)C(=O)O)[n+]1[c-]n2ccccc2c1,-8.5059,-7.63213873048174
CSCC[C@@H](C(=O)NCC(=O)N[C@H](C(=O)O)C(C)C)[n+]1[c-]n2ccccc2c1,-6.9108,-5.234754773093727
CSCC[C@@H](C(=O)NCC(=O)O)[n+]1[c-]n2ccccc2c1,-6.0208,-7.966586370929982
CSCC[C@@H](C(=O)N[C@@H](C)C(=O)N1CCC[C@H]1C(=O)O)[n+]1[c-]n2ccccc2c1,-8.9012,-7.176569951174408
CSCC[C@@H](C(=O)N[C@@H](C)C(=O)N[C@@H](CC(C)C)C(=O)O)[n+]1[c-]n2ccccc2c1,-3.9669,-6.65449455877932
CSCC[C@@H](C(=O)N[C@@H](C)C(=O)N[C@@H](CCCNC(=N)N)C(=O)O)[n+]1[c-]n2ccccc2c1,-3.9298,-7.804054249973684
CSCC[C@@H](C(=O)N[C@@H](C)C(=O)N[C@@H](CS)C(=O)O)[n+]1[c-]n2ccccc2c1,-4.9655,-7.9704308311573175
CSCC[C@@H](C(=O)N[C@@H](C)C(=O)N[C@@H](Cc1c[nH]c2ccccc12)C(=O)O)[n+]1[c-]n2ccccc2c1,-9.1872,-8.580210425713364
CSCC[C@@H](C(=O)N[C@@H](C)C(=O)N[C@H](C(=O)O)C(C)C)[n+]1[c-]n2ccccc2c1,-4.4929,-5.157305493978788
CSCC[C@@H](C(=O)N[C@@H](CC(=O)O)C(=O)N[C@H](C(=O)O)[C@@H](C)O)[n+]1[c-]n2ccccc2c1,-4.9,-8.126087133769136
CSCC[C@@H](C(=O)N[C@@H](CC(=O)O)C(=O)O)[n+]1[c-]n2ccccc2c1,-9.0549,-8.54426371070357
CSCC[C@@H](C(=O)N[C@@H](CC(C)C)C(=O)N[C@@H](Cc1c[nH]c2ccccc12)C(=O)O)[n+]1[c-]n2ccccc2c1,-9.7532,-6.9787243580230065
CSCC[C@@H](C(=O)N[C@@H](CC(N)=O)C(=O)N[C@@H](CCC(=O)O)C(=O)O)[n+]1[c-]n2ccccc2c1,-19.9641,-13.494341629811874
CSCC[C@@H](C(=O)N[C@@H](CC(N)=O)C(=O)N[C@@H](CCC(N)=O)C(=O)O)[n+]1[c-]n2ccccc2c1,-11.3733,-11.540242665738306
CSCC[C@@H](C(=O)N[C@@H](CC(N)=O)C(=O)N[C@@H](Cc1c[nH]cn1)C(=O)O)[n+]1[c-]n2ccccc2c1,-6.6094,-8.53295975110498
CSCC[C@@H](C(=O)N[C@@H](CCC(=O)O)C(=O)N1CCC[C@H]1C(=O)O)[n+]1[c-]n2ccccc2c1,-9.734,-8.89466938857339
CSCC[C@@H](C(=O)N[C@@H](CCC(=O)O)C(=O)N[C@@H](CCCNC(=N)N)C(=O)O)[n+]1[c-]n2ccccc2c1,-11.8406,-7.835408917234073
CSCC[C@@H](C(=O)N[C@@H](CCC(=O)O)C(=O)N[C@@H](CS)C(=O)O)[n+]1[c-]n2ccccc2c1,-8.1379,-7.693687442943653
CSCC[C@@H](C(=O)N[C@@H](CCC(=O)O)C(=O)N[C@@H](Cc1c[nH]cn1)C(=O)O)[n+]1[c-]n2ccccc2c1,-13.994,-10.346910951366766
CSCC[C@@H](C(=O)N[C@@H](CCC(=O)O)C(=O)N[C@@H](Cc1ccc(O)cc1)C(=O)O)[n+]1[c-]n2ccccc2c1,-17.5721,-9.827948569177305
CSCC[C@@H](C(=O)N[C@@H](CCC(=O)O)C(=O)N[C@@H](Cc1ccccc1)C(=O)O)[n+]1[c-]n2ccccc2c1,-4.726,-8.022358930973546
CSCC[C@@H](C(=O)N[C@@H](CCC(=O)O)C(=O)N[C@H](C(=O)O)[C@@H](C)O)[n+]1[c-]n2ccccc2c1,-8.3148,-9.013640361264274
CSCC[C@@H](C(=O)N[C@@H](CCC(N)=O)C(=O)N[C@@H](C)C(=O)O)[n+]1[c-]n2ccccc2c1,-6.966,-8.366390174373503
CSCC[C@@H](C(=O)N[C@@H](CCC(N)=O)C(=O)N[C@@H](CCC(=O)O)C(=O)O)[n+]1[c-]n2ccccc2c1,-11.4047,-11.378585109371315
CSCC[C@@H](C(=O)N[C@@H](CCCNC(=N)N)C(=O)N[C@@H](CC(=O)O)C(=O)O)[n+]1[c-]n2ccccc2c1,-11.8172,-8.879051908402136
CSCC[C@@H](C(=O)N[C@@H](CCCNC(=N)N)C(=O)N[C@@H](CC(C)C)C(=O)O)[n+]1[c-]n2ccccc2c1,-11.236,-6.623750976732866
CSCC[C@@H](C(=O)N[C@@H](CCCNC(=N)N)C(=O)N[C@@H](CC(N)=O)C(=O)O)[n+]1[c-]n2ccccc2c1,-10.5831,-6.890828364415457
CSCC[C@@H](C(=O)N[C@@H](CCCNC(=N)N)C(=O)N[C@@H](Cc1ccccc1)C(=O)O)[n+]1[c-]n2ccccc2c1,-1.6195,-9.278394270460923
CSCC[C@@H](C(=O)N[C@@H](CCCNC(=N)N)C(=O)N[C@H](C(=O)O)[C@@H](C)O)[n+]1[c-]n2ccccc2c1,-2.8058,-7.761763022793151
CSCC[C@@H](C(=O)N[C@@H](CO)C(=O)N1CCC[C@H]1C(=O)O)[n+]1[c-]n2ccccc2c1,-4.6803,-8.512606227765975
CSCC[C@@H](C(=O)N[C@@H](CO)C(=O)N[C@@H](CCC(N)=O)C(=O)O)[n+]1[c-]n2ccccc2c1,-9.4455,-10.000208892360645
CSCC[C@@H](C(=O)N[C@@H](CO)C(=O)N[C@@H](CCCNC(=N)N)C(=O)O)[n+]1[c-]n2ccccc2c1,-9.2789,-8.423309563358536
CSCC[C@@H](C(=O)N[C@@H](CO)C(=O)N[C@@H](Cc1ccccc1)C(=O)O)[n+]1[c-]n2ccccc2c1,-9.9334,-8.273735769430257
CSCC[C@@H](C(=O)N[C@@H](CO)C(=O)O)[n+]1[c-]n2ccccc2c1,-6.3502,-8.055299557169889
CSCC[C@@H](C(=O)N[C@@H](CS)C(=O)N[C@@H](C)C(=O)O)[n+]1[c-]n2ccccc2c1,0.2526,-7.897655953096768
CSCC[C@@H](C(=O)N[C@@H](CS)C(=O)N[C@@H](CC(=O)O)C(=O)O)[n+]1[c-]n2ccccc2c1,-8.5727,-6.399402480693864
CSCC[C@@H](C(=O)N[C@@H](CS)C(=O)N[C@@H](CCC(N)=O)C(=O)O)[n+]1[c-]n2ccccc2c1,-10.5532,-8.579127090663683
CSCC[C@@H](C(=O)N[C@@H](CS)C(=O)N[C@@H](Cc1ccccc1)C(=O)O)[n+]1[c-]n2ccccc2c1,-12.5925,-6.710770253248831
CSCC[C@@H](C(=O)N[C@@H](Cc1c[nH]c2ccccc12)C(=O)N[C@@H](C)C(=O)O)[n+]1[c-]n2ccccc2c1,-0.6814,-8.44675676799045
CSCC[C@@H](C(=O)N[C@@H](Cc1c[nH]c2ccccc12)C(=O)N[C@@H](CC(N)=O)C(=O)O)[n+]1[c-]n2ccccc2c1,-10.3488,-10.043628158868778
CSCC[C@@H](C(=O)N[C@@H](Cc1c[nH]c2ccccc12)C(=O)N[C@@H](CCC(=O)O)C(=O)O)[n+]1[c-]n2ccccc2c1,-10.503,-9.644462729449877
CSCC[C@@H](C(=O)N[C@@H](Cc1c[nH]c2ccccc12)C(=O)N[C@H](C(=O)O)C(C)C)[n+]1[c-]n2ccccc2c1,-2.578,-6.677883117967911
CSCC[C@@H](C(=O)N[C@@H](Cc1c[nH]cn1)C(=O)N[C@@H](C)C(=O)O)[n+]1[c-]n2ccccc2c1,-6.8708,-7.34194112858939
CSCC[C@@H](C(=O)N[C@@H](Cc1c[nH]cn1)C(=O)N[C@@H](CCC(N)=O)C(=O)O)[n+]1[c-]n2ccccc2c1,-17.8861,-9.22949984483594
CSCC[C@@H](C(=O)N[C@@H](Cc1c[nH]cn1)C(=O)N[C@@H](CCCNC(=N)N)C(=O)O)[n+]1[c-]n2ccccc2c1,-14.6058,-11.197008645347207
CSCC[C@@H](C(=O)N[C@@H](Cc1c[nH]cn1)C(=O)N[C@@H](CO)C(=O)O)[n+]1[c-]n2ccccc2c1,-7.0963,-7.66485177711222
CSCC[C@@H](C(=O)N[C@@H](Cc1c[nH]cn1)C(=O)N[C@@H](Cc1c[nH]c2ccccc12)C(=O)O)[n+]1[c-]n2ccccc2c1,-16.6348,-9.958053501792623
CSCC[C@@H](C(=O)N[C@@H](Cc1ccc(O)cc1)C(=O)N[C@@H](C)C(=O)O)[n+]1[c-]n2ccccc2c1,-6.0432,-5.1136047410054415
CSCC[C@@H](C(=O)N[C@@H](Cc1ccc(O)cc1)C(=O)N[C@@H](CC(C)C)C(=O)O)[n+]1[c-]n2ccccc2c1,-1.8311,-5.799788981536465
CSCC[C@@H](C(=O)N[C@@H](Cc1ccc(O)cc1)C(=O)N[C@H](C(=O)O)C(C)C)[n+]1[c-]n2ccccc2c1,-1.2904,-6.210845035752948
CSCC[C@@H](C(=O)N[C@@H](Cc1ccc(O)cc1)C(=O)O)[n+]1[c-]n2ccccc2c1,-7.0411,-8.070103309072097
CSCC[C@@H](C(=O)N[C@@H](Cc1ccccc1)C(=O)N[C@@H](CCC(=O)O)C(=O)O)[n+]1[c-]n2ccccc2c1,-6.1546,-8.120794799787127
CSCC[C@@H](C(=O)N[C@@H](Cc1ccccc1)C(=O)N[C@@H](CCCNC(=N)N)C(=O)O)[n+]1[c-]n2ccccc2c1,-12.1939,-9.265442830648526
CSCC[C@@H](C(=O)N[C@@H](Cc1ccccc1)C(=O)N[C@@H](Cc1ccc(O)cc1)C(=O)O)[n+]1[c-]n2ccccc2c1,-10.4904,-6.137822472249544
CSCC[C@@H](C(=O)N[C@H](C(=O)N[C@@H](CCC(=O)O)C(=O)O)[C@@H](C)O)[n+]1[c-]n2ccccc2c1,-6.7791,-9.432615703647862
CSCC[C@@H](C(=O)N[C@H](C(=O)N[C@@H](CO)C(=O)O)C(C)C)[n+]1[c-]n2ccccc2c1,-0.2941,-4.890590964168505
CSCC[C@@H](C(=O)N[C@H](C(=O)N[C@@H](CS)C(=O)O)C(C)C)[n+]1[c-]n2ccccc2c1,-3.2199,-6.2499654098716135
CSCC[C@@H](C(=O)N[C@H](C(=O)N[C@@H](Cc1ccccc1)C(=O)O)C(C)C)[n+]1[c-]n2ccccc2c1,-7.7666,-6.525961469927134
CSCC[C@@H](C(=O)N[C@H](C(=O)O)[C@@H](C)O)[n+]1[c-]n2ccccc2c1,-2.1872,-7.966168748898213
CSCC[C@H](NC(=O)CNC(=O)[C@H](C(C)C)[n+]1[c-]n2ccccc2c1)C(=O)O,-9.6437,-8.194382153604627
CSCC[C@H](NC(=O)CNC(=O)[C@H](CC(N)=O)[n+]1[c-]n2ccccc2c1)C(=O)O,-6.1593,-7.772613920491404
CSCC[C@H](NC(=O)CNC(=O)[C@H](Cc1c[nH]cn1)[n+]1[c-]n2ccccc2c1)C(=O)O,-8.7738,-7.081208186742444
CSCC[C@H](NC(=O)C[n+]1[c-]n2ccccc2c1)C(=O)N[C@@H](CCCNC(=N)N)C(=O)O,-18.8578,-9.20285166244026
CSCC[C@H](NC(=O)C[n+]1[c-]n2ccccc2c1)C(=O)N[C@@H](Cc1c[nH]cn1)C(=O)O,-10.651,-8.763247248213641
CSCC[C@H](NC(=O)[C@@H](NC(=O)C[n+]1[c-]n2ccccc2c1)C(C)C)C(=O)O,-10.9365,-8.718568246481606
CSCC[C@H](NC(=O)[C@@H](NC(=O)C[n+]1[c-]n2ccccc2c1)[C@@H](C)O)C(=O)O,-13.1491,-8.618331500325361
CSCC[C@H](NC(=O)[C@@H](NC(=O)[C@H](C)[n+]1[c-]n2ccccc2c1)[C@@H](C)O)C(=O)O,-5.3705,-7.599851637942076
CSCC[C@H](NC(=O)[C@@H](NC(=O)[C@H](Cc1c[nH]c2ccccc12)[n+]1[c-]n2ccccc2c1)C(C)C)C(=O)O,1.8072,-5.1930668574691925
CSCC[C@H](NC(=O)[C@@H](NC(=O)[C@H](Cc1c[nH]cn1)[n+]1[c-]n2ccccc2c1)[C@@H](C)O)C(=O)O,-0.0835,-7.757281992255554
CSCC[C@H](NC(=O)[C@@H](NC(=O)[C@H](Cc1ccccc1)[n+]1[c-]n2ccccc2c1)[C@@H](C)O)C(=O)O,-1.5745,-7.512154322674242
CSCC[C@H](NC(=O)[C@@H]1CCCN1C(=O)C[n+]1[c-]n2ccccc2c1)C(=O)O,-15.4308,-7.676866619950687
CSCC[C@H](NC(=O)[C@H](C(C)C)[n+]1[c-]n2ccccc2c1)C(=O)N[C@@H](C)C(=O)O,-3.6403,-6.694310739235288
CSCC[C@H](NC(=O)[C@H](C(C)C)[n+]1[c-]n2ccccc2c1)C(=O)N[C@@H](CC(=O)O)C(=O)O,-4.3691,-6.157744187230159
CSCC[C@H](NC(=O)[C@H](C(C)C)[n+]1[c-]n2ccccc2c1)C(=O)N[C@@H](CCC(=O)O)C(=O)O,-9.1054,-7.2778032221464946
CSCC[C@H](NC(=O)[C@H](C(C)C)[n+]1[c-]n2ccccc2c1)C(=O)N[C@@H](CO)C(=O)O,-9.7489,-6.8808882581422255
CSCC[C@H](NC(=O)[C@H](C(C)C)[n+]1[c-]n2ccccc2c1)C(=O)N[C@@H](Cc1c[nH]c2ccccc12)C(=O)O,-13.3042,-6.489592726187636
CSCC[C@H](NC(=O)[C@H](C)NC(=O)[C@H](C(C)C)[n+]1[c-]n2ccccc2c1)C(=O)O,-2.5082,-7.278304043650355
CSCC[C@H](NC(=O)[C@H](C)NC(=O)[C@H](CC(N)=O)[n+]1[c-]n2ccccc2c1)C(=O)O,-4.4095,-7.356608760110719
CSCC[C@H](NC(=O)[C@H](C)NC(=O)[C@H](Cc1ccccc1)[n+]1[c-]n2ccccc2c1)C(=O)O,-2.7776,-6.748616105292931
CSCC[C@H](NC(=O)[C@H](C)NC(=O)[C@H]([C@@H](C)O)[n+]1[c-]n2ccccc2c1)C(=O)O,-5.6929,-7.664520870259843
CSCC[C@H](NC(=O)[C@H](C)[n+]1[c-]n2ccccc2c1)C(=O)N1CCC[C@H]1C(=O)O,-6.7207,-7.080466361282625
CSCC[C@H](NC(=O)[C@H](C)[n+]1[c-]n2ccccc2c1)C(=O)N[C@@H](CC(C)C)C(=O)O,-5.4669,-7.069908988893295
CSCC[C@H](NC(=O)[C@H](C)[n+]1[c-]n2ccccc2c1)C(=O)N[C@@H](CCC(=O)O)C(=O)O,-15.0433,-7.462364890379696
CSCC[C@H](NC(=O)[C@H](C)[n+]1[c-]n2ccccc2c1)C(=O)N[C@@H](CCCNC(=N)N)C(=O)O,-11.2039,-7.6922361357007825
CSCC[C@H](NC(=O)[C@H](C)[n+]1[c-]n2ccccc2c1)C(=O)N[C@@H](CS)C(=O)O,-4.7649,-8.208812970469223
CSCC[C@H](NC(=O)[C@H](C)[n+]1[c-]n2ccccc2c1)C(=O)N[C@H](C(=O)O)C(C)C,-5.6043,-6.822716665001169
CSCC[C@H](NC(=O)[C@H](CC(=O)O)NC(=O)[C@H](CO)[n+]1[c-]n2ccccc2c1)C(=O)O,-9.019,-8.426513867102733
CSCC[C@H](NC(=O)[C@H](CC(=O)O)[n+]1[c-]n2ccccc2c1)C(=O)N1CCC[C@H]1C(=O)O,-11.4914,-8.629006778679237
CSCC[C@H](NC(=O)[C@H](CC(=O)O)[n+]1[c-]n2ccccc2c1)C(=O)N[C@@H](C)C(=O)O,-11.7805,-6.24284161707975
CSCC[C@H](NC(=O)[C@H](CC(C)C)NC(=O)[C@H](CC(N)=O)[n+]1[c-]n2ccccc2c1)C(=O)O,-4.0311,-5.868098118563465
CSCC[C@H](NC(=O)[C@H](CC(C)C)NC(=O)[C@H](Cc1ccccc1)[n+]1[c-]n2ccccc2c1)C(=O)O,-4.3217,-6.673273671618158
CSCC[C@H](NC(=O)[C@H](CC(C)C)[n+]1[c-]n2ccccc2c1)C(=O)N[C@@H](CC(=O)O)C(=O)O,-2.3308,-6.272064039274327
CSCC[C@H](NC(=O)[C@H](CC(C)C)[n+]1[c-]n2ccccc2c1)C(=O)N[C@@H](Cc1c[nH]c2ccccc12)C(=O)O,-2.8923,-6.732146870682099
CSCC[C@H](NC(=O)[C@H](CC(N)=O)NC(=O)[C@H](C(C)C)[n+]1[c-]n2ccccc2c1)C(=O)O,-4.1748,-6.814359864251278
CSCC[C@H](NC(=O)[C@H](CC(N)=O)NC(=O)[C@H](CCCNC(=N)N)[n+]1[c-]n2ccccc2c1)C(=O)O,-6.9647,-10.698820427261943
CSCC[C@H](NC(=O)[C@H](CC(N)=O)NC(=O)[C@H](CO)[n+]1[c-]n2ccccc2c1)C(=O)O,3.1284,-9.130512840898575
CSCC[C@H](NC(=O)[C@H](CC(N)=O)NC(=O)[C@H](Cc1ccc(O)cc1)[n+]1[c-]n2ccccc2c1)C(=O)O,-10.8392,-7.44769918015723
CSCC[C@H](NC(=O)[C@H](CC(N)=O)[n+]1[c-]n2ccccc2c1)C(=O)N[C@@H](C)C(=O)O,-11.343,-7.159235600401501
CSCC[C@H](NC(=O)[C@H](CC(N)=O)[n+]1[c-]n2ccccc2c1)C(=O)N[C@@H](CCCNC(=N)N)C(=O)O,-10.249,-10.042103045270398
CSCC[C@H](NC(=O)[C@H](CC(N)=O)[n+]1[c-]n2ccccc2c1)C(=O)N[C@@H](Cc1c[nH]c2ccccc12)C(=O)O,-10.3334,-10.242687991256945
CSCC[C@H](NC(=O)[C@H](CC(N)=O)[n+]1[c-]n2ccccc2c1)C(=O)N[C@@H](Cc1ccc(O)cc1)C(=O)O,-5.108,-8.96139774184833
CSCC[C@H](NC(=O)[C@H](CC(N)=O)[n+]1[c-]n2ccccc2c1)C(=O)N[C@H](C(=O)O)C(C)C,-2.6186,-5.372987469080198
CSCC[C@H](NC(=O)[C@H](CCC(=O)O)NC(=O)[C@H](C)[n+]1[c-]n2ccccc2c1)C(=O)O,-10.2216,-6.5451115534799476
CSCC[C@H](NC(=O)[C@H](CCC(=O)O)NC(=O)[C@H](CC(=O)O)[n+]1[c-]n2ccccc2c1)C(=O)O,-11.9967,-7.55588731400419
CSCC[C@H](NC(=O)[C@H](CCC(=O)O)NC(=O)[C@H](CC(C)C)[n+]1[c-]n2ccccc2c1)C(=O)O,-9.7068,-5.756595539182509
CSCC[C@H](NC(=O)[C@H](CCC(=O)O)NC(=O)[C@H](CS)[n+]1[c-]n2ccccc2c1)C(=O)O,-11.3091,-8.411187699363769
CSCC[C@H](NC(=O)[C@H](CCC(=O)O)NC(=O)[C@H](Cc1c[nH]cn1)[n+]1[c-]n2ccccc2c1)C(=O)O,-7.2778,-8.114901478870816
CSCC[C@H](NC(=O)[C@H](CCC(=O)O)NC(=O)[C@H]([C@@H](C)O)[n+]1[c-]n2ccccc2c1)C(=O)O,-11.8553,-8.475091122755423
CSCC[C@H](NC(=O)[C@H](CCC(=O)O)[n+]1[c-]n2ccccc2c1)C(=O)N[C@@H](CC(N)=O)C(=O)O,-11.7565,-9.033629818282403
CSCC[C@H](NC(=O)[C@H](CCC(=O)O)[n+]1[c-]n2ccccc2c1)C(=O)N[C@@H](CCCNC(=N)N)C(=O)O,-16.3967,-8.146552761378521
CSCC[C@H](NC(=O)[C@H](CCC(=O)O)[n+]1[c-]n2ccccc2c1)C(=O)N[C@@H](Cc1ccc(O)cc1)C(=O)O,-12.2838,-9.674375410369356
CSCC[C@H](NC(=O)[C@H](CCC(=O)O)[n+]1[c-]n2ccccc2c1)C(=O)N[C@@H](Cc1ccccc1)C(=O)O,-3.0708,-8.682670789989253
CSCC[C@H](NC(=O)[C@H](CCC(=O)O)[n+]1[c-]n2ccccc2c1)C(=O)O,-3.7126,-8.293226915182588
CSCC[C@H](NC(=O)[C@H](CCC(N)=O)NC(=O)[C@H](C(C)C)[n+]1[c-]n2ccccc2c1)C(=O)O,-14.4272,-8.529005176348104
CSCC[C@H](NC(=O)[C@H](CCC(N)=O)NC(=O)[C@H](CCC(=O)O)[n+]1[c-]n2ccccc2c1)C(=O)O,-10.9537,-8.20430746681787
CSCC[C@H](NC(=O)[C@H](CCC(N)=O)NC(=O)[C@H]([C@@H](C)O)[n+]1[c-]n2ccccc2c1)C(=O)O,-16.7629,-10.631182171659251
CSCC[C@H](NC(=O)[C@H](CCC(N)=O)[n+]1[c-]n2ccccc2c1)C(=O)NCC(=O)O,-8.76,-7.4508584655203025
CSCC[C@H](NC(=O)[C@H](CCCNC(=N)N)NC(=O)[C@H](CC(C)C)[n+]1[c-]n2ccccc2c1)C(=O)O,-9.1923,-3.6691353720891406
CSCC[C@H](NC(=O)[C@H](CCCNC(=N)N)NC(=O)[C@H](CC(N)=O)[n+]1[c-]n2ccccc2c1)C(=O)O,-12.0228,-9.57728178684444
CSCC[C@H](NC(=O)[C@H](CCCNC(=N)N)NC(=O)[C@H](CCC(N)=O)[n+]1[c-]n2ccccc2c1)C(=O)O,-6.0674,-11.502718280176861
CSCC[C@H](NC(=O)[C@H](CCCNC(=N)N)NC(=O)[C@H](CCCNC(=N)N)[n+]1[c-]n2ccccc2c1)C(=O)O,-9.3331,-8.39692866966489
CSCC[C@H](NC(=O)[C@H](CCCNC(=N)N)NC(=O)[C@H](CCSC)[n+]1[c-]n2ccccc2c1)C(=O)O,-7.1832,-8.14901780030972
CSCC[C@H](NC(=O)[C@H](CCCNC(=N)N)[n+]1[c-]n2ccccc2c1)C(=O)N[C@@H](CC(N)=O)C(=O)O,-11.2209,-10.433825305677491
CSCC[C@H](NC(=O)[C@H](CCCNC(=N)N)[n+]1[c-]n2ccccc2c1)C(=O)N[C@@H](CCC(=O)O)C(=O)O,-7.5605,-8.420703699604537
CSCC[C@H](NC(=O)[C@H](CCCNC(=N)N)[n+]1[c-]n2ccccc2c1)C(=O)N[C@@H](CO)C(=O)O,-5.8444,-8.400774332263207
CSCC[C@H](NC(=O)[C@H](CCCNC(=N)N)[n+]1[c-]n2ccccc2c1)C(=O)N[C@H](C(=O)O)[C@@H](C)O,-13.8683,-9.71398054886279
CSCC[C@H](NC(=O)[C@H](CCCNC(=N)N)[n+]1[c-]n2ccccc2c1)C(=O)O,-4.3547,-8.679581702715089
CSCC[C@H](NC(=O)[C@H](CCSC)NC(=O)[C@H](C)[n+]1[c-]n2ccccc2c1)C(=O)O,-5.556,-6.944886727679559
CSCC[C@H](NC(=O)[C@H](CCSC)NC(=O)[C@H](CC(C)C)[n+]1[c-]n2ccccc2c1)C(=O)O,-1.9595,-5.908635088730712
CSCC[C@H](NC(=O)[C@H](CCSC)NC(=O)[C@H](CCC(N)=O)[n+]1[c-]n2ccccc2c1)C(=O)O,-5.476,-7.688273460452326
CSCC[C@H](NC(=O)[C@H](CCSC)NC(=O)[C@H](Cc1ccccc1)[n+]1[c-]n2ccccc2c1)C(=O)O,-2.4935,-5.54718412782616
CSCC[C@H](NC(=O)[C@H](CCSC)[n+]1[c-]n2ccccc2c1)C(=O)N[C@@H](Cc1c[nH]cn1)C(=O)O,-3.6968,-8.051841026905437
CSCC[C@H](NC(=O)[C@H](CO)NC(=O)C[n+]1[c-]n2ccccc2c1)C(=O)O,-4.1949,-8.400450311293184
CSCC[C@H](NC(=O)[C@H](CO)NC(=O)[C@H](CC(N)=O)[n+]1[c-]n2ccccc2c1)C(=O)O,-12.0698,-7.440498920185355
CSCC[C@H](NC(=O)[C@H](CO)NC(=O)[C@H](Cc1c[nH]c2ccccc12)[n+]1[c-]n2ccccc2c1)C(=O)O,-2.2123,-7.228693714217986
CSCC[C@H](NC(=O)[C@H](CO)NC(=O)[C@H]([C@@H](C)O)[n+]1[c-]n2ccccc2c1)C(=O)O,-3.6547,-8.801906091541465
CSCC[C@H](NC(=O)[C@H](CO)[n+]1[c-]n2ccccc2c1)C(=O)N[C@@H](C)C(=O)O,-8.3686,-8.103553468569334
CSCC[C@H](NC(=O)[C@H](CO)[n+]1[c-]n2ccccc2c1)C(=O)N[C@@H](CC(=O)O)C(=O)O,-8.6463,-7.292869969653573
CSCC[C@H](NC(=O)[C@H](CO)[n+]1[c-]n2ccccc2c1)C(=O)N[C@@H](CC(C)C)C(=O)O,-11.4903,-7.072968011412362
CSCC[C@H](NC(=O)[C@H](CO)[n+]1[c-]n2ccccc2c1)C(=O)N[C@@H](CS)C(=O)O,-4.7851,-8.674364375528992
CSCC[C@H](NC(=O)[C@H](CO)[n+]1[c-]n2ccccc2c1)C(=O)N[C@@H](Cc1c[nH]c2ccccc12)C(=O)O,-11.6812,-8.295399247997585
CSCC[C@H](NC(=O)[C@H](CO)[n+]1[c-]n2ccccc2c1)C(=O)N[C@H](C(=O)O)[C@@H](C)O,-9.4967,-8.956462461335976
CSCC[C@H](NC(=O)[C@H](CS)NC(=O)[C@H](CC(=O)O)[n+]1[c-]n2ccccc2c1)C(=O)O,-9.2489,-9.248913611421678
CSCC[C@H](NC(=O)[C@H](CS)NC(=O)[C@H](CC(C)C)[n+]1[c-]n2ccccc2c1)C(=O)O,-9.8159,-7.632048693731494
CSCC[C@H](NC(=O)[C@H](CS)NC(=O)[C@H](CC(N)=O)[n+]1[c-]n2ccccc2c1)C(=O)O,-10.3223,-9.13165689126564
CSCC[C@H](NC(=O)[C@H](CS)NC(=O)[C@H](CCC(=O)O)[n+]1[c-]n2ccccc2c1)C(=O)O,1.3357,-8.527297012020826
CSCC[C@H](NC(=O)[C@H](CS)NC(=O)[C@H](CS)[n+]1[c-]n2ccccc2c1)C(=O)O,-4.5597,-7.30097194443416
CSCC[C@H](NC(=O)[C@H](CS)NC(=O)[C@H](Cc1c[nH]c2ccccc12)[n+]1[c-]n2ccccc2c1)C(=O)O,-7.743,-10.279748590286003
CSCC[C@H](NC(=O)[C@H](CS)NC(=O)[C@H](Cc1c[nH]cn1)[n+]1[c-]n2ccccc2c1)C(=O)O,-18.4761,-8.668440384522203
CSCC[C@H](NC(=O)[C@H](CS)[n+]1[c-]n2ccccc2c1)C(=O)N[C@@H](C)C(=O)O,-1.0658,-8.25934902929694
CSCC[C@H](NC(=O)[C@H](CS)[n+]1[c-]n2ccccc2c1)C(=O)N[C@@H](CC(C)C)C(=O)O,-2.8165,-5.374898798043944
CSCC[C@H](NC(=O)[C@H](CS)[n+]1[c-]n2ccccc2c1)C(=O)N[C@@H](CCC(=O)O)C(=O)O,-16.8592,-8.280436334350199
CSCC[C@H](NC(=O)[C@H](CS)[n+]1[c-]n2ccccc2c1)C(=O)N[C@@H](CO)C(=O)O,-9.7839,-8.678152701050648
CSCC[C@H](NC(=O)[C@H](CS)[n+]1[c-]n2ccccc2c1)C(=O)N[C@@H](Cc1c[nH]cn1)C(=O)O,-8.3176,-8.643656421893136
CSCC[C@H](NC(=O)[C@H](Cc1c[nH]c2ccccc12)NC(=O)[C@H](CCC(N)=O)[n+]1[c-]n2ccccc2c1)C(=O)O,-6.2686,-10.471849825033134
CSCC[C@H](NC(=O)[C@H](Cc1c[nH]c2ccccc12)NC(=O)[C@H](CCCNC(=N)N)[n+]1[c-]n2ccccc2c1)C(=O)O,23.2875,-10.400644865078569
CSCC[C@H](NC(=O)[C@H](Cc1c[nH]c2ccccc12)NC(=O)[C@H](CCSC)[n+]1[c-]n2ccccc2c1)C(=O)O,-6.5793,-9.267266525012545
CSCC[C@H](NC(=O)[C@H](Cc1c[nH]c2ccccc12)NC(=O)[C@H](Cc1ccc(O)cc1)[n+]1[c-]n2ccccc2c1)C(=O)O,-8.2309,-9.027009253016072
CSCC[C@H](NC(=O)[C@H](Cc1c[nH]c2ccccc12)NC(=O)[C@H](Cc1ccccc1)[n+]1[c-]n2ccccc2c1)C(=O)O,-10.3114,-8.502484241654107
CSCC[C@H](NC(=O)[C@H](Cc1c[nH]c2ccccc12)[n+]1[c-]n2ccccc2c1)C(=O)N[C@@H](CC(N)=O)C(=O)O,-9.7365,-9.468962570274819
CSCC[C@H](NC(=O)[C@H](Cc1c[nH]c2ccccc12)[n+]1[c-]n2ccccc2c1)C(=O)N[C@@H](CCCNC(=N)N)C(=O)O,-7.1094,-10.363687806933772
CSCC[C@H](NC(=O)[C@H](Cc1c[nH]c2ccccc12)[n+]1[c-]n2ccccc2c1)C(=O)O,-5.3731,-8.307662227995856
CSCC[C@H](NC(=O)[C@H](Cc1c[nH]cn1)NC(=O)[C@H](CC(C)C)[n+]1[c-]n2ccccc2c1)C(=O)O,-12.2931,-6.478074433687587
CSCC[C@H](NC(=O)[C@H](Cc1c[nH]cn1)NC(=O)[C@H](CCSC)[n+]1[c-]n2ccccc2c1)C(=O)O,-5.7669,-7.426634429972883
CSCC[C@H](NC(=O)[C@H](Cc1c[nH]cn1)NC(=O)[C@H](Cc1ccccc1)[n+]1[c-]n2ccccc2c1)C(=O)O,-12.0763,-7.581576568463747
CSCC[C@H](NC(=O)[C@H](Cc1c[nH]cn1)[n+]1[c-]n2ccccc2c1)C(=O)N[C@@H](CO)C(=O)O,-4.2472,-6.903721161832499
CSCC[C@H](NC(=O)[C@H](Cc1c[nH]cn1)[n+]1[c-]n2ccccc2c1)C(=O)N[C@@H](CS)C(=O)O,-11.5691,-8.691381983342184
CSCC[C@H](NC(=O)[C@H](Cc1ccc(O)cc1)NC(=O)[C@H](C(C)C)[n+]1[c-]n2ccccc2c1)C(=O)O,-3.6989,-4.75520894956413
CSCC[C@H](NC(=O)[C@H](Cc1ccc(O)cc1)NC(=O)[C@H](CC(=O)O)[n+]1[c-]n2ccccc2c1)C(=O)O,-6.4949,-7.782139605518828
CSCC[C@H](NC(=O)[C@H](Cc1ccc(O)cc1)NC(=O)[C@H](CC(C)C)[n+]1[c-]n2ccccc2c1)C(=O)O,-4.9243,-3.902709582762543
CSCC[C@H](NC(=O)[C@H](Cc1ccc(O)cc1)NC(=O)[C@H](CCC(=O)O)[n+]1[c-]n2ccccc2c1)C(=O)O,-5.4048,-8.460384878509231
CSCC[C@H](NC(=O)[C@H](Cc1ccc(O)cc1)NC(=O)[C@H](CCC(N)=O)[n+]1[c-]n2ccccc2c1)C(=O)O,-6.8546,-7.767573886514385
CSCC[C@H](NC(=O)[C@H](Cc1ccc(O)cc1)NC(=O)[C@H](Cc1c[nH]c2ccccc12)[n+]1[c-]n2ccccc2c1)C(=O)O,-8.146,-9.023919683120026
CSCC[C@H](NC(=O)[C@H](Cc1ccc(O)cc1)[n+]1[c-]n2ccccc2c1)C(=O)N[C@@H](CC(C)C)C(=O)O,-4.1972,-4.305434716047794
CSCC[C@H](NC(=O)[C@H](Cc1ccc(O)cc1)[n+]1[c-]n2ccccc2c1)C(=O)N[C@@H](CO)C(=O)O,-13.7074,-7.3327675132660275
CSCC[C@H](NC(=O)[C@H](Cc1ccc(O)cc1)[n+]1[c-]n2ccccc2c1)C(=O)N[C@@H](CS)C(=O)O,0.2975,-7.925360356872973
CSCC[C@H](NC(=O)[C@H](Cc1ccc(O)cc1)[n+]1[c-]n2ccccc2c1)C(=O)N[C@@H](Cc1c[nH]cn1)C(=O)O,-11.2999,-6.315817819750636
CSCC[C@H](NC(=O)[C@H](Cc1ccccc1)NC(=O)[C@H](CC(=O)O)[n+]1[c-]n2ccccc2c1)C(=O)O,-4.8161,-8.526873618882886
CSCC[C@H](NC(=O)[C@H](Cc1ccccc1)NC(=O)[C@H](CO)[n+]1[c-]n2ccccc2c1)C(=O)O,-7.0514,-8.603667964262636
CSCC[C@H](NC(=O)[C@H](Cc1ccccc1)NC(=O)[C@H](Cc1ccc(O)cc1)[n+]1[c-]n2ccccc2c1)C(=O)O,-6.4259,-7.79210032231014
CSCC[C@H](NC(=O)[C@H](Cc1ccccc1)[n+]1[c-]n2ccccc2c1)C(=O)N1CCC[C@H]1C(=O)O,-11.137,-9.058763529567766
CSCC[C@H](NC(=O)[C@H](Cc1ccccc1)[n+]1[c-]n2ccccc2c1)C(=O)NCC(=O)O,-5.8015,-8.276597857649055
CSCC[C@H](NC(=O)[C@H](Cc1ccccc1)[n+]1[c-]n2ccccc2c1)C(=O)N[C@@H](CCC(N)=O)C(=O)O,-13.4393,-10.33234682672502
CSCC[C@H](NC(=O)[C@H](Cc1ccccc1)[n+]1[c-]n2ccccc2c1)C(=O)N[C@@H](CS)C(=O)O,-9.8519,-7.9440754328612275
CSCC[C@H](NC(=O)[C@H](Cc1ccccc1)[n+]1[c-]n2ccccc2c1)C(=O)N[C@@H](Cc1c[nH]c2ccccc12)C(=O)O,-15.1388,-7.958496417909595
CSCC[C@H](NC(=O)[C@H](Cc1ccccc1)[n+]1[c-]n2ccccc2c1)C(=O)N[C@@H](Cc1ccccc1)C(=O)O,-11.4891,-7.213720109037796
CSCC[C@H](NC(=O)[C@H]([C@@H](C)O)[n+]1[c-]n2ccccc2c1)C(=O)NCC(=O)O,-2.8469,-7.745615019536959
CSCC[C@H](NC(=O)[C@H]([C@@H](C)O)[n+]1[c-]n2ccccc2c1)C(=O)N[C@@H](CC(=O)O)C(=O)O,-14.5868,-8.121066772874498
CSCC[C@H](NC(=O)[C@H]([C@@H](C)O)[n+]1[c-]n2ccccc2c1)C(=O)N[C@@H](CC(C)C)C(=O)O,-6.1914,-6.202024552847799
CSCC[C@H](NC(=O)[C@H]([C@@H](C)O)[n+]1[c-]n2ccccc2c1)C(=O)N[C@@H](CC(N)=O)C(=O)O,-13.4904,-10.824987740547378
CSCC[C@H](NC(=O)[C@H]([C@@H](C)O)[n+]1[c-]n2ccccc2c1)C(=O)N[C@@H](CCC(=O)O)C(=O)O,-17.3647,-8.776474468720771
CSCC[C@H](NC(=O)[C@H]([C@@H](C)O)[n+]1[c-]n2ccccc2c1)C(=O)N[C@H](C(=O)O)[C@@H](C)O,-15.4237,-7.893691833179062
C[C@@H](C(=O)N1CCC[C@H]1C(=O)N[C@@H](CCCNC(=N)N)C(=O)O)[n+]1[c-]n2ccccc2c1,-9.8877,-6.540012225861146
C[C@@H](C(=O)N1CCC[C@H]1C(=O)N[C@@H](Cc1ccccc1)C(=O)O)[n+]1[c-]n2ccccc2c1,-6.8921,-8.959785285136128
C[C@@H](C(=O)NCC(=O)N1CCC[C@H]1C(=O)O)[n+]1[c-]n2ccccc2c1,-7.3902,-7.947914572317105
C[C@@H](C(=O)NCC(=O)N[C@@H](Cc1ccc(O)cc1)C(=O)O)[n+]1[c-]n2ccccc2c1,-15.6491,-7.11206068817654
C[C@@H](C(=O)N[C@@H](CC(=O)O)C(=O)N[C@@H](CC(=O)O)C(=O)O)[n+]1[c-]n2ccccc2c1,-8.7708,-7.754060855445405
C[C@@H](C(=O)N[C@@H](CC(=O)O)C(=O)N[C@@H](CC(N)=O)C(=O)O)[n+]1[c-]n2ccccc2c1,-5.5196,-12.378523590370467
C[C@@H](C(=O)N[C@@H](CC(=O)O)C(=O)N[C@@H](CCC(N)=O)C(=O)O)[n+]1[c-]n2ccccc2c1,-11.5004,-13.432562121346763
C[C@@H](C(=O)N[C@@H](CC(=O)O)C(=O)N[C@@H](CS)C(=O)O)[n+]1[c-]n2ccccc2c1,-6.7744,-7.628851189134569
C[C@@H](C(=O)N[C@@H](CC(N)=O)C(=O)N[C@@H](CC(N)=O)C(=O)O)[n+]1[c-]n2ccccc2c1,-12.9246,-9.554286236378012
C[C@@H](C(=O)N[C@@H](CC(N)=O)C(=O)N[C@@H](Cc1c[nH]c2ccccc12)C(=O)O)[n+]1[c-]n2ccccc2c1,-12.7332,-10.059310503809266
C[C@@H](C(=O)N[C@@H](CC(N)=O)C(=O)N[C@@H](Cc1ccc(O)cc1)C(=O)O)[n+]1[c-]n2ccccc2c1,-9.3323,-10.738653550152458
C[C@@H](C(=O)N[C@@H](CCC(=O)O)C(=O)N[C@@H](CO)C(=O)O)[n+]1[c-]n2ccccc2c1,-15.0741,-9.46796938085138
C[C@@H](C(=O)N[C@@H](CCC(=O)O)C(=O)N[C@@H](Cc1ccc(O)cc1)C(=O)O)[n+]1[c-]n2ccccc2c1,-11.0815,-9.12689991212693
C[C@@H](C(=O)N[C@@H](CCC(=O)O)C(=O)O)[n+]1[c-]n2ccccc2c1,-11.3346,-9.703130944866672
C[C@@H](C(=O)N[C@@H](CCC(N)=O)C(=O)N[C@@H](CO)C(=O)O)[n+]1[c-]n2ccccc2c1,-12.5331,-11.080777757145004
C[C@@H](C(=O)N[C@@H](CCC(N)=O)C(=O)N[C@@H](Cc1c[nH]cn1)C(=O)O)[n+]1[c-]n2ccccc2c1,-11.9543,-13.116113141000323
C[C@@H](C(=O)N[C@@H](CO)C(=O)N[C@@H](Cc1ccccc1)C(=O)O)[n+]1[c-]n2ccccc2c1,-7.6309,-7.7399969460703515
C[C@@H](C(=O)N[C@@H](CO)C(=O)O)[n+]1[c-]n2ccccc2c1,-1.3461,-8.1664584490183
C[C@@H](C(=O)N[C@@H](CS)C(=O)NCC(=O)O)[n+]1[c-]n2ccccc2c1,-4.9424,-7.822890163505856
C[C@@H](C(=O)N[C@@H](CS)C(=O)N[C@@H](CCC(=O)O)C(=O)O)[n+]1[c-]n2ccccc2c1,-10.1273,-8.624480699879623
C[C@@H](C(=O)N[C@@H](CS)C(=O)N[C@@H](CO)C(=O)O)[n+]1[c-]n2ccccc2c1,-7.1076,-6.900290001140254
C[C@@H](C(=O)N[C@@H](CS)C(=O)N[C@@H](Cc1ccccc1)C(=O)O)[n+]1[c-]n2ccccc2c1,-8.0721,-9.292320485968203
C[C@@H](C(=O)N[C@@H](Cc1c[nH]c2ccccc12)C(=O)NCC(=O)O)[n+]1[c-]n2ccccc2c1,-10.1333,-9.753610733343375
C[C@@H](C(=O)N[C@@H](Cc1c[nH]c2ccccc12)C(=O)N[C@@H](CCC(N)=O)C(=O)O)[n+]1[c-]n2ccccc2c1,-13.2391,-10.369094641924232
C[C@@H](C(=O)N[C@@H](Cc1c[nH]c2ccccc12)C(=O)N[C@@H](CCCNC(=N)N)C(=O)O)[n+]1[c-]n2ccccc2c1,-11.5632,-8.42834559667182
C[C@@H](C(=O)N[C@@H](Cc1c[nH]cn1)C(=O)N[C@@H](CC(=O)O)C(=O)O)[n+]1[c-]n2ccccc2c1,-14.9004,-9.823300272382165
C[C@@H](C(=O)N[C@@H](Cc1c[nH]cn1)C(=O)N[C@@H](CC(N)=O)C(=O)O)[n+]1[c-]n2ccccc2c1,-13.4051,-10.16816966334445
C[C@@H](C(=O)N[C@@H](Cc1c[nH]cn1)C(=O)N[C@@H](Cc1ccccc1)C(=O)O)[n+]1[c-]n2ccccc2c1,-11.5384,-8.252378423058568
C[C@@H](C(=O)N[C@@H](Cc1ccc(O)cc1)C(=O)N[C@@H](CS)C(=O)O)[n+]1[c-]n2ccccc2c1,-5.276,-8.191258442553336
C[C@@H](C(=O)N[C@@H](Cc1ccccc1)C(=O)O)[n+]1[c-]n2ccccc2c1,-7.6793,-8.409792285927663
C[C@@H](O)[C@@H](C(=O)N1CCC[C@H]1C(=O)N[C@@H](CC(=O)O)C(=O)O)[n+]1[c-]n2ccccc2c1,-5.2608,-8.55632276820355
C[C@@H](O)[C@@H](C(=O)N1CCC[C@H]1C(=O)N[C@@H](Cc1ccc(O)cc1)C(=O)O)[n+]1[c-]n2ccccc2c1,-8.223,-9.453501644097038
C[C@@H](O)[C@@H](C(=O)N1CCC[C@H]1C(=O)O)[n+]1[c-]n2ccccc2c1,-6.769,-8.414194187180584
C[C@@H](O)[C@@H](C(=O)NCC(=O)NCC(=O)O)[n+]1[c-]n2ccccc2c1,-9.9397,-8.543470986266183
C[C@@H](O)[C@@H](C(=O)NCC(=O)N[C@@H](Cc1c[nH]c2ccccc12)C(=O)O)[n+]1[c-]n2ccccc2c1,-8.7387,-8.847018139115784
C[C@@H](O)[C@@H](C(=O)N[C@@H](CC(=O)O)C(=O)N[C@@H](CCC(=O)O)C(=O)O)[n+]1[c-]n2ccccc2c1,1.8187,-8.9134253074372
C[C@@H](O)[C@@H](C(=O)N[C@@H](CC(=O)O)C(=O)N[C@@H](Cc1ccc(O)cc1)C(=O)O)[n+]1[c-]n2ccccc2c1,-15.0158,-11.725677844216309
C[C@@H](O)[C@@H](C(=O)N[C@@H](CC(N)=O)C(=O)N[C@@H](Cc1c[nH]cn1)C(=O)O)[n+]1[c-]n2ccccc2c1,-11.7578,-9.971273107476245
C[C@@H](O)[C@@H](C(=O)N[C@@H](CC(N)=O)C(=O)N[C@@H](Cc1ccc(O)cc1)C(=O)O)[n+]1[c-]n2ccccc2c1,-11.8917,-9.706847951611625
C[C@@H](O)[C@@H](C(=O)N[C@@H](CC(N)=O)C(=O)N[C@@H](Cc1ccccc1)C(=O)O)[n+]1[c-]n2ccccc2c1,-7.1277,-8.68890006237571
C[C@@H](O)[C@@H](C(=O)N[C@@H](CCC(=O)O)C(=O)N[C@@H](Cc1c[nH]cn1)C(=O)O)[n+]1[c-]n2ccccc2c1,-11.5673,-10.074974842608379
C[C@@H](O)[C@@H](C(=O)N[C@@H](CCC(=O)O)C(=O)N[C@@H](Cc1ccc(O)cc1)C(=O)O)[n+]1[c-]n2ccccc2c1,-13.8587,-10.323679643946155
C[C@@H](O)[C@@H](C(=O)N[C@@H](CCC(N)=O)C(=O)NCC(=O)O)[n+]1[c-]n2ccccc2c1,-8.5779,-10.63542421459602
C[C@@H](O)[C@@H](C(=O)N[C@@H](CCC(N)=O)C(=O)N[C@@H](Cc1c[nH]c2ccccc12)C(=O)O)[n+]1[c-]n2ccccc2c1,-12.0167,-11.574552731667374
C[C@@H](O)[C@@H](C(=O)N[C@@H](CCC(N)=O)C(=O)N[C@@H](Cc1ccccc1)C(=O)O)[n+]1[c-]n2ccccc2c1,-12.4973,-10.962028114321301
C[C@@H](O)[C@@H](C(=O)N[C@@H](CCCNC(=N)N)C(=O)N1CCC[C@H]1C(=O)O)[n+]1[c-]n2ccccc2c1,1.3026,-7.472818170880728
C[C@@H](O)[C@@H](C(=O)N[C@@H](CCCNC(=N)N)C(=O)NCC(=O)O)[n+]1[c-]n2ccccc2c1,-4.4273,-9.482993100205224
C[C@@H](O)[C@@H](C(=O)N[C@@H](CCCNC(=N)N)C(=O)N[C@@H](CC(=O)O)C(=O)O)[n+]1[c-]n2ccccc2c1,-1.7747,-7.06920725218978
C[C@@H](O)[C@@H](C(=O)N[C@@H](CCCNC(=N)N)C(=O)N[C@@H](CCC(=O)O)C(=O)O)[n+]1[c-]n2ccccc2c1,-10.2611,-8.047507685290366
C[C@@H](O)[C@@H](C(=O)N[C@@H](CCCNC(=N)N)C(=O)N[C@@H](CCC(N)=O)C(=O)O)[n+]1[c-]n2ccccc2c1,-13.1174,-8.707965722061434
C[C@@H](O)[C@@H](C(=O)N[C@@H](CO)C(=O)NCC(=O)O)[n+]1[c-]n2ccccc2c1,-7.7435,-7.193725428883859
C[C@@H](O)[C@@H](C(=O)N[C@@H](CO)C(=O)N[C@@H](CCC(=O)O)C(=O)O)[n+]1[c-]n2ccccc2c1,-11.039,-9.676602549802864
C[C@@H](O)[C@@H](C(=O)N[C@@H](CS)C(=O)N[C@@H](CC(N)=O)C(=O)O)[n+]1[c-]n2ccccc2c1,-11.9744,-9.137735878118397
C[C@@H](O)[C@@H](C(=O)N[C@@H](CS)C(=O)N[C@@H](CCCNC(=N)N)C(=O)O)[n+]1[c-]n2ccccc2c1,-2.6999,-9.354903460366678
C[C@@H](O)[C@@H](C(=O)N[C@@H](CS)C(=O)N[C@@H](CO)C(=O)O)[n+]1[c-]n2ccccc2c1,-2.8041,-7.395092061708031
C[C@@H](O)[C@@H](C(=O)N[C@@H](Cc1c[nH]c2ccccc12)C(=O)N[C@@H](CCC(=O)O)C(=O)O)[n+]1[c-]n2ccccc2c1,-2.3774,-12.054289835917555
C[C@@H](O)[C@@H](C(=O)N[C@@H](Cc1c[nH]c2ccccc12)C(=O)N[C@@H](CO)C(=O)O)[n+]1[c-]n2ccccc2c1,-11.9135,-7.606381243300804
C[C@@H](O)[C@@H](C(=O)N[C@@H](Cc1c[nH]c2ccccc12)C(=O)N[C@@H](CS)C(=O)O)[n+]1[c-]n2ccccc2c1,-4.6887,-10.027481526183106
C[C@@H](O)[C@@H](C(=O)N[C@@H](Cc1c[nH]c2ccccc12)C(=O)N[C@@H](Cc1c[nH]cn1)C(=O)O)[n+]1[c-]n2ccccc2c1,-6.3909,-6.874128333283467
C[C@@H](O)[C@@H](C(=O)N[C@@H](Cc1c[nH]c2ccccc12)C(=O)N[C@@H](Cc1ccc(O)cc1)C(=O)O)[n+]1[c-]n2ccccc2c1,-15.1191,-8.910954130531193
C[C@@H](O)[C@@H](C(=O)N[C@@H](Cc1c[nH]c2ccccc12)C(=O)O)[n+]1[c-]n2ccccc2c1,-9.2533,-8.582833191004317
C[C@@H](O)[C@@H](C(=O)N[C@@H](Cc1c[nH]cn1)C(=O)N[C@@H](CC(N)=O)C(=O)O)[n+]1[c-]n2ccccc2c1,-10.7588,-9.71983699347722
C[C@@H](O)[C@@H](C(=O)N[C@@H](Cc1c[nH]cn1)C(=O)N[C@@H](CCC(N)=O)C(=O)O)[n+]1[c-]n2ccccc2c1,-8.6701,-11.893424541769392
C[C@@H](O)[C@@H](C(=O)N[C@@H](Cc1c[nH]cn1)C(=O)N[C@@H](CS)C(=O)O)[n+]1[c-]n2ccccc2c1,-8.7529,-10.739945049266572
C[C@@H](O)[C@@H](C(=O)N[C@@H](Cc1ccc(O)cc1)C(=O)NCC(=O)O)[n+]1[c-]n2ccccc2c1,-8.3056,-9.162431448517381
C[C@@H](O)[C@@H](C(=O)N[C@@H](Cc1ccc(O)cc1)C(=O)N[C@@H](CCC(=O)O)C(=O)O)[n+]1[c-]n2ccccc2c1,-9.934,-10.894993766489762
C[C@@H](O)[C@@H](C(=O)N[C@@H](Cc1ccc(O)cc1)C(=O)N[C@@H](CS)C(=O)O)[n+]1[c-]n2ccccc2c1,-3.7184,-9.4473443377465
C[C@@H](O)[C@@H](C(=O)N[C@@H](Cc1ccccc1)C(=O)N[C@@H](CC(N)=O)C(=O)O)[n+]1[c-]n2ccccc2c1,-8.6453,-9.17159275892598
C[C@@H](O)[C@@H](C(=O)N[C@@H](Cc1ccccc1)C(=O)N[C@@H](CCC(=O)O)C(=O)O)[n+]1[c-]n2ccccc2c1,-10.2086,-11.022956305335153
C[C@@H](O)[C@@H](C(=O)N[C@@H](Cc1ccccc1)C(=O)N[C@@H](Cc1c[nH]cn1)C(=O)O)[n+]1[c-]n2ccccc2c1,-14.5168,-10.26278810851326
C[C@@H](O)[C@H](NC(=O)CNC(=O)[C@H](CCC(N)=O)[n+]1[c-]n2ccccc2c1)C(=O)O,-11.3275,-7.53687987650525
C[C@@H](O)[C@H](NC(=O)CNC(=O)[C@H](CS)[n+]1[c-]n2ccccc2c1)C(=O)O,-7.9664,-7.60962615117891
C[C@@H](O)[C@H](NC(=O)C[n+]1[c-]n2ccccc2c1)C(=O)N1CCC[C@H]1C(=O)O,-11.0122,-8.541367716344613
C[C@@H](O)[C@H](NC(=O)C[n+]1[c-]n2ccccc2c1)C(=O)N[C@@H](CO)C(=O)O,-6.5334,-9.879991731667117
C[C@@H](O)[C@H](NC(=O)C[n+]1[c-]n2ccccc2c1)C(=O)N[C@@H](CS)C(=O)O,-8.4296,-9.020072340106559
C[C@@H](O)[C@H](NC(=O)[C@@H](NC(=O)[C@H](CC(N)=O)[n+]1[c-]n2ccccc2c1)[C@@H](C)O)C(=O)O,-7.8054,-7.646501598218731
C[C@@H](O)[C@H](NC(=O)[C@@H](NC(=O)[C@H](Cc1ccccc1)[n+]1[c-]n2ccccc2c1)[C@@H](C)O)C(=O)O,-7.973,-8.715568676923825
C[C@@H](O)[C@H](NC(=O)[C@@H]1CCCN1C(=O)[C@H](CCC(N)=O)[n+]1[c-]n2ccccc2c1)C(=O)O,-12.7325,-8.588415933132005
C[C@@H](O)[C@H](NC(=O)[C@@H]1CCCN1C(=O)[C@H](Cc1c[nH]cn1)[n+]1[c-]n2ccccc2c1)C(=O)O,-8.7844,-8.270879335645455
C[C@@H](O)[C@H](NC(=O)[C@H](C)[n+]1[c-]n2ccccc2c1)C(=O)N[C@@H](Cc1c[nH]cn1)C(=O)O,-10.2173,-8.170562644523546
C[C@@H](O)[C@H](NC(=O)[C@H](CC(=O)O)NC(=O)[C@H](CC(=O)O)[n+]1[c-]n2ccccc2c1)C(=O)O,-7.0056,-8.427351440192144
C[C@@H](O)[C@H](NC(=O)[C@H](CC(=O)O)NC(=O)[C@H](CCCNC(=N)N)[n+]1[c-]n2ccccc2c1)C(=O)O,-12.8474,-6.711132645110117
C[C@@H](O)[C@H](NC(=O)[C@H](CC(=O)O)NC(=O)[C@H](Cc1ccccc1)[n+]1[c-]n2ccccc2c1)C(=O)O,-10.7418,-9.062739184332528
C[C@@H](O)[C@H](NC(=O)[C@H](CC(=O)O)NC(=O)[C@H]([C@@H](C)O)[n+]1[c-]n2ccccc2c1)C(=O)O,-8.102,-7.45263791067336
C[C@@H](O)[C@H](NC(=O)[C@H](CC(=O)O)[n+]1[c-]n2ccccc2c1)C(=O)N[C@@H](Cc1c[nH]cn1)C(=O)O,-9.0831,-7.7275913997385715
C[C@@H](O)[C@H](NC(=O)[C@H](CC(=O)O)[n+]1[c-]n2ccccc2c1)C(=O)N[C@@H](Cc1ccccc1)C(=O)O,-8.3803,-8.013355685638611
C[C@@H](O)[C@H](NC(=O)[C@H](CC(N)=O)NC(=O)[C@H](C)[n+]1[c-]n2ccccc2c1)C(=O)O,-13.8757,-7.904606279446973
C[C@@H](O)[C@H](NC(=O)[C@H](CC(N)=O)NC(=O)[C@H](CC(=O)O)[n+]1[c-]n2ccccc2c1)C(=O)O,-11.5808,-8.797069540191304
C[C@@H](O)[C@H](NC(=O)[C@H](CC(N)=O)NC(=O)[C@H](CS)[n+]1[c-]n2ccccc2c1)C(=O)O,-10.9934,-10.258296671731872
C[C@@H](O)[C@H](NC(=O)[C@H](CC(N)=O)[n+]1[c-]n2ccccc2c1)C(=O)N1CCC[C@H]1C(=O)O,-7.4504,-7.768185090324481
C[C@@H](O)[C@H](NC(=O)[C@H](CC(N)=O)[n+]1[c-]n2ccccc2c1)C(=O)N[C@@H](CCC(=O)O)C(=O)O,-10.5624,-12.43226383099588
C[C@@H](O)[C@H](NC(=O)[C@H](CC(N)=O)[n+]1[c-]n2ccccc2c1)C(=O)N[C@@H](CS)C(=O)O,-7.948,-9.826972205031534
C[C@@H](O)[C@H](NC(=O)[C@H](CC(N)=O)[n+]1[c-]n2ccccc2c1)C(=O)N[C@@H](Cc1c[nH]cn1)C(=O)O,-15.5372,-7.780879747461838
C[C@@H](O)[C@H](NC(=O)[C@H](CC(N)=O)[n+]1[c-]n2ccccc2c1)C(=O)N[C@@H](Cc1ccc(O)cc1)C(=O)O,-8.9768,-9.535904284643989
C[C@@H](O)[C@H](NC(=O)[C@H](CC(N)=O)[n+]1[c-]n2ccccc2c1)C(=O)O,-3.0482,-8.589659813911672
C[C@@H](O)[C@H](NC(=O)[C@H](CCC(=O)O)NC(=O)[C@H](C)[n+]1[c-]n2ccccc2c1)C(=O)O,-10.1079,-8.496932189758011
C[C@@H](O)[C@H](NC(=O)[C@H](CCC(=O)O)NC(=O)[C@H](CS)[n+]1[c-]n2ccccc2c1)C(=O)O,-5.1416,-7.37436382710524
C[C@@H](O)[C@H](NC(=O)[C@H](CCC(=O)O)NC(=O)[C@H](Cc1ccccc1)[n+]1[c-]n2ccccc2c1)C(=O)O,-15.359,-10.731171314809096
C[C@@H](O)[C@H](NC(=O)[C@H](CCC(=O)O)[n+]1[c-]n2ccccc2c1)C(=O)N[C@@H](CC(=O)O)C(=O)O,-10.0251,-10.078273560113386
C[C@@H](O)[C@H](NC(=O)[C@H](CCC(=O)O)[n+]1[c-]n2ccccc2c1)C(=O)N[C@@H](Cc1c[nH]c2ccccc12)C(=O)O,-7.8069,-10.437236366857688
C[C@@H](O)[C@H](NC(=O)[C@H](CCC(=O)O)[n+]1[c-]n2ccccc2c1)C(=O)N[C@@H](Cc1ccc(O)cc1)C(=O)O,-7.7332,-10.808344076362989
C[C@@H](O)[C@H](NC(=O)[C@H](CCC(=O)O)[n+]1[c-]n2ccccc2c1)C(=O)O,-10.2449,-7.260169733056978
C[C@@H](O)[C@H](NC(=O)[C@H](CCC(N)=O)NC(=O)[C@H](CCCNC(=N)N)[n+]1[c-]n2ccccc2c1)C(=O)O,-10.2315,-9.990093810175296
C[C@@H](O)[C@H](NC(=O)[C@H](CCC(N)=O)NC(=O)[C@H](Cc1c[nH]c2ccccc12)[n+]1[c-]n2ccccc2c1)C(=O)O,-11.2957,-11.98306755248402
C[C@@H](O)[C@H](NC(=O)[C@H](CCC(N)=O)NC(=O)[C@H](Cc1ccc(O)cc1)[n+]1[c-]n2ccccc2c1)C(=O)O,-12.6455,-10.155751499543562
C[C@@H](O)[C@H](NC(=O)[C@H](CCCNC(=N)N)NC(=O)[C@H](Cc1c[nH]cn1)[n+]1[c-]n2ccccc2c1)C(=O)O,-3.7264,-7.860785975586381
C[C@@H](O)[C@H](NC(=O)[C@H](CCCNC(=N)N)NC(=O)[C@H](Cc1ccc(O)cc1)[n+]1[c-]n2ccccc2c1)C(=O)O,-10.7027,-9.170125562923252
C[C@@H](O)[C@H](NC(=O)[C@H](CCCNC(=N)N)NC(=O)[C@H](Cc1ccccc1)[n+]1[c-]n2ccccc2c1)C(=O)O,-4.955,-8.278401092625616
C[C@@H](O)[C@H](NC(=O)[C@H](CCCNC(=N)N)[n+]1[c-]n2ccccc2c1)C(=O)NCC(=O)O,-0.9228,-5.131521276572602
C[C@@H](O)[C@H](NC(=O)[C@H](CCCNC(=N)N)[n+]1[c-]n2ccccc2c1)C(=O)N[C@@H](CCC(N)=O)C(=O)O,-17.0488,-7.130142618225501
C[C@@H](O)[C@H](NC(=O)[C@H](CCCNC(=N)N)[n+]1[c-]n2ccccc2c1)C(=O)N[C@@H](CO)C(=O)O,-7.9431,-7.1529977963335485
C[C@@H](O)[C@H](NC(=O)[C@H](CCCNC(=N)N)[n+]1[c-]n2ccccc2c1)C(=O)N[C@@H](Cc1c[nH]c2ccccc12)C(=O)O,-1.6296,-6.501725098931787
C[C@@H](O)[C@H](NC(=O)[C@H](CO)NC(=O)[C@H](C)[n+]1[c-]n2ccccc2c1)C(=O)O,-6.8541,-8.608736475755213
C[C@@H](O)[C@H](NC(=O)[C@H](CO)NC(=O)[C@H](Cc1c[nH]cn1)[n+]1[c-]n2ccccc2c1)C(=O)O,-9.3985,-7.799978905790906
C[C@@H](O)[C@H](NC(=O)[C@H](CO)NC(=O)[C@H]([C@@H](C)O)[n+]1[c-]n2ccccc2c1)C(=O)O,-7.9034,-8.141617187849047
C[C@@H](O)[C@H](NC(=O)[C@H](CO)[n+]1[c-]n2ccccc2c1)C(=O)NCC(=O)O,-8.589,-7.833596825957183
C[C@@H](O)[C@H](NC(=O)[C@H](CO)[n+]1[c-]n2ccccc2c1)C(=O)N[C@@H](CCC(N)=O)C(=O)O,-11.6498,-10.519561053513005
C[C@@H](O)[C@H](NC(=O)[C@H](CO)[n+]1[c-]n2ccccc2c1)C(=O)N[C@@H](CS)C(=O)O,-10.7323,-8.593204141790094
C[C@@H](O)[C@H](NC(=O)[C@H](CO)[n+]1[c-]n2ccccc2c1)C(=O)N[C@@H](Cc1c[nH]cn1)C(=O)O,-7.507,-7.84566486936012
C[C@@H](O)[C@H](NC(=O)[C@H](CS)NC(=O)[C@H](CC(N)=O)[n+]1[c-]n2ccccc2c1)C(=O)O,-11.3934,-9.726904371133253
C[C@@H](O)[C@H](NC(=O)[C@H](CS)NC(=O)[C@H](CCC(N)=O)[n+]1[c-]n2ccccc2c1)C(=O)O,-10.7869,-10.526479875908697
C[C@@H](O)[C@H](NC(=O)[C@H](CS)[n+]1[c-]n2ccccc2c1)C(=O)NCC(=O)O,1.05,-7.8318573949674635
C[C@@H](O)[C@H](NC(=O)[C@H](CS)[n+]1[c-]n2ccccc2c1)C(=O)N[C@@H](CCC(N)=O)C(=O)O,-10.97,-11.316386127457038
C[C@@H](O)[C@H](NC(=O)[C@H](CS)[n+]1[c-]n2ccccc2c1)C(=O)N[C@@H](Cc1c[nH]cn1)C(=O)O,-4.269,-9.498014110344021
C[C@@H](O)[C@H](NC(=O)[C@H](Cc1c[nH]c2ccccc12)NC(=O)[C@H](Cc1c[nH]cn1)[n+]1[c-]n2ccccc2c1)C(=O)O,-4.3522,-8.108800856015522
C[C@@H](O)[C@H](NC(=O)[C@H](Cc1c[nH]c2ccccc12)[n+]1[c-]n2ccccc2c1)C(=O)N[C@@H](CC(=O)O)C(=O)O,-5.8496,-9.425700464461752
C[C@@H](O)[C@H](NC(=O)[C@H](Cc1c[nH]cn1)NC(=O)[C@H](CC(=O)O)[n+]1[c-]n2ccccc2c1)C(=O)O,-6.6024,-9.855123391809535
C[C@@H](O)[C@H](NC(=O)[C@H](Cc1c[nH]cn1)NC(=O)[C@H](CO)[n+]1[c-]n2ccccc2c1)C(=O)O,-11.0663,-7.830698778484013
C[C@@H](O)[C@H](NC(=O)[C@H](Cc1c[nH]cn1)[n+]1[c-]n2ccccc2c1)C(=O)N[C@@H](Cc1c[nH]c2ccccc12)C(=O)O,-2.2031,-7.554613645059579
C[C@@H](O)[C@H](NC(=O)[C@H](Cc1ccc(O)cc1)NC(=O)[C@H](CC(N)=O)[n+]1[c-]n2ccccc2c1)C(=O)O,-9.6992,-10.041537209844925
C[C@@H](O)[C@H](NC(=O)[C@H](Cc1ccc(O)cc1)NC(=O)[C@H](Cc1c[nH]c2ccccc12)[n+]1[c-]n2ccccc2c1)C(=O)O,-12.2955,-8.95182886720846
C[C@@H](O)[C@H](NC(=O)[C@H](Cc1ccc(O)cc1)NC(=O)[C@H](Cc1ccccc1)[n+]1[c-]n2ccccc2c1)C(=O)O,-10.0728,-8.788153191876232
C[C@@H](O)[C@H](NC(=O)[C@H](Cc1ccc(O)cc1)[n+]1[c-]n2ccccc2c1)C(=O)N1CCC[C@H]1C(=O)O,-6.0583,-9.001567216377753
C[C@@H](O)[C@H](NC(=O)[C@H](Cc1ccc(O)cc1)[n+]1[c-]n2ccccc2c1)C(=O)N[C@@H](CCC(=O)O)C(=O)O,-11.1011,-11.582442141910336
C[C@@H](O)[C@H](NC(=O)[C@H](Cc1ccc(O)cc1)[n+]1[c-]n2ccccc2c1)C(=O)N[C@@H](CCC(N)=O)C(=O)O,-4.6756,-9.797784340092017
C[C@@H](O)[C@H](NC(=O)[C@H](Cc1ccc(O)cc1)[n+]1[c-]n2ccccc2c1)C(=O)N[C@@H](Cc1c[nH]c2ccccc12)C(=O)O,-7.5158,-8.810737475059563
C[C@@H](O)[C@H](NC(=O)[C@H](Cc1ccccc1)NC(=O)[C@H](CC(N)=O)[n+]1[c-]n2ccccc2c1)C(=O)O,-7.0332,-7.804115342940488
C[C@@H](O)[C@H](NC(=O)[C@H](Cc1ccccc1)NC(=O)[C@H](CCC(N)=O)[n+]1[c-]n2ccccc2c1)C(=O)O,-15.6601,-10.273441481183845
C[C@@H](O)[C@H](NC(=O)[C@H](Cc1ccccc1)NC(=O)[C@H](Cc1c[nH]cn1)[n+]1[c-]n2ccccc2c1)C(=O)O,-11.9104,-8.960425918992744
C[C@@H](O)[C@H](NC(=O)[C@H](Cc1ccccc1)NC(=O)[C@H](Cc1ccc(O)cc1)[n+]1[c-]n2ccccc2c1)C(=O)O,-9.2915,-8.305966240267672
C[C@@H](O)[C@H](NC(=O)[C@H](Cc1ccccc1)[n+]1[c-]n2ccccc2c1)C(=O)N1CCC[C@H]1C(=O)O,-7.2315,-9.225669419066476
C[C@@H](O)[C@H](NC(=O)[C@H](Cc1ccccc1)[n+]1[c-]n2ccccc2c1)C(=O)N[C@@H](CC(=O)O)C(=O)O,-7.5752,-9.992383817671524
C[C@@H](O)[C@H](NC(=O)[C@H]([C@@H](C)O)[n+]1[c-]n2ccccc2c1)C(=O)N[C@@H](CC(=O)O)C(=O)O,-6.5585,-7.86637845550387
C[C@@H](O)[C@H](NC(=O)[C@H]([C@@H](C)O)[n+]1[c-]n2ccccc2c1)C(=O)N[C@@H](CS)C(=O)O,-11.4544,-9.842091252692521
C[C@H](NC(=O)CNC(=O)[C@H](CCC(=O)O)[n+]1[c-]n2ccccc2c1)C(=O)O,-7.9716,-8.279714704337467
C[C@H](NC(=O)CNC(=O)[C@H]([C@@H](C)O)[n+]1[c-]n2ccccc2c1)C(=O)O,-5.835,-7.84779310097404
C[C@H](NC(=O)C[n+]1[c-]n2ccccc2c1)C(=O)N[C@@H](CO)C(=O)O,-11.7053,-13.253325106772527
C[C@H](NC(=O)C[n+]1[c-]n2ccccc2c1)C(=O)N[C@@H](CS)C(=O)O,-10.8243,-8.404996797811023
C[C@H](NC(=O)C[n+]1[c-]n2ccccc2c1)C(=O)N[C@@H](Cc1c[nH]cn1)C(=O)O,-11.5662,-8.288829775704984
C[C@H](NC(=O)C[n+]1[c-]n2ccccc2c1)C(=O)N[C@@H](Cc1ccc(O)cc1)C(=O)O,-13.639,-9.507633402350303
C[C@H](NC(=O)[C@@H](NC(=O)[C@H](CCC(N)=O)[n+]1[c-]n2ccccc2c1)[C@@H](C)O)C(=O)O,-6.4125,-8.316446951096305
C[C@H](NC(=O)[C@@H]1CCCN1C(=O)[C@H](CS)[n+]1[c-]n2ccccc2c1)C(=O)O,-7.1683,-8.287338309006131
C[C@H](NC(=O)[C@H](C)NC(=O)[C@H](CC(=O)O)[n+]1[c-]n2ccccc2c1)C(=O)O,-3.9651,-6.722779354455109
C[C@H](NC(=O)[C@H](C)NC(=O)[C@H](Cc1c[nH]cn1)[n+]1[c-]n2ccccc2c1)C(=O)O,-4.0865,-7.35065790370638
C[C@H](NC(=O)[C@H](C)[n+]1[c-]n2ccccc2c1)C(=O)N[C@@H](CS)C(=O)O,-6.8995,-7.426393481929449
C[C@H](NC(=O)[C@H](CC(=O)O)NC(=O)[C@H](CC(=O)O)[n+]1[c-]n2ccccc2c1)C(=O)O,-2.2187,-7.272148984648194
C[C@H](NC(=O)[C@H](CC(=O)O)NC(=O)[C@H](CS)[n+]1[c-]n2ccccc2c1)C(=O)O,-4.3506,-6.501428683134279
C[C@H](NC(=O)[C@H](CC(=O)O)NC(=O)[C@H](Cc1c[nH]c2ccccc12)[n+]1[c-]n2ccccc2c1)C(=O)O,-4.7316,-7.281671154997897
C[C@H](NC(=O)[C@H](CC(=O)O)NC(=O)[C@H](Cc1ccc(O)cc1)[n+]1[c-]n2ccccc2c1)C(=O)O,-7.7755,-9.947220507893531
C[C@H](NC(=O)[C@H](CC(=O)O)[n+]1[c-]n2ccccc2c1)C(=O)N[C@@H](CCC(=O)O)C(=O)O,-10.8547,-9.47093377166744
C[C@H](NC(=O)[C@H](CC(=O)O)[n+]1[c-]n2ccccc2c1)C(=O)N[C@@H](CCC(N)=O)C(=O)O,-9.377,-11.51509768543312
C[C@H](NC(=O)[C@H](CC(N)=O)NC(=O)C[n+]1[c-]n2ccccc2c1)C(=O)O,-7.0545,-9.31979426748229
C[C@H](NC(=O)[C@H](CC(N)=O)NC(=O)[C@H](C)[n+]1[c-]n2ccccc2c1)C(=O)O,-1.3066,-8.875949102318085
C[C@H](NC(=O)[C@H](CC(N)=O)NC(=O)[C@H](CS)[n+]1[c-]n2ccccc2c1)C(=O)O,1.9656,-8.531797507058533
C[C@H](NC(=O)[C@H](CC(N)=O)[n+]1[c-]n2ccccc2c1)C(=O)N[C@@H](CC(N)=O)C(=O)O,-13.7896,-9.149380328639424
C[C@H](NC(=O)[C@H](CC(N)=O)[n+]1[c-]n2ccccc2c1)C(=O)N[C@@H](CCC(=O)O)C(=O)O,-11.1195,-11.238809749812322
C[C@H](NC(=O)[C@H](CC(N)=O)[n+]1[c-]n2ccccc2c1)C(=O)N[C@@H](CO)C(=O)O,-4.0474,-7.055703151603323
C[C@H](NC(=O)[C@H](CC(N)=O)[n+]1[c-]n2ccccc2c1)C(=O)N[C@@H](Cc1ccccc1)C(=O)O,-4.9115,-8.061758054982189
C[C@H](NC(=O)[C@H](CCC(=O)O)NC(=O)[C@H](CC(N)=O)[n+]1[c-]n2ccccc2c1)C(=O)O,-6.0279,-6.230277939926065
C[C@H](NC(=O)[C@H](CCC(=O)O)NC(=O)[C@H](CCCNC(=N)N)[n+]1[c-]n2ccccc2c1)C(=O)O,-11.8559,-6.015440961784526
C[C@H](NC(=O)[C@H](CCC(=O)O)NC(=O)[C@H](Cc1ccccc1)[n+]1[c-]n2ccccc2c1)C(=O)O,-6.0766,-8.894383663598258
C[C@H](NC(=O)[C@H](CCC(=O)O)[n+]1[c-]n2ccccc2c1)C(=O)N[C@@H](CS)C(=O)O,-3.2574,-6.706630820659644
C[C@H](NC(=O)[C@H](CCC(=O)O)[n+]1[c-]n2ccccc2c1)C(=O)O,-0.7228,-8.13577762211379
C[C@H](NC(=O)[C@H](CCC(N)=O)NC(=O)[C@H](CO)[n+]1[c-]n2ccccc2c1)C(=O)O,-8.6489,-8.566699994645612
C[C@H](NC(=O)[C@H](CCC(N)=O)NC(=O)[C@H](Cc1c[nH]c2ccccc12)[n+]1[c-]n2ccccc2c1)C(=O)O,-10.4954,-8.864133939448175
C[C@H](NC(=O)[C@H](CCC(N)=O)NC(=O)[C@H](Cc1c[nH]cn1)[n+]1[c-]n2ccccc2c1)C(=O)O,-10.153,-9.704607250838908
C[C@H](NC(=O)[C@H](CCC(N)=O)NC(=O)[C@H](Cc1ccc(O)cc1)[n+]1[c-]n2ccccc2c1)C(=O)O,-9.9104,-8.743648675680854
C[C@H](NC(=O)[C@H](CCC(N)=O)NC(=O)[C@H]([C@@H](C)O)[n+]1[c-]n2ccccc2c1)C(=O)O,-9.0896,-8.597013489294268
C[C@H](NC(=O)[C@H](CCC(N)=O)[n+]1[c-]n2ccccc2c1)C(=O)N[C@@H](CC(N)=O)C(=O)O,-10.9084,-8.432501740328561
C[C@H](NC(=O)[C@H](CCC(N)=O)[n+]1[c-]n2ccccc2c1)C(=O)N[C@@H](CS)C(=O)O,-11.5813,-8.345916131731913
C[C@H](NC(=O)[C@H](CCCNC(=N)N)NC(=O)[C@H](CCC(N)=O)[n+]1[c-]n2ccccc2c1)C(=O)O,-10.4623,-10.791943479158665
C[C@H](NC(=O)[C@H](CCCNC(=N)N)NC(=O)[C@H](Cc1ccccc1)[n+]1[c-]n2ccccc2c1)C(=O)O,2.1941,-6.841478288758031
C[C@H](NC(=O)[C@H](CCCNC(=N)N)NC(=O)[C@H]([C@@H](C)O)[n+]1[c-]n2ccccc2c1)C(=O)O,-11.2281,-6.806743938082816
C[C@H](NC(=O)[C@H](CCCNC(=N)N)[n+]1[c-]n2ccccc2c1)C(=O)NCC(=O)O,-0.5277,-6.894244452450087
C[C@H](NC(=O)[C@H](CCCNC(=N)N)[n+]1[c-]n2ccccc2c1)C(=O)N[C@@H](CS)C(=O)O,-3.3192,-7.531464113161991
C[C@H](NC(=O)[C@H](CCCNC(=N)N)[n+]1[c-]n2ccccc2c1)C(=O)N[C@@H](Cc1ccc(O)cc1)C(=O)O,16.2578,-7.906565675116083
C[C@H](NC(=O)[C@H](CCCNC(=N)N)[n+]1[c-]n2ccccc2c1)C(=O)O,-11.1853,-8.65380554146063
C[C@H](NC(=O)[C@H](CO)NC(=O)[C@H](C)[n+]1[c-]n2ccccc2c1)C(=O)O,-5.1077,-7.535200725638924
C[C@H](NC(=O)[C@H](CO)NC(=O)[C@H](CC(=O)O)[n+]1[c-]n2ccccc2c1)C(=O)O,-0.7373,-6.181508393193949
C[C@H](NC(=O)[C@H](CO)NC(=O)[C@H](Cc1c[nH]cn1)[n+]1[c-]n2ccccc2c1)C(=O)O,-4.6695,-7.577773861112641
C[C@H](NC(=O)[C@H](CO)[n+]1[c-]n2ccccc2c1)C(=O)N[C@@H](CC(=O)O)C(=O)O,-6.3921,-7.498181281439036
C[C@H](NC(=O)[C@H](CO)[n+]1[c-]n2ccccc2c1)C(=O)N[C@@H](CC(N)=O)C(=O)O,-13.2079,-9.941587763510778
C[C@H](NC(=O)[C@H](CO)[n+]1[c-]n2ccccc2c1)C(=O)O,-9.7608,-8.252194652740092
C[C@H](NC(=O)[C@H](CS)NC(=O)C[n+]1[c-]n2ccccc2c1)C(=O)O,-12.1449,-8.138916536829882
C[C@H](NC(=O)[C@H](CS)NC(=O)[C@H](CCCNC(=N)N)[n+]1[c-]n2ccccc2c1)C(=O)O,-8.4114,-7.564664522066235
C[C@H](NC(=O)[C@H](CS)NC(=O)[C@H](CS)[n+]1[c-]n2ccccc2c1)C(=O)O,-5.019,-7.9947254555531435
C[C@H](NC(=O)[C@H](CS)[n+]1[c-]n2ccccc2c1)C(=O)N[C@@H](CCC(=O)O)C(=O)O,-12.8853,-7.323818352622918
C[C@H](NC(=O)[C@H](CS)[n+]1[c-]n2ccccc2c1)C(=O)N[C@@H](CCC(N)=O)C(=O)O,-12.0058,-9.775910220784478
C[C@H](NC(=O)[C@H](CS)[n+]1[c-]n2ccccc2c1)C(=O)N[C@@H](CCCNC(=N)N)C(=O)O,-6.9571,-8.287719712989109
C[C@H](NC(=O)[C@H](CS)[n+]1[c-]n2ccccc2c1)C(=O)N[C@H](C(=O)O)[C@@H](C)O,-3.0617,-8.020275707194891
C[C@H](NC(=O)[C@H](CS)[n+]1[c-]n2ccccc2c1)C(=O)O,-2.3258,-7.776557617593286
C[C@H](NC(=O)[C@H](Cc1c[nH]c2ccccc12)NC(=O)C[n+]1[c-]n2ccccc2c1)C(=O)O,-7.3227,-8.956865016720206
C[C@H](NC(=O)[C@H](Cc1c[nH]c2ccccc12)NC(=O)[C@H](CCC(N)=O)[n+]1[c-]n2ccccc2c1)C(=O)O,-3.6252,-9.202236546061943
C[C@H](NC(=O)[C@H](Cc1c[nH]c2ccccc12)NC(=O)[C@H](Cc1c[nH]c2ccccc12)[n+]1[c-]n2ccccc2c1)C(=O)O,-4.3741,-8.033589163806184
C[C@H](NC(=O)[C@H](Cc1c[nH]c2ccccc12)[n+]1[c-]n2ccccc2c1)C(=O)N[C@@H](CCC(N)=O)C(=O)O,-16.3738,-8.44800480830619
C[C@H](NC(=O)[C@H](Cc1c[nH]c2ccccc12)[n+]1[c-]n2ccccc2c1)C(=O)N[C@@H](CCCNC(=N)N)C(=O)O,-6.3966,-9.103826582964636
C[C@H](NC(=O)[C@H](Cc1c[nH]c2ccccc12)[n+]1[c-]n2ccccc2c1)C(=O)N[C@@H](CO)C(=O)O,-0.5617,-6.288699524277863
C[C@H](NC(=O)[C@H](Cc1c[nH]cn1)NC(=O)[C@H](CC(N)=O)[n+]1[c-]n2ccccc2c1)C(=O)O,-12.5183,-9.653793001611012
C[C@H](NC(=O)[C@H](Cc1c[nH]cn1)NC(=O)[C@H](CCC(N)=O)[n+]1[c-]n2ccccc2c1)C(=O)O,-11.3603,-10.077225647524394
C[C@H](NC(=O)[C@H](Cc1c[nH]cn1)NC(=O)[C@H](CO)[n+]1[c-]n2ccccc2c1)C(=O)O,-9.7715,-8.614675657076063
C[C@H](NC(=O)[C@H](Cc1c[nH]cn1)NC(=O)[C@H](Cc1ccc(O)cc1)[n+]1[c-]n2ccccc2c1)C(=O)O,-8.9458,-9.779592164753778
C[C@H](NC(=O)[C@H](Cc1c[nH]cn1)NC(=O)[C@H](Cc1ccccc1)[n+]1[c-]n2ccccc2c1)C(=O)O,-8.9533,-8.7334818366814
C[C@H](NC(=O)[C@H](Cc1ccc(O)cc1)NC(=O)[C@H](CCC(=O)O)[n+]1[c-]n2ccccc2c1)C(=O)O,-6.7867,-10.390423338043266
C[C@H](NC(=O)[C@H](Cc1ccc(O)cc1)NC(=O)[C@H](CO)[n+]1[c-]n2ccccc2c1)C(=O)O,-4.211,-6.392328452356051
C[C@H](NC(=O)[C@H](Cc1ccc(O)cc1)[n+]1[c-]n2ccccc2c1)C(=O)N[C@@H](CC(=O)O)C(=O)O,-13.9044,-9.859156910720518
C[C@H](NC(=O)[C@H](Cc1ccc(O)cc1)[n+]1[c-]n2ccccc2c1)C(=O)N[C@@H](CO)C(=O)O,-5.6567,-6.247707277779465
C[C@H](NC(=O)[C@H](Cc1ccc(O)cc1)[n+]1[c-]n2ccccc2c1)C(=O)N[C@H](C(=O)O)[C@@H](C)O,-5.4157,-7.428428913542062
C[C@H](NC(=O)[C@H](Cc1ccccc1)NC(=O)[C@H](CO)[n+]1[c-]n2ccccc2c1)C(=O)O,-6.3611,-8.554839776673186
C[C@H](NC(=O)[C@H](Cc1ccccc1)[n+]1[c-]n2ccccc2c1)C(=O)N[C@@H](Cc1c[nH]c2ccccc12)C(=O)O,-8.4703,-9.40327960224213
C[C@H](NC(=O)[C@H]([C@@H](C)O)[n+]1[c-]n2ccccc2c1)C(=O)N[C@@H](CC(N)=O)C(=O)O,-12.2189,-9.282398886522975
C[C@H](NC(=O)[C@H]([C@@H](C)O)[n+]1[c-]n2ccccc2c1)C(=O)N[C@@H](CCCNC(=N)N)C(=O)O,-11.9505,-8.073473369357497
C[C@H](NC(=O)[C@H]([C@@H](C)O)[n+]1[c-]n2ccccc2c1)C(=O)N[C@@H](CS)C(=O)O,-5.9081,-7.571886506900315
C[C@H](NC(=O)[C@H]([C@@H](C)O)[n+]1[c-]n2ccccc2c1)C(=O)N[C@@H](Cc1c[nH]c2ccccc12)C(=O)O,-11.9235,-9.32450327721768
C[C@H](NC(=O)[C@H]([C@@H](C)O)[n+]1[c-]n2ccccc2c1)C(=O)N[C@@H](Cc1c[nH]cn1)C(=O)O,-3.3597,-7.64509188850811
N=C(N)NCCC[C@@H](C(=O)N1CCC[C@H]1C(=O)O)[n+]1[c-]n2ccccc2c1,-6.3726,-8.575788304290887
N=C(N)NCCC[C@@H](C(=O)NCC(=O)N[C@@H](Cc1ccc(O)cc1)C(=O)O)[n+]1[c-]n2ccccc2c1,-7.4551,-7.852252714613419
N=C(N)NCCC[C@@H](C(=O)N[C@@H](CC(=O)O)C(=O)N[C@@H](CS)C(=O)O)[n+]1[c-]n2ccccc2c1,-10.2836,-8.420347980407863
N=C(N)NCCC[C@@H](C(=O)N[C@@H](CC(=O)O)C(=O)N[C@@H](Cc1c[nH]c2ccccc12)C(=O)O)[n+]1[c-]n2ccccc2c1,-3.7014,-9.746306437227851
N=C(N)NCCC[C@@H](C(=O)N[C@@H](CC(N)=O)C(=O)N[C@@H](CC(N)=O)C(=O)O)[n+]1[c-]n2ccccc2c1,-7.4431,-9.684173405772704
N=C(N)NCCC[C@@H](C(=O)N[C@@H](CC(N)=O)C(=O)N[C@@H](CO)C(=O)O)[n+]1[c-]n2ccccc2c1,-4.887,-9.932380772264274
N=C(N)NCCC[C@@H](C(=O)N[C@@H](CC(N)=O)C(=O)N[C@@H](CS)C(=O)O)[n+]1[c-]n2ccccc2c1,-3.9309,-13.099815915512764
N=C(N)NCCC[C@@H](C(=O)N[C@@H](CC(N)=O)C(=O)N[C@@H](Cc1c[nH]c2ccccc12)C(=O)O)[n+]1[c-]n2ccccc2c1,-9.7128,-11.599520508394498
N=C(N)NCCC[C@@H](C(=O)N[C@@H](CC(N)=O)C(=O)O)[n+]1[c-]n2ccccc2c1,-9.9442,-10.043868151926572
N=C(N)NCCC[C@@H](C(=O)N[C@@H](CCC(=O)O)C(=O)N1CCC[C@H]1C(=O)O)[n+]1[c-]n2ccccc2c1,-13.8063,-6.364633011475589
N=C(N)NCCC[C@@H](C(=O)N[C@@H](CCC(=O)O)C(=O)NCC(=O)O)[n+]1[c-]n2ccccc2c1,-7.1367,-7.29297760844807
N=C(N)NCCC[C@@H](C(=O)N[C@@H](CCC(=O)O)C(=O)N[C@@H](Cc1c[nH]cn1)C(=O)O)[n+]1[c-]n2ccccc2c1,-10.3352,-7.71866015197172
N=C(N)NCCC[C@@H](C(=O)N[C@@H](CCC(=O)O)C(=O)N[C@@H](Cc1ccccc1)C(=O)O)[n+]1[c-]n2ccccc2c1,-10.404,-8.4517240701826
N=C(N)NCCC[C@@H](C(=O)N[C@@H](CCC(N)=O)C(=O)NCC(=O)O)[n+]1[c-]n2ccccc2c1,-7.9119,-9.025852179960395
N=C(N)NCCC[C@@H](C(=O)N[C@@H](CCC(N)=O)C(=O)N[C@@H](CCC(=O)O)C(=O)O)[n+]1[c-]n2ccccc2c1,-7.5018,-15.704366400584458
N=C(N)NCCC[C@@H](C(=O)N[C@@H](CO)C(=O)N1CCC[C@H]1C(=O)O)[n+]1[c-]n2ccccc2c1,-4.3901,-6.108538198923134
N=C(N)NCCC[C@@H](C(=O)N[C@@H](CO)C(=O)NCC(=O)O)[n+]1[c-]n2ccccc2c1,-2.9727,-7.629241993038844
N=C(N)NCCC[C@@H](C(=O)N[C@@H](CO)C(=O)N[C@@H](Cc1ccc(O)cc1)C(=O)O)[n+]1[c-]n2ccccc2c1,-4.4127,-7.74655593302881
N=C(N)NCCC[C@@H](C(=O)N[C@@H](CS)C(=O)N[C@@H](Cc1c[nH]c2ccccc12)C(=O)O)[n+]1[c-]n2ccccc2c1,-7.7022,-6.10363681961958
N=C(N)NCCC[C@@H](C(=O)N[C@@H](CS)C(=O)N[C@@H](Cc1ccc(O)cc1)C(=O)O)[n+]1[c-]n2ccccc2c1,-8.485,-8.966592557728543
N=C(N)NCCC[C@@H](C(=O)N[C@@H](Cc1c[nH]c2ccccc12)C(=O)N[C@@H](CCC(=O)O)C(=O)O)[n+]1[c-]n2ccccc2c1,-6.1126,-9.969134930282788
N=C(N)NCCC[C@@H](C(=O)N[C@@H](Cc1c[nH]cn1)C(=O)NCC(=O)O)[n+]1[c-]n2ccccc2c1,1.0814,-6.736737447417119
N=C(N)NCCC[C@@H](C(=O)N[C@@H](Cc1c[nH]cn1)C(=O)N[C@@H](CC(=O)O)C(=O)O)[n+]1[c-]n2ccccc2c1,-8.4974,-7.141765669153973
N=C(N)NCCC[C@@H](C(=O)N[C@@H](Cc1c[nH]cn1)C(=O)N[C@@H](CC(N)=O)C(=O)O)[n+]1[c-]n2ccccc2c1,-11.8435,-10.503392617946801
N=C(N)NCCC[C@@H](C(=O)N[C@@H](Cc1ccc(O)cc1)C(=O)N1CCC[C@H]1C(=O)O)[n+]1[c-]n2ccccc2c1,-9.1257,-5.706100860093372
N=C(N)NCCC[C@@H](C(=O)N[C@@H](Cc1ccc(O)cc1)C(=O)N[C@@H](CC(=O)O)C(=O)O)[n+]1[c-]n2ccccc2c1,-16.866,-8.982097219940698
N=C(N)NCCC[C@@H](C(=O)N[C@@H](Cc1ccc(O)cc1)C(=O)N[C@@H](CC(N)=O)C(=O)O)[n+]1[c-]n2ccccc2c1,-8.892,-13.176351968465745
N=C(N)NCCC[C@@H](C(=O)N[C@@H](Cc1ccc(O)cc1)C(=O)N[C@@H](CCC(=O)O)C(=O)O)[n+]1[c-]n2ccccc2c1,-1.765,-11.11730767372049
N=C(N)NCCC[C@@H](C(=O)N[C@@H](Cc1ccc(O)cc1)C(=O)N[C@@H](Cc1c[nH]c2ccccc12)C(=O)O)[n+]1[c-]n2ccccc2c1,-4.5535,-10.165059184618402
N=C(N)NCCC[C@@H](C(=O)N[C@@H](Cc1ccccc1)C(=O)N[C@@H](CCC(=O)O)C(=O)O)[n+]1[c-]n2ccccc2c1,-0.1621,-8.941844010910883
N=C(N)NCCC[C@H](NC(=O)C[n+]1[c-]n2ccccc2c1)C(=O)N1CCC[C@H]1C(=O)O,-13.2841,-9.124993632947634
N=C(N)NCCC[C@H](NC(=O)C[n+]1[c-]n2ccccc2c1)C(=O)N[C@@H](CCC(N)=O)C(=O)O,-11.1377,-12.307922388863284
N=C(N)NCCC[C@H](NC(=O)[C@@H]1CCCN1C(=O)[C@H](CCCNC(=N)N)[n+]1[c-]n2ccccc2c1)C(=O)O,-1.4792,-8.605169818736787
N=C(N)NCCC[C@H](NC(=O)[C@@H]1CCCN1C(=O)[C@H](CS)[n+]1[c-]n2ccccc2c1)C(=O)O,-11.5672,-8.168508675050704
N=C(N)NCCC[C@H](NC(=O)[C@H](CC(=O)O)NC(=O)C[n+]1[c-]n2ccccc2c1)C(=O)O,-14.7188,-10.985392766395007
N=C(N)NCCC[C@H](NC(=O)[C@H](CC(=O)O)NC(=O)[C@H](CC(=O)O)[n+]1[c-]n2ccccc2c1)C(=O)O,2.193,-11.208241707332633
N=C(N)NCCC[C@H](NC(=O)[C@H](CC(=O)O)NC(=O)[C@H](Cc1c[nH]cn1)[n+]1[c-]n2ccccc2c1)C(=O)O,-6.2876,-7.594429648958895
N=C(N)NCCC[C@H](NC(=O)[C@H](CC(=O)O)[n+]1[c-]n2ccccc2c1)C(=O)NCC(=O)O,-20.4383,-8.385677427102676
N=C(N)NCCC[C@H](NC(=O)[C@H](CC(=O)O)[n+]1[c-]n2ccccc2c1)C(=O)N[C@@H](CCC(=O)O)C(=O)O,-10.5996,-11.381962999717569
N=C(N)NCCC[C@H](NC(=O)[C@H](CC(=O)O)[n+]1[c-]n2ccccc2c1)C(=O)N[C@@H](CCC(N)=O)C(=O)O,-8.4985,-11.92614789197717
N=C(N)NCCC[C@H](NC(=O)[C@H](CC(=O)O)[n+]1[c-]n2ccccc2c1)C(=O)N[C@@H](Cc1c[nH]c2ccccc12)C(=O)O,-11.1551,-10.117894909177805
N=C(N)NCCC[C@H](NC(=O)[C@H](CC(N)=O)NC(=O)[C@H](CC(=O)O)[n+]1[c-]n2ccccc2c1)C(=O)O,-12.119,-11.264599730149408
N=C(N)NCCC[C@H](NC(=O)[C@H](CC(N)=O)NC(=O)[C@H](CCC(=O)O)[n+]1[c-]n2ccccc2c1)C(=O)O,-5.6697,-12.13516107376798
N=C(N)NCCC[C@H](NC(=O)[C@H](CC(N)=O)NC(=O)[C@H](CS)[n+]1[c-]n2ccccc2c1)C(=O)O,-8.1041,-12.094729844022174
N=C(N)NCCC[C@H](NC(=O)[C@H](CC(N)=O)NC(=O)[C@H](Cc1c[nH]c2ccccc12)[n+]1[c-]n2ccccc2c1)C(=O)O,-4.6099,-11.2655319090709
N=C(N)NCCC[C@H](NC(=O)[C@H](CC(N)=O)[n+]1[c-]n2ccccc2c1)C(=O)N[C@@H](Cc1ccc(O)cc1)C(=O)O,-10.7438,-7.96479667060893
N=C(N)NCCC[C@H](NC(=O)[C@H](CCC(=O)O)NC(=O)[C@H](CCC(N)=O)[n+]1[c-]n2ccccc2c1)C(=O)O,-6.8311,-10.004722525082101
N=C(N)NCCC[C@H](NC(=O)[C@H](CCC(=O)O)NC(=O)[C@H](CO)[n+]1[c-]n2ccccc2c1)C(=O)O,-20.0847,-7.905478732959868
N=C(N)NCCC[C@H](NC(=O)[C@H](CCC(N)=O)NC(=O)[C@H](CO)[n+]1[c-]n2ccccc2c1)C(=O)O,-22.2812,-8.094990140402132
N=C(N)NCCC[C@H](NC(=O)[C@H](CCC(N)=O)NC(=O)[C@H](CS)[n+]1[c-]n2ccccc2c1)C(=O)O,-10.9956,-10.201869069189224
N=C(N)NCCC[C@H](NC(=O)[C@H](CCC(N)=O)[n+]1[c-]n2ccccc2c1)C(=O)N[C@@H](CC(N)=O)C(=O)O,-7.9037,-13.155934510456126
N=C(N)NCCC[C@H](NC(=O)[C@H](CCC(N)=O)[n+]1[c-]n2ccccc2c1)C(=O)N[C@@H](CCC(=O)O)C(=O)O,-10.1054,-11.010921019868901
N=C(N)NCCC[C@H](NC(=O)[C@H](CCCNC(=N)N)NC(=O)C[n+]1[c-]n2ccccc2c1)C(=O)O,-13.8766,-8.218853941684552
N=C(N)NCCC[C@H](NC(=O)[C@H](CCCNC(=N)N)NC(=O)[C@H](CC(=O)O)[n+]1[c-]n2ccccc2c1)C(=O)O,-11.2396,-8.991318900230914
N=C(N)NCCC[C@H](NC(=O)[C@H](CCCNC(=N)N)NC(=O)[C@H](CCC(N)=O)[n+]1[c-]n2ccccc2c1)C(=O)O,-6.1948,-9.190611731457828
N=C(N)NCCC[C@H](NC(=O)[C@H](CCCNC(=N)N)NC(=O)[C@H](CO)[n+]1[c-]n2ccccc2c1)C(=O)O,-11.2077,-8.14089127075685
N=C(N)NCCC[C@H](NC(=O)[C@H](CCCNC(=N)N)[n+]1[c-]n2ccccc2c1)C(=O)N1CCC[C@H]1C(=O)O,-2.694,-8.605144401663779
N=C(N)NCCC[C@H](NC(=O)[C@H](CCCNC(=N)N)[n+]1[c-]n2ccccc2c1)C(=O)N[C@@H](CCC(N)=O)C(=O)O,-5.9303,-7.890089498079677
N=C(N)NCCC[C@H](NC(=O)[C@H](CCCNC(=N)N)[n+]1[c-]n2ccccc2c1)C(=O)N[C@@H](CS)C(=O)O,-9.8739,-7.934008991097372
N=C(N)NCCC[C@H](NC(=O)[C@H](CCCNC(=N)N)[n+]1[c-]n2ccccc2c1)C(=O)N[C@@H](Cc1c[nH]c2ccccc12)C(=O)O,-5.5442,-7.372226160148283
N=C(N)NCCC[C@H](NC(=O)[C@H](CO)NC(=O)[C@H](CS)[n+]1[c-]n2ccccc2c1)C(=O)O,-5.3193,-9.06545139269399
N=C(N)NCCC[C@H](NC(=O)[C@H](CO)NC(=O)[C@H](Cc1ccc(O)cc1)[n+]1[c-]n2ccccc2c1)C(=O)O,-3.9293,-7.805091370348372
N=C(N)NCCC[C@H](NC(=O)[C@H](CO)[n+]1[c-]n2ccccc2c1)C(=O)N[C@@H](Cc1ccccc1)C(=O)O,-6.3698,-9.64271820200715
N=C(N)NCCC[C@H](NC(=O)[C@H](CO)[n+]1[c-]n2ccccc2c1)C(=O)O,-12.73,-8.858858114702445
N=C(N)NCCC[C@H](NC(=O)[C@H](CS)NC(=O)[C@H](CCC(N)=O)[n+]1[c-]n2ccccc2c1)C(=O)O,-11.2047,-10.91565976412042
N=C(N)NCCC[C@H](NC(=O)[C@H](CS)[n+]1[c-]n2ccccc2c1)C(=O)N[C@@H](CCC(=O)O)C(=O)O,-7.931,-10.381961854446029
N=C(N)NCCC[C@H](NC(=O)[C@H](CS)[n+]1[c-]n2ccccc2c1)C(=O)N[C@@H](Cc1ccc(O)cc1)C(=O)O,-8.7236,-9.087500210456874
N=C(N)NCCC[C@H](NC(=O)[C@H](Cc1c[nH]c2ccccc12)NC(=O)[C@H](CC(=O)O)[n+]1[c-]n2ccccc2c1)C(=O)O,-6.7319,-10.591045636109838
N=C(N)NCCC[C@H](NC(=O)[C@H](Cc1c[nH]c2ccccc12)NC(=O)[C@H](CCC(N)=O)[n+]1[c-]n2ccccc2c1)C(=O)O,-14.8767,-12.47654777586509
N=C(N)NCCC[C@H](NC(=O)[C@H](Cc1c[nH]c2ccccc12)[n+]1[c-]n2ccccc2c1)C(=O)NCC(=O)O,-8.215,-11.642020127500304
N=C(N)NCCC[C@H](NC(=O)[C@H](Cc1c[nH]c2ccccc12)[n+]1[c-]n2ccccc2c1)C(=O)N[C@@H](CCC(N)=O)C(=O)O,-8.7895,-11.049899171221822
N=C(N)NCCC[C@H](NC(=O)[C@H](Cc1c[nH]c2ccccc12)[n+]1[c-]n2ccccc2c1)C(=O)N[C@@H](Cc1ccc(O)cc1)C(=O)O,-8.6448,-8.484169139072277
N=C(N)NCCC[C@H](NC(=O)[C@H](Cc1c[nH]cn1)NC(=O)[C@H](CC(=O)O)[n+]1[c-]n2ccccc2c1)C(=O)O,-3.7531,-6.016008691879551
N=C(N)NCCC[C@H](NC(=O)[C@H](Cc1c[nH]cn1)NC(=O)[C@H](CO)[n+]1[c-]n2ccccc2c1)C(=O)O,-17.324,-9.995727595382295
N=C(N)NCCC[C@H](NC(=O)[C@H](Cc1c[nH]cn1)[n+]1[c-]n2ccccc2c1)C(=O)N[C@@H](CS)C(=O)O,-7.9403,-8.602394443704403
N=C(N)NCCC[C@H](NC(=O)[C@H](Cc1c[nH]cn1)[n+]1[c-]n2ccccc2c1)C(=O)N[C@@H](Cc1ccc(O)cc1)C(=O)O,-1.1544,-7.852177590708077
N=C(N)NCCC[C@H](NC(=O)[C@H](Cc1c[nH]cn1)[n+]1[c-]n2ccccc2c1)C(=O)N[C@@H](Cc1ccccc1)C(=O)O,-6.1262,-7.969285131455466
N=C(N)NCCC[C@H](NC(=O)[C@H](Cc1ccc(O)cc1)[n+]1[c-]n2ccccc2c1)C(=O)N1CCC[C@H]1C(=O)O,-3.7857,-7.439392210610308
N=C(N)NCCC[C@H](NC(=O)[C@H](Cc1ccccc1)NC(=O)[C@H](CC(=O)O)[n+]1[c-]n2ccccc2c1)C(=O)O,-7.3557,-9.743945565403052
N=C(N)NCCC[C@H](NC(=O)[C@H](Cc1ccccc1)NC(=O)[C@H](CCC(=O)O)[n+]1[c-]n2ccccc2c1)C(=O)O,-12.1677,-9.158203762161019
N=C(N)NCCC[C@H](NC(=O)[C@H](Cc1ccccc1)NC(=O)[C@H](CCC(N)=O)[n+]1[c-]n2ccccc2c1)C(=O)O,-8.4706,-6.586304806301796
N=C(N)NCCC[C@H](NC(=O)[C@H](Cc1ccccc1)NC(=O)[C@H](Cc1c[nH]c2ccccc12)[n+]1[c-]n2ccccc2c1)C(=O)O,-10.4192,-10.411846870651699
N=C(N)NCCC[C@H](NC(=O)[C@H](Cc1ccccc1)[n+]1[c-]n2ccccc2c1)C(=O)NCC(=O)O,-13.0733,-8.166163517438145
N=C(N)NCCC[C@H](NC(=O)[C@H](Cc1ccccc1)[n+]1[c-]n2ccccc2c1)C(=O)N[C@@H](CCC(=O)O)C(=O)O,-15.7001,-7.6809167560358835
N=C(N)NCCC[C@H](NC(=O)[C@H](Cc1ccccc1)[n+]1[c-]n2ccccc2c1)C(=O)N[C@@H](CCC(N)=O)C(=O)O,-9.2418,-6.706648265143934
N=C(N)NCCC[C@H](NC(=O)[C@H](Cc1ccccc1)[n+]1[c-]n2ccccc2c1)C(=O)N[C@@H](CS)C(=O)O,-1.5855,-9.344148618503729
N=C(N)NCCC[C@H](NC(=O)[C@H](Cc1ccccc1)[n+]1[c-]n2ccccc2c1)C(=O)N[C@@H](Cc1c[nH]cn1)C(=O)O,-8.8749,-8.861512698510648
NC(=O)CC[C@@H](C(=O)N1CCC[C@H]1C(=O)N[C@@H](CC(N)=O)C(=O)O)[n+]1[c-]n2ccccc2c1,-9.5684,-8.59141720467624
NC(=O)CC[C@@H](C(=O)N1CCC[C@H]1C(=O)N[C@@H](CS)C(=O)O)[n+]1[c-]n2ccccc2c1,-11.9534,-6.862673838337479
NC(=O)CC[C@@H](C(=O)N1CCC[C@H]1C(=O)N[C@@H](Cc1c[nH]c2ccccc12)C(=O)O)[n+]1[c-]n2ccccc2c1,-9.7354,-8.818344950878844
NC(=O)CC[C@@H](C(=O)NCC(=O)N[C@@H](CS)C(=O)O)[n+]1[c-]n2ccccc2c1,-5.8196,-8.885855552408604
NC(=O)CC[C@@H](C(=O)NCC(=O)N[C@@H](Cc1c[nH]cn1)C(=O)O)[n+]1[c-]n2ccccc2c1,-9.797,-7.743314916894604
NC(=O)CC[C@@H](C(=O)N[C@@H](CC(=O)O)C(=O)NCC(=O)O)[n+]1[c-]n2ccccc2c1,-2.1795,-8.878757624470959
NC(=O)CC[C@@H](C(=O)N[C@@H](CC(=O)O)C(=O)N[C@@H](Cc1c[nH]cn1)C(=O)O)[n+]1[c-]n2ccccc2c1,-12.173,-11.206946353300104
NC(=O)CC[C@@H](C(=O)N[C@@H](CC(N)=O)C(=O)N[C@@H](CC(=O)O)C(=O)O)[n+]1[c-]n2ccccc2c1,-14.6986,-10.723831414768505
NC(=O)CC[C@@H](C(=O)N[C@@H](CC(N)=O)C(=O)O)[n+]1[c-]n2ccccc2c1,-6.477,-8.736566427657799
NC(=O)CC[C@@H](C(=O)N[C@@H](CCC(=O)O)C(=O)N[C@@H](Cc1ccc(O)cc1)C(=O)O)[n+]1[c-]n2ccccc2c1,-21.1917,-12.643081053907812
NC(=O)CC[C@@H](C(=O)N[C@@H](CO)C(=O)NCC(=O)O)[n+]1[c-]n2ccccc2c1,-3.023,-7.861646148427381
NC(=O)CC[C@@H](C(=O)N[C@@H](CO)C(=O)N[C@@H](CCC(=O)O)C(=O)O)[n+]1[c-]n2ccccc2c1,-8.203,-12.21607056243069
NC(=O)CC[C@@H](C(=O)N[C@@H](CS)C(=O)N[C@@H](CCC(=O)O)C(=O)O)[n+]1[c-]n2ccccc2c1,-9.3689,-14.159833372387228
NC(=O)CC[C@@H](C(=O)N[C@@H](CS)C(=O)N[C@@H](Cc1c[nH]c2ccccc12)C(=O)O)[n+]1[c-]n2ccccc2c1,-9.089,-8.696538311714903
NC(=O)CC[C@@H](C(=O)N[C@@H](CS)C(=O)O)[n+]1[c-]n2ccccc2c1,-1.5137,-8.65875775807119
NC(=O)CC[C@@H](C(=O)N[C@@H](Cc1c[nH]c2ccccc12)C(=O)N1CCC[C@H]1C(=O)O)[n+]1[c-]n2ccccc2c1,-7.4027,-8.830924486371597
NC(=O)CC[C@@H](C(=O)N[C@@H](Cc1c[nH]c2ccccc12)C(=O)NCC(=O)O)[n+]1[c-]n2ccccc2c1,-14.7583,-8.33951513203486
NC(=O)CC[C@@H](C(=O)N[C@@H](Cc1c[nH]c2ccccc12)C(=O)N[C@@H](Cc1ccc(O)cc1)C(=O)O)[n+]1[c-]n2ccccc2c1,-14.7105,-11.307714047263048
NC(=O)CC[C@@H](C(=O)N[C@@H](Cc1c[nH]c2ccccc12)C(=O)O)[n+]1[c-]n2ccccc2c1,-6.3508,-8.563714937019604
NC(=O)CC[C@@H](C(=O)N[C@@H](Cc1c[nH]cn1)C(=O)N[C@@H](CS)C(=O)O)[n+]1[c-]n2ccccc2c1,-8.7945,-9.134983372173034
NC(=O)CC[C@@H](C(=O)N[C@@H](Cc1c[nH]cn1)C(=O)N[C@@H](Cc1ccc(O)cc1)C(=O)O)[n+]1[c-]n2ccccc2c1,-17.0152,-9.027064955727623
NC(=O)CC[C@@H](C(=O)N[C@@H](Cc1ccc(O)cc1)C(=O)N[C@@H](CO)C(=O)O)[n+]1[c-]n2ccccc2c1,-6.04,-8.464523724973459
NC(=O)CC[C@@H](C(=O)N[C@@H](Cc1ccc(O)cc1)C(=O)N[C@@H](Cc1c[nH]cn1)C(=O)O)[n+]1[c-]n2ccccc2c1,-10.1584,-8.385734952497748
NC(=O)CC[C@@H](C(=O)N[C@@H](Cc1ccccc1)C(=O)NCC(=O)O)[n+]1[c-]n2ccccc2c1,-5.3166,-8.277785363030263
NC(=O)CC[C@@H](C(=O)N[C@@H](Cc1ccccc1)C(=O)N[C@@H](CO)C(=O)O)[n+]1[c-]n2ccccc2c1,-8.6867,-8.624447326149228
NC(=O)CC[C@@H](C(=O)N[C@@H](Cc1ccccc1)C(=O)N[C@@H](Cc1c[nH]c2ccccc12)C(=O)O)[n+]1[c-]n2ccccc2c1,-9.4544,-7.721566652823226
NC(=O)CC[C@@H](C(=O)N[C@@H](Cc1ccccc1)C(=O)N[C@@H](Cc1c[nH]cn1)C(=O)O)[n+]1[c-]n2ccccc2c1,-8.1279,-9.560366152541565
NC(=O)CC[C@H](NC(=O)CNC(=O)[C@H](CC(N)=O)[n+]1[c-]n2ccccc2c1)C(=O)O,-8.1218,-8.472870781189618
NC(=O)CC[C@H](NC(=O)CNC(=O)[C@H](Cc1c[nH]cn1)[n+]1[c-]n2ccccc2c1)C(=O)O,-12.7472,-8.662440218590632
NC(=O)CC[C@H](NC(=O)C[n+]1[c-]n2ccccc2c1)C(=O)N1CCC[C@H]1C(=O)O,-14.0719,-9.746272731879928
NC(=O)CC[C@H](NC(=O)C[n+]1[c-]n2ccccc2c1)C(=O)N[C@@H](CCC(=O)O)C(=O)O,-29.411,-13.273377685607656
NC(=O)CC[C@H](NC(=O)C[n+]1[c-]n2ccccc2c1)C(=O)N[C@@H](CO)C(=O)O,-16.7562,-11.150787770360902
NC(=O)CC[C@H](NC(=O)C[n+]1[c-]n2ccccc2c1)C(=O)N[C@@H](Cc1ccc(O)cc1)C(=O)O,-9.122,-7.327556413941608
NC(=O)CC[C@H](NC(=O)[C@@H]1CCCN1C(=O)[C@H](CO)[n+]1[c-]n2ccccc2c1)C(=O)O,-10.0117,-7.873950182551503
NC(=O)CC[C@H](NC(=O)[C@@H]1CCCN1C(=O)[C@H](Cc1ccccc1)[n+]1[c-]n2ccccc2c1)C(=O)O,-12.4876,-8.299849614205108
NC(=O)CC[C@H](NC(=O)[C@H](CC(=O)O)NC(=O)[C@H](CCC(=O)O)[n+]1[c-]n2ccccc2c1)C(=O)O,-10.5761,-15.046923095850229
NC(=O)CC[C@H](NC(=O)[C@H](CC(=O)O)NC(=O)[C@H](Cc1c[nH]c2ccccc12)[n+]1[c-]n2ccccc2c1)C(=O)O,-5.4766,-12.552246407107202
NC(=O)CC[C@H](NC(=O)[C@H](CC(=O)O)[n+]1[c-]n2ccccc2c1)C(=O)N1CCC[C@H]1C(=O)O,-12.1286,-8.684853234199178
NC(=O)CC[C@H](NC(=O)[C@H](CC(=O)O)[n+]1[c-]n2ccccc2c1)C(=O)N[C@@H](CC(N)=O)C(=O)O,-16.5416,-11.224164118212222
NC(=O)CC[C@H](NC(=O)[C@H](CC(=O)O)[n+]1[c-]n2ccccc2c1)C(=O)N[C@@H](Cc1c[nH]cn1)C(=O)O,-9.3375,-11.15940641634581
NC(=O)CC[C@H](NC(=O)[C@H](CC(=O)O)[n+]1[c-]n2ccccc2c1)C(=O)N[C@@H](Cc1ccc(O)cc1)C(=O)O,-13.4497,-8.204031679074884
NC(=O)CC[C@H](NC(=O)[C@H](CC(N)=O)NC(=O)[C@H](CCC(=O)O)[n+]1[c-]n2ccccc2c1)C(=O)O,-17.1279,-14.020223663781403
NC(=O)CC[C@H](NC(=O)[C@H](CC(N)=O)NC(=O)[C@H](Cc1ccc(O)cc1)[n+]1[c-]n2ccccc2c1)C(=O)O,-8.4456,-9.386292100056698
NC(=O)CC[C@H](NC(=O)[C@H](CCC(=O)O)NC(=O)[C@H](CS)[n+]1[c-]n2ccccc2c1)C(=O)O,-15.8745,-9.422114860603028
NC(=O)CC[C@H](NC(=O)[C@H](CCC(=O)O)NC(=O)[C@H](Cc1c[nH]cn1)[n+]1[c-]n2ccccc2c1)C(=O)O,12.2615,-9.590870494736787
NC(=O)CC[C@H](NC(=O)[C@H](CCC(=O)O)NC(=O)[C@H](Cc1ccc(O)cc1)[n+]1[c-]n2ccccc2c1)C(=O)O,-21.6049,-9.282013905235807
NC(=O)CC[C@H](NC(=O)[C@H](CCC(=O)O)NC(=O)[C@H](Cc1ccccc1)[n+]1[c-]n2ccccc2c1)C(=O)O,-17.5139,-12.905302314169877
NC(=O)CC[C@H](NC(=O)[C@H](CCC(N)=O)NC(=O)[C@H](Cc1c[nH]cn1)[n+]1[c-]n2ccccc2c1)C(=O)O,-10.9526,-10.508407901075582
NC(=O)CC[C@H](NC(=O)[C@H](CCC(N)=O)NC(=O)[C@H](Cc1ccccc1)[n+]1[c-]n2ccccc2c1)C(=O)O,-13.8968,-8.51502837681866
NC(=O)CC[C@H](NC(=O)[C@H](CCC(N)=O)[n+]1[c-]n2ccccc2c1)C(=O)N[C@@H](CC(N)=O)C(=O)O,-17.0938,-9.748794600928338
NC(=O)CC[C@H](NC(=O)[C@H](CCC(N)=O)[n+]1[c-]n2ccccc2c1)C(=O)O,-8.4317,-8.665746415984463
NC(=O)CC[C@H](NC(=O)[C@H](CO)NC(=O)[C@H](CC(N)=O)[n+]1[c-]n2ccccc2c1)C(=O)O,-6.305,-10.741404233403397
NC(=O)CC[C@H](NC(=O)[C@H](CO)NC(=O)[C@H](Cc1ccccc1)[n+]1[c-]n2ccccc2c1)C(=O)O,-9.0318,-10.20442793275214
NC(=O)CC[C@H](NC(=O)[C@H](CO)[n+]1[c-]n2ccccc2c1)C(=O)N1CCC[C@H]1C(=O)O,-9.9732,-7.805582139676546
NC(=O)CC[C@H](NC(=O)[C@H](CO)[n+]1[c-]n2ccccc2c1)C(=O)N[C@@H](CS)C(=O)O,-9.4177,-11.079510243353722
NC(=O)CC[C@H](NC(=O)[C@H](CO)[n+]1[c-]n2ccccc2c1)C(=O)N[C@@H](Cc1c[nH]cn1)C(=O)O,-10.4478,-9.520209444281882
NC(=O)CC[C@H](NC(=O)[C@H](CO)[n+]1[c-]n2ccccc2c1)C(=O)N[C@@H](Cc1ccc(O)cc1)C(=O)O,-13.4106,-9.319907420599314
NC(=O)CC[C@H](NC(=O)[C@H](CO)[n+]1[c-]n2ccccc2c1)C(=O)N[C@@H](Cc1ccccc1)C(=O)O,-14.0777,-9.356397606712582
NC(=O)CC[C@H](NC(=O)[C@H](CO)[n+]1[c-]n2ccccc2c1)C(=O)O,-12.5762,-8.37864872152777
NC(=O)CC[C@H](NC(=O)[C@H](CS)NC(=O)[C@H](CC(N)=O)[n+]1[c-]n2ccccc2c1)C(=O)O,-12.7542,-9.738883100424692
NC(=O)CC[C@H](NC(=O)[C@H](CS)NC(=O)[C@H](CCC(N)=O)[n+]1[c-]n2ccccc2c1)C(=O)O,-9.6951,-10.940803831275915
NC(=O)CC[C@H](NC(=O)[C@H](CS)NC(=O)[C@H](CS)[n+]1[c-]n2ccccc2c1)C(=O)O,-11.2723,-9.99874637299597
NC(=O)CC[C@H](NC(=O)[C@H](CS)[n+]1[c-]n2ccccc2c1)C(=O)N[C@@H](Cc1c[nH]cn1)C(=O)O,-13.0387,-9.823256002277294
NC(=O)CC[C@H](NC(=O)[C@H](Cc1c[nH]c2ccccc12)NC(=O)C[n+]1[c-]n2ccccc2c1)C(=O)O,-19.0296,-9.383003772650524
NC(=O)CC[C@H](NC(=O)[C@H](Cc1c[nH]c2ccccc12)NC(=O)[C@H](Cc1ccc(O)cc1)[n+]1[c-]n2ccccc2c1)C(=O)O,-18.5253,-12.337208321414792
NC(=O)CC[C@H](NC(=O)[C@H](Cc1c[nH]c2ccccc12)[n+]1[c-]n2ccccc2c1)C(=O)N1CCC[C@H]1C(=O)O,-6.9926,-8.718288792762293
NC(=O)CC[C@H](NC(=O)[C@H](Cc1c[nH]c2ccccc12)[n+]1[c-]n2ccccc2c1)C(=O)NCC(=O)O,-7.8029,-9.206440615570708
NC(=O)CC[C@H](NC(=O)[C@H](Cc1c[nH]c2ccccc12)[n+]1[c-]n2ccccc2c1)C(=O)N[C@@H](CC(=O)O)C(=O)O,-13.1553,-12.250356481297878
NC(=O)CC[C@H](NC(=O)[C@H](Cc1c[nH]c2ccccc12)[n+]1[c-]n2ccccc2c1)C(=O)N[C@@H](CCC(=O)O)C(=O)O,-10.4643,-11.976942699677029
NC(=O)CC[C@H](NC(=O)[C@H](Cc1c[nH]c2ccccc12)[n+]1[c-]n2ccccc2c1)C(=O)N[C@@H](CS)C(=O)O,-12.578,-11.070549706452805
NC(=O)CC[C@H](NC(=O)[C@H](Cc1c[nH]c2ccccc12)[n+]1[c-]n2ccccc2c1)C(=O)N[C@@H](Cc1c[nH]cn1)C(=O)O,-21.2945,-10.816266346811096
NC(=O)CC[C@H](NC(=O)[C@H](Cc1c[nH]cn1)[n+]1[c-]n2ccccc2c1)C(=O)N[C@@H](CC(=O)O)C(=O)O,-13.1439,-9.45273094885558
NC(=O)CC[C@H](NC(=O)[C@H](Cc1c[nH]cn1)[n+]1[c-]n2ccccc2c1)C(=O)N[C@@H](Cc1c[nH]cn1)C(=O)O,-16.3705,-9.748413552823052
NC(=O)CC[C@H](NC(=O)[C@H](Cc1ccc(O)cc1)NC(=O)[C@H](CC(N)=O)[n+]1[c-]n2ccccc2c1)C(=O)O,-6.1486,-8.867096678738514
NC(=O)CC[C@H](NC(=O)[C@H](Cc1ccc(O)cc1)NC(=O)[C@H](CCC(N)=O)[n+]1[c-]n2ccccc2c1)C(=O)O,-14.4756,-9.707248623773213
NC(=O)CC[C@H](NC(=O)[C@H](Cc1ccc(O)cc1)NC(=O)[C@H](Cc1ccccc1)[n+]1[c-]n2ccccc2c1)C(=O)O,-7.1458,-8.075135011433453
NC(=O)CC[C@H](NC(=O)[C@H](Cc1ccc(O)cc1)[n+]1[c-]n2ccccc2c1)C(=O)NCC(=O)O,-7.2238,-8.072296616265922
NC(=O)CC[C@H](NC(=O)[C@H](Cc1ccc(O)cc1)[n+]1[c-]n2ccccc2c1)C(=O)N[C@@H](CCC(=O)O)C(=O)O,-4.9662,-11.28293085745989
NC(=O)CC[C@H](NC(=O)[C@H](Cc1ccc(O)cc1)[n+]1[c-]n2ccccc2c1)C(=O)N[C@@H](CO)C(=O)O,-12.7349,-9.867542992811321
NC(=O)CC[C@H](NC(=O)[C@H](Cc1ccc(O)cc1)[n+]1[c-]n2ccccc2c1)C(=O)N[C@@H](Cc1c[nH]cn1)C(=O)O,-16.9853,-9.199552398745425
NC(=O)CC[C@H](NC(=O)[C@H](Cc1ccc(O)cc1)[n+]1[c-]n2ccccc2c1)C(=O)N[C@@H](Cc1ccccc1)C(=O)O,-15.5459,-8.58506088849373
NC(=O)CC[C@H](NC(=O)[C@H](Cc1ccc(O)cc1)[n+]1[c-]n2ccccc2c1)C(=O)O,-8.9699,-8.501263547413563
NC(=O)CC[C@H](NC(=O)[C@H](Cc1ccccc1)NC(=O)[C@H](CC(N)=O)[n+]1[c-]n2ccccc2c1)C(=O)O,-8.2598,-12.152259163173326
NC(=O)CC[C@H](NC(=O)[C@H](Cc1ccccc1)NC(=O)[C@H](CO)[n+]1[c-]n2ccccc2c1)C(=O)O,-14.8299,-9.435639899011768
NC(=O)CC[C@H](NC(=O)[C@H](Cc1ccccc1)NC(=O)[C@H](Cc1c[nH]c2ccccc12)[n+]1[c-]n2ccccc2c1)C(=O)O,-9.3403,-12.346722617731807
NC(=O)CC[C@H](NC(=O)[C@H](Cc1ccccc1)[n+]1[c-]n2ccccc2c1)C(=O)N1CCC[C@H]1C(=O)O,-14.2694,-8.253609036367026
NC(=O)CC[C@H](NC(=O)[C@H](Cc1ccccc1)[n+]1[c-]n2ccccc2c1)C(=O)N[C@@H](CC(N)=O)C(=O)O,-14.4574,-10.03268009965717
NC(=O)C[C@@H](C(=O)N1CCC[C@H]1C(=O)N1CCC[C@H]1C(=O)O)[n+]1[c-]n2ccccc2c1,-8.1181,-7.917815096440978
NC(=O)C[C@@H](C(=O)N1CCC[C@H]1C(=O)N[C@@H](Cc1ccc(O)cc1)C(=O)O)[n+]1[c-]n2ccccc2c1,-6.2425,-8.786501071880304
NC(=O)C[C@@H](C(=O)N1CCC[C@H]1C(=O)O)[n+]1[c-]n2ccccc2c1,-2.8164,-8.001015720145487
NC(=O)C[C@@H](C(=O)NCC(=O)NCC(=O)O)[n+]1[c-]n2ccccc2c1,-4.0731,-8.230155216245784
NC(=O)C[C@@H](C(=O)NCC(=O)N[C@@H](CC(=O)O)C(=O)O)[n+]1[c-]n2ccccc2c1,-11.9987,-8.62365184413542
NC(=O)C[C@@H](C(=O)NCC(=O)N[C@@H](CCC(=O)O)C(=O)O)[n+]1[c-]n2ccccc2c1,-15.3659,-9.103997162130254
NC(=O)C[C@@H](C(=O)NCC(=O)N[C@@H](CS)C(=O)O)[n+]1[c-]n2ccccc2c1,-7.574,-8.541735906193974
NC(=O)C[C@@H](C(=O)NCC(=O)N[C@@H](Cc1c[nH]c2ccccc12)C(=O)O)[n+]1[c-]n2ccccc2c1,-2.9691,-8.405770996024708
NC(=O)C[C@@H](C(=O)NCC(=O)N[C@@H](Cc1c[nH]cn1)C(=O)O)[n+]1[c-]n2ccccc2c1,-7.6789,-6.505726209453849
NC(=O)C[C@@H](C(=O)NCC(=O)N[C@@H](Cc1ccccc1)C(=O)O)[n+]1[c-]n2ccccc2c1,-4.0565,-7.035357494653505
NC(=O)C[C@@H](C(=O)N[C@@H](CCC(=O)O)C(=O)N[C@@H](CCC(=O)O)C(=O)O)[n+]1[c-]n2ccccc2c1,-8.0652,-11.155954814682499
NC(=O)C[C@@H](C(=O)N[C@@H](CCC(=O)O)C(=O)N[C@@H](CO)C(=O)O)[n+]1[c-]n2ccccc2c1,-12.7165,-10.94384802207093
NC(=O)C[C@@H](C(=O)N[C@@H](CCC(=O)O)C(=O)N[C@@H](Cc1ccc(O)cc1)C(=O)O)[n+]1[c-]n2ccccc2c1,-8.5718,-8.986250682348832
NC(=O)C[C@@H](C(=O)N[C@@H](CO)C(=O)NCC(=O)O)[n+]1[c-]n2ccccc2c1,-8.9732,-6.744401841483921
NC(=O)C[C@@H](C(=O)N[C@@H](CS)C(=O)N1CCC[C@H]1C(=O)O)[n+]1[c-]n2ccccc2c1,-5.7713,-7.487189313254919
NC(=O)C[C@@H](C(=O)N[C@@H](CS)C(=O)NCC(=O)O)[n+]1[c-]n2ccccc2c1,-8.7091,-8.270188078893224
NC(=O)C[C@@H](C(=O)N[C@@H](Cc1c[nH]c2ccccc12)C(=O)N[C@@H](Cc1c[nH]c2ccccc12)C(=O)O)[n+]1[c-]n2ccccc2c1,-11.5925,-10.07182230456618
NC(=O)C[C@@H](C(=O)N[C@@H](Cc1c[nH]c2ccccc12)C(=O)N[C@@H](Cc1ccccc1)C(=O)O)[n+]1[c-]n2ccccc2c1,-12.7847,-7.49987440932612
NC(=O)C[C@@H](C(=O)N[C@@H](Cc1c[nH]cn1)C(=O)N[C@@H](Cc1c[nH]c2ccccc12)C(=O)O)[n+]1[c-]n2ccccc2c1,-13.6554,-10.527212777822946
NC(=O)C[C@@H](C(=O)N[C@@H](Cc1ccc(O)cc1)C(=O)NCC(=O)O)[n+]1[c-]n2ccccc2c1,-7.7042,-9.446453812310219
NC(=O)C[C@@H](C(=O)N[C@@H](Cc1ccc(O)cc1)C(=O)N[C@@H](Cc1ccccc1)C(=O)O)[n+]1[c-]n2ccccc2c1,-9.5463,-7.596800102463645
NC(=O)C[C@@H](C(=O)N[C@@H](Cc1ccccc1)C(=O)N1CCC[C@H]1C(=O)O)[n+]1[c-]n2ccccc2c1,-15.3234,-7.187127818437693
NC(=O)C[C@@H](C(=O)N[C@@H](Cc1ccccc1)C(=O)N[C@@H](Cc1c[nH]cn1)C(=O)O)[n+]1[c-]n2ccccc2c1,-11.2369,-10.518667793983449
NC(=O)C[C@@H](C(=O)N[C@@H](Cc1ccccc1)C(=O)O)[n+]1[c-]n2ccccc2c1,-7.4418,-8.586918609768313
NC(=O)C[C@H](NC(=O)CNC(=O)C[n+]1[c-]n2ccccc2c1)C(=O)O,-13.7527,-9.57201396849944
NC(=O)C[C@H](NC(=O)CNC(=O)[C@H](CS)[n+]1[c-]n2ccccc2c1)C(=O)O,-17.0527,-8.203877861999855
NC(=O)C[C@H](NC(=O)CNC(=O)[C@H](Cc1c[nH]c2ccccc12)[n+]1[c-]n2ccccc2c1)C(=O)O,-14.1362,-8.691560350116982
NC(=O)C[C@H](NC(=O)CNC(=O)[C@H](Cc1ccccc1)[n+]1[c-]n2ccccc2c1)C(=O)O,-11.7915,-9.314277117518232
NC(=O)C[C@H](NC(=O)C[n+]1[c-]n2ccccc2c1)C(=O)N[C@@H](CS)C(=O)O,-10.5513,-10.31391302553395
NC(=O)C[C@H](NC(=O)C[n+]1[c-]n2ccccc2c1)C(=O)O,-5.1148,-8.918995715664682
NC(=O)C[C@H](NC(=O)[C@@H]1CCCN1C(=O)C[n+]1[c-]n2ccccc2c1)C(=O)O,-13.2552,-9.437534717269038
NC(=O)C[C@H](NC(=O)[C@@H]1CCCN1C(=O)[C@H](CC(=O)O)[n+]1[c-]n2ccccc2c1)C(=O)O,-6.6129,-8.33853475696858
NC(=O)C[C@H](NC(=O)[C@@H]1CCCN1C(=O)[C@H](CO)[n+]1[c-]n2ccccc2c1)C(=O)O,-6.3879,-7.81109794142917
NC(=O)C[C@H](NC(=O)[C@@H]1CCCN1C(=O)[C@H](Cc1c[nH]c2ccccc12)[n+]1[c-]n2ccccc2c1)C(=O)O,-11.3338,-8.81371161390059
NC(=O)C[C@H](NC(=O)[C@@H]1CCCN1C(=O)[C@H](Cc1ccc(O)cc1)[n+]1[c-]n2ccccc2c1)C(=O)O,-9.2592,-9.446937175207154
NC(=O)C[C@H](NC(=O)[C@@H]1CCCN1C(=O)[C@H](Cc1ccccc1)[n+]1[c-]n2ccccc2c1)C(=O)O,-9.3561,-8.324169890435778
NC(=O)C[C@H](NC(=O)[C@H](CC(=O)O)NC(=O)[C@H](Cc1c[nH]cn1)[n+]1[c-]n2ccccc2c1)C(=O)O,-8.3865,-7.322501863486887
NC(=O)C[C@H](NC(=O)[C@H](CC(=O)O)NC(=O)[C@H](Cc1ccccc1)[n+]1[c-]n2ccccc2c1)C(=O)O,-12.7731,-11.665041373703112
NC(=O)C[C@H](NC(=O)[C@H](CC(=O)O)[n+]1[c-]n2ccccc2c1)C(=O)NCC(=O)O,-6.2694,-9.027876024196958
NC(=O)C[C@H](NC(=O)[C@H](CC(=O)O)[n+]1[c-]n2ccccc2c1)C(=O)N[C@@H](CC(=O)O)C(=O)O,-9.2649,-8.946130369427227
NC(=O)C[C@H](NC(=O)[C@H](CC(N)=O)NC(=O)[C@H](Cc1ccc(O)cc1)[n+]1[c-]n2ccccc2c1)C(=O)O,-12.5573,-7.823493962384518
NC(=O)C[C@H](NC(=O)[C@H](CC(N)=O)[n+]1[c-]n2ccccc2c1)C(=O)N[C@@H](CC(=O)O)C(=O)O,-16.4471,-10.824541030906191
NC(=O)C[C@H](NC(=O)[C@H](CCC(=O)O)NC(=O)C[n+]1[c-]n2ccccc2c1)C(=O)O,-16.1134,-17.00030935119799
NC(=O)C[C@H](NC(=O)[C@H](CCC(=O)O)NC(=O)[C@H](Cc1ccc(O)cc1)[n+]1[c-]n2ccccc2c1)C(=O)O,-14.12,-7.950107279840924
NC(=O)C[C@H](NC(=O)[C@H](CCC(=O)O)[n+]1[c-]n2ccccc2c1)C(=O)N1CCC[C@H]1C(=O)O,-17.4734,-8.563912325494227
NC(=O)C[C@H](NC(=O)[C@H](CCC(=O)O)[n+]1[c-]n2ccccc2c1)C(=O)N[C@@H](CO)C(=O)O,-10.7981,-11.678510424614576
NC(=O)C[C@H](NC(=O)[C@H](CCC(=O)O)[n+]1[c-]n2ccccc2c1)C(=O)O,-4.5981,-9.0687536854985
NC(=O)C[C@H](NC(=O)[C@H](CO)NC(=O)C[n+]1[c-]n2ccccc2c1)C(=O)O,-13.5343,-10.094207739289676
NC(=O)C[C@H](NC(=O)[C@H](CO)NC(=O)[C@H](CO)[n+]1[c-]n2ccccc2c1)C(=O)O,-14.7164,-9.932173585073901
NC(=O)C[C@H](NC(=O)[C@H](CO)[n+]1[c-]n2ccccc2c1)C(=O)N1CCC[C@H]1C(=O)O,-13.9372,-7.720526434546466
NC(=O)C[C@H](NC(=O)[C@H](CS)NC(=O)[C@H](Cc1ccc(O)cc1)[n+]1[c-]n2ccccc2c1)C(=O)O,-11.5578,-9.606930186887167
NC(=O)C[C@H](NC(=O)[C@H](CS)NC(=O)[C@H](Cc1ccccc1)[n+]1[c-]n2ccccc2c1)C(=O)O,-13.4086,-10.836081140554688
NC(=O)C[C@H](NC(=O)[C@H](CS)[n+]1[c-]n2ccccc2c1)C(=O)N[C@@H](CO)C(=O)O,-14.0904,-11.557301883177033
NC(=O)C[C@H](NC(=O)[C@H](CS)[n+]1[c-]n2ccccc2c1)C(=O)N[C@@H](Cc1c[nH]c2ccccc12)C(=O)O,-9.1859,-9.825949588949783
NC(=O)C[C@H](NC(=O)[C@H](Cc1c[nH]c2ccccc12)[n+]1[c-]n2ccccc2c1)C(=O)N[C@@H](CCC(=O)O)C(=O)O,-13.587,-11.768648219082529
NC(=O)C[C@H](NC(=O)[C@H](Cc1c[nH]c2ccccc12)[n+]1[c-]n2ccccc2c1)C(=O)N[C@@H](Cc1c[nH]c2ccccc12)C(=O)O,-13.1313,-10.13955888546503
NC(=O)C[C@H](NC(=O)[C@H](Cc1c[nH]cn1)NC(=O)[C@H](Cc1c[nH]c2ccccc12)[n+]1[c-]n2ccccc2c1)C(=O)O,-14.8258,-11.87922800512177
NC(=O)C[C@H](NC(=O)[C@H](Cc1c[nH]cn1)[n+]1[c-]n2ccccc2c1)C(=O)N[C@@H](CCC(=O)O)C(=O)O,-8.2821,-8.905075169612902
NC(=O)C[C@H](NC(=O)[C@H](Cc1c[nH]cn1)[n+]1[c-]n2ccccc2c1)C(=O)N[C@@H](CO)C(=O)O,-12.5226,-9.35418140299318
NC(=O)C[C@H](NC(=O)[C@H](Cc1ccc(O)cc1)NC(=O)[C@H](CO)[n+]1[c-]n2ccccc2c1)C(=O)O,-9.6855,-10.122898342599763
NC(=O)C[C@H](NC(=O)[C@H](Cc1ccc(O)cc1)NC(=O)[C@H](CS)[n+]1[c-]n2ccccc2c1)C(=O)O,-16.1543,-10.186413220767122
NC(=O)C[C@H](NC(=O)[C@H](Cc1ccc(O)cc1)NC(=O)[C@H](Cc1ccccc1)[n+]1[c-]n2ccccc2c1)C(=O)O,-6.6834,-9.430477240488761
NC(=O)C[C@H](NC(=O)[C@H](Cc1ccc(O)cc1)[n+]1[c-]n2ccccc2c1)C(=O)N1CCC[C@H]1C(=O)O,-11.5179,-9.49047225801774
NC(=O)C[C@H](NC(=O)[C@H](Cc1ccc(O)cc1)[n+]1[c-]n2ccccc2c1)C(=O)N[C@@H](Cc1ccc(O)cc1)C(=O)O,-10.982,-10.200529395861416
NC(=O)C[C@H](NC(=O)[C@H](Cc1ccccc1)[n+]1[c-]n2ccccc2c1)C(=O)N1CCC[C@H]1C(=O)O,-13.7724,-8.338048980802947
NC(=O)C[C@H](NC(=O)[C@H](Cc1ccccc1)[n+]1[c-]n2ccccc2c1)C(=O)N[C@@H](CO)C(=O)O,-7.0089,-9.694340386159006
NC(=O)C[C@H](NC(=O)[C@H](Cc1ccccc1)[n+]1[c-]n2ccccc2c1)C(=O)N[C@@H](Cc1c[nH]c2ccccc12)C(=O)O,-13.6437,-11.144514858248122
O=C(CNC(=O)[C@H](CO)[n+]1[c-]n2ccccc2c1)N[C@@H](CO)C(=O)O,-13.8013,-8.98763070066251
O=C(CNC(=O)[C@H](Cc1c[nH]c2ccccc12)[n+]1[c-]n2ccccc2c1)N[C@@H](Cc1c[nH]c2ccccc12)C(=O)O,-13.8816,-8.625586522540392
O=C(CNC(=O)[C@H](Cc1c[nH]cn1)[n+]1[c-]n2ccccc2c1)N[C@@H](Cc1ccccc1)C(=O)O,-13.2307,-8.62379938377643
O=C(CNC(=O)[C@H](Cc1ccccc1)[n+]1[c-]n2ccccc2c1)N[C@@H](CO)C(=O)O,-12.595,-8.383822216500482
O=C(CNC(=O)[C@H](Cc1ccccc1)[n+]1[c-]n2ccccc2c1)N[C@@H](Cc1c[nH]cn1)C(=O)O,-8.3474,-8.570139954955001
O=C(C[n+]1[c-]n2ccccc2c1)N[C@@H](CO)C(=O)N[C@@H](CS)C(=O)O,-10.0426,-9.2510061017195
O=C(C[n+]1[c-]n2ccccc2c1)N[C@@H](CS)C(=O)N1CCC[C@H]1C(=O)O,-11.6261,-8.52146966253927
O=C(C[n+]1[c-]n2ccccc2c1)N[C@@H](CS)C(=O)N[C@@H](Cc1c[nH]cn1)C(=O)O,-10.4321,-9.204382687283976
O=C(C[n+]1[c-]n2ccccc2c1)N[C@@H](CS)C(=O)N[C@@H](Cc1ccccc1)C(=O)O,-15.763,-9.300158788846746
O=C(C[n+]1[c-]n2ccccc2c1)N[C@@H](Cc1c[nH]c2ccccc12)C(=O)N[C@@H](CS)C(=O)O,-40.2943,-9.676926186697361
O=C(C[n+]1[c-]n2ccccc2c1)N[C@@H](Cc1c[nH]cn1)C(=O)N1CCC[C@H]1C(=O)O,-9.8542,-8.586670680110917
O=C(C[n+]1[c-]n2ccccc2c1)N[C@@H](Cc1c[nH]cn1)C(=O)N[C@@H](Cc1ccccc1)C(=O)O,-3.7951,-8.905651546380316
O=C(C[n+]1[c-]n2ccccc2c1)N[C@@H](Cc1ccc(O)cc1)C(=O)N[C@@H](Cc1c[nH]cn1)C(=O)O,-11.5811,-9.739041706865866
O=C(C[n+]1[c-]n2ccccc2c1)N[C@@H](Cc1ccccc1)C(=O)N[C@@H](Cc1ccccc1)C(=O)O,-10.8466,-8.32152990775354
O=C(O)CC[C@@H](C(=O)NCC(=O)N[C@@H](CC(=O)O)C(=O)O)[n+]1[c-]n2ccccc2c1,-11.2825,-4.9369441124824185
O=C(O)CC[C@@H](C(=O)N[C@@H](CO)C(=O)NCC(=O)O)[n+]1[c-]n2ccccc2c1,-7.6025,-7.999056432775701
O=C(O)CC[C@@H](C(=O)N[C@@H](CO)C(=O)N[C@@H](CO)C(=O)O)[n+]1[c-]n2ccccc2c1,-1.3658,-8.803577677780053
O=C(O)CC[C@@H](C(=O)N[C@@H](CO)C(=O)N[C@@H](Cc1c[nH]cn1)C(=O)O)[n+]1[c-]n2ccccc2c1,-3.8328,-7.907175497560437
O=C(O)CC[C@@H](C(=O)N[C@@H](CO)C(=O)N[C@@H](Cc1ccc(O)cc1)C(=O)O)[n+]1[c-]n2ccccc2c1,-13.0733,-8.534244228665246
O=C(O)CC[C@@H](C(=O)N[C@@H](CS)C(=O)N[C@@H](CO)C(=O)O)[n+]1[c-]n2ccccc2c1,-8.6734,-11.816596853115461
O=C(O)CC[C@@H](C(=O)N[C@@H](CS)C(=O)N[C@@H](Cc1c[nH]c2ccccc12)C(=O)O)[n+]1[c-]n2ccccc2c1,-5.0496,-7.628794910896692
O=C(O)CC[C@@H](C(=O)N[C@@H](Cc1c[nH]c2ccccc12)C(=O)N[C@@H](CO)C(=O)O)[n+]1[c-]n2ccccc2c1,-5.8544,-8.451995900915753
O=C(O)CC[C@@H](C(=O)N[C@@H](Cc1c[nH]c2ccccc12)C(=O)N[C@@H](Cc1ccccc1)C(=O)O)[n+]1[c-]n2ccccc2c1,-11.1638,-8.873849285991694
O=C(O)CC[C@@H](C(=O)N[C@@H](Cc1c[nH]c2ccccc12)C(=O)O)[n+]1[c-]n2ccccc2c1,-9.957,-8.733661427094745
O=C(O)CC[C@@H](C(=O)N[C@@H](Cc1c[nH]cn1)C(=O)N[C@@H](CC(=O)O)C(=O)O)[n+]1[c-]n2ccccc2c1,-18.6979,-10.46619272448803
O=C(O)CC[C@@H](C(=O)N[C@@H](Cc1c[nH]cn1)C(=O)N[C@@H](Cc1c[nH]c2ccccc12)C(=O)O)[n+]1[c-]n2ccccc2c1,-20.0375,-10.777854343442321
O=C(O)CC[C@@H](C(=O)N[C@@H](Cc1c[nH]cn1)C(=O)O)[n+]1[c-]n2ccccc2c1,-6.0863,-8.908514246563668
O=C(O)CC[C@@H](C(=O)N[C@@H](Cc1ccc(O)cc1)C(=O)N[C@@H](CS)C(=O)O)[n+]1[c-]n2ccccc2c1,-9.8732,-10.48165617568836
O=C(O)CC[C@@H](C(=O)N[C@@H](Cc1ccc(O)cc1)C(=O)O)[n+]1[c-]n2ccccc2c1,-9.4241,-9.02675046380481
O=C(O)CC[C@@H](C(=O)N[C@@H](Cc1ccccc1)C(=O)N1CCC[C@H]1C(=O)O)[n+]1[c-]n2ccccc2c1,-9.5624,-8.110232673108488
O=C(O)CC[C@@H](C(=O)N[C@@H](Cc1ccccc1)C(=O)N[C@@H](CS)C(=O)O)[n+]1[c-]n2ccccc2c1,-5.3683,-7.719895566729621
O=C(O)CC[C@@H](C(=O)N[C@@H](Cc1ccccc1)C(=O)N[C@@H](Cc1ccc(O)cc1)C(=O)O)[n+]1[c-]n2ccccc2c1,-14.3571,-6.532046182405204
O=C(O)CC[C@H](NC(=O)CNC(=O)[C@H](CC(=O)O)[n+]1[c-]n2ccccc2c1)C(=O)O,-12.4718,-6.834940732381552
O=C(O)CC[C@H](NC(=O)CNC(=O)[C@H](CCC(=O)O)[n+]1[c-]n2ccccc2c1)C(=O)O,-10.2557,-8.237787110292471
O=C(O)CC[C@H](NC(=O)CNC(=O)[C@H](CO)[n+]1[c-]n2ccccc2c1)C(=O)O,-12.5122,-8.373801950991878
O=C(O)CC[C@H](NC(=O)CNC(=O)[C@H](CS)[n+]1[c-]n2ccccc2c1)C(=O)O,-13.669,-7.941755852151779
O=C(O)CC[C@H](NC(=O)C[n+]1[c-]n2ccccc2c1)C(=O)N[C@@H](CO)C(=O)O,-12.5222,-9.80479440362413
O=C(O)CC[C@H](NC(=O)[C@@H]1CCCN1C(=O)[C@H](Cc1ccccc1)[n+]1[c-]n2ccccc2c1)C(=O)O,-9.8091,-8.342293319650974
O=C(O)CC[C@H](NC(=O)[C@H](CC(=O)O)NC(=O)[C@H](CC(=O)O)[n+]1[c-]n2ccccc2c1)C(=O)O,-7.0071,-5.405876055867833
O=C(O)CC[C@H](NC(=O)[C@H](CC(=O)O)NC(=O)[C@H](Cc1c[nH]c2ccccc12)[n+]1[c-]n2ccccc2c1)C(=O)O,-8.1397,-9.942624820485598
O=C(O)CC[C@H](NC(=O)[C@H](CC(=O)O)NC(=O)[C@H](Cc1ccccc1)[n+]1[c-]n2ccccc2c1)C(=O)O,-12.4796,-10.709808042770122
O=C(O)CC[C@H](NC(=O)[C@H](CC(=O)O)[n+]1[c-]n2ccccc2c1)C(=O)N[C@@H](CO)C(=O)O,-8.3388,-9.624284722814142
O=C(O)CC[C@H](NC(=O)[C@H](CC(=O)O)[n+]1[c-]n2ccccc2c1)C(=O)N[C@@H](CS)C(=O)O,-7.3982,-8.388589874052075
O=C(O)CC[C@H](NC(=O)[C@H](CCC(=O)O)NC(=O)[C@H](CC(=O)O)[n+]1[c-]n2ccccc2c1)C(=O)O,-8.1986,-8.753447738410058
O=C(O)CC[C@H](NC(=O)[C@H](CCC(=O)O)[n+]1[c-]n2ccccc2c1)C(=O)N1CCC[C@H]1C(=O)O,-7.6827,-8.554018800265156
O=C(O)CC[C@H](NC(=O)[C@H](CO)NC(=O)[C@H](CO)[n+]1[c-]n2ccccc2c1)C(=O)O,-13.3494,-9.113116810497539
O=C(O)CC[C@H](NC(=O)[C@H](CO)NC(=O)[C@H](Cc1c[nH]cn1)[n+]1[c-]n2ccccc2c1)C(=O)O,-12.5075,-9.523262609180021
O=C(O)CC[C@H](NC(=O)[C@H](CO)NC(=O)[C@H](Cc1ccc(O)cc1)[n+]1[c-]n2ccccc2c1)C(=O)O,-10.1837,-9.350041569871074
O=C(O)CC[C@H](NC(=O)[C@H](CO)NC(=O)[C@H](Cc1ccccc1)[n+]1[c-]n2ccccc2c1)C(=O)O,-10.5264,-10.382658159337478
O=C(O)CC[C@H](NC(=O)[C@H](CO)[n+]1[c-]n2ccccc2c1)C(=O)NCC(=O)O,-6.2016,-8.471574302592185
O=C(O)CC[C@H](NC(=O)[C@H](CO)[n+]1[c-]n2ccccc2c1)C(=O)N[C@@H](CC(=O)O)C(=O)O,-8.1699,-9.795632031856675
O=C(O)CC[C@H](NC(=O)[C@H](CS)NC(=O)C[n+]1[c-]n2ccccc2c1)C(=O)O,-14.7515,-8.594557316381524
O=C(O)CC[C@H](NC(=O)[C@H](CS)NC(=O)[C@H](CCC(=O)O)[n+]1[c-]n2ccccc2c1)C(=O)O,-7.4322,-8.339652963747765
O=C(O)CC[C@H](NC(=O)[C@H](CS)NC(=O)[C@H](Cc1ccc(O)cc1)[n+]1[c-]n2ccccc2c1)C(=O)O,-13.6289,-11.222630892263728
O=C(O)CC[C@H](NC(=O)[C@H](CS)[n+]1[c-]n2ccccc2c1)C(=O)N[C@@H](CC(=O)O)C(=O)O,-12.5126,-8.966075122953013
O=C(O)CC[C@H](NC(=O)[C@H](CS)[n+]1[c-]n2ccccc2c1)C(=O)N[C@@H](Cc1c[nH]c2ccccc12)C(=O)O,-7.5819,-8.696402997078364
O=C(O)CC[C@H](NC(=O)[C@H](CS)[n+]1[c-]n2ccccc2c1)C(=O)N[C@@H](Cc1c[nH]cn1)C(=O)O,-11.4431,-10.078969577599302
O=C(O)CC[C@H](NC(=O)[C@H](Cc1c[nH]c2ccccc12)NC(=O)[C@H](CC(=O)O)[n+]1[c-]n2ccccc2c1)C(=O)O,-10.5234,-9.719952636466678
O=C(O)CC[C@H](NC(=O)[C@H](Cc1c[nH]c2ccccc12)NC(=O)[C@H](CS)[n+]1[c-]n2ccccc2c1)C(=O)O,-7.234,-9.94928346921016
O=C(O)CC[C@H](NC(=O)[C@H](Cc1c[nH]c2ccccc12)[n+]1[c-]n2ccccc2c1)C(=O)N1CCC[C@H]1C(=O)O,-4.8896,-8.569478749505263
O=C(O)CC[C@H](NC(=O)[C@H](Cc1c[nH]c2ccccc12)[n+]1[c-]n2ccccc2c1)C(=O)N[C@@H](Cc1ccc(O)cc1)C(=O)O,-18.4024,-10.07801629310331
O=C(O)CC[C@H](NC(=O)[C@H](Cc1c[nH]cn1)NC(=O)C[n+]1[c-]n2ccccc2c1)C(=O)O,-21.0001,-9.577245176913827
O=C(O)CC[C@H](NC(=O)[C@H](Cc1c[nH]cn1)NC(=O)[C@H](Cc1c[nH]c2ccccc12)[n+]1[c-]n2ccccc2c1)C(=O)O,-16.7387,-10.056405365448278
O=C(O)CC[C@H](NC(=O)[C@H](Cc1c[nH]cn1)[n+]1[c-]n2ccccc2c1)C(=O)NCC(=O)O,-5.9014,-8.920570144074816
O=C(O)CC[C@H](NC(=O)[C@H](Cc1c[nH]cn1)[n+]1[c-]n2ccccc2c1)C(=O)N[C@@H](CC(=O)O)C(=O)O,-6.2704,-10.651698367837117
O=C(O)CC[C@H](NC(=O)[C@H](Cc1c[nH]cn1)[n+]1[c-]n2ccccc2c1)C(=O)N[C@@H](Cc1ccc(O)cc1)C(=O)O,-10.9879,-10.720709838954036
O=C(O)CC[C@H](NC(=O)[C@H](Cc1ccc(O)cc1)NC(=O)[C@H](CC(=O)O)[n+]1[c-]n2ccccc2c1)C(=O)O,-16.3703,-10.45722794916875
O=C(O)CC[C@H](NC(=O)[C@H](Cc1ccc(O)cc1)NC(=O)[C@H](CCC(=O)O)[n+]1[c-]n2ccccc2c1)C(=O)O,-6.8304,-11.965861856616955
O=C(O)CC[C@H](NC(=O)[C@H](Cc1ccc(O)cc1)NC(=O)[C@H](Cc1c[nH]c2ccccc12)[n+]1[c-]n2ccccc2c1)C(=O)O,-10.177,-9.518410846735915
O=C(O)CC[C@H](NC(=O)[C@H](Cc1ccc(O)cc1)NC(=O)[C@H](Cc1ccccc1)[n+]1[c-]n2ccccc2c1)C(=O)O,-9.1219,-8.742284975782901
O=C(O)CC[C@H](NC(=O)[C@H](Cc1ccc(O)cc1)[n+]1[c-]n2ccccc2c1)C(=O)NCC(=O)O,-10.0133,-10.751180432285596
O=C(O)CC[C@H](NC(=O)[C@H](Cc1ccc(O)cc1)[n+]1[c-]n2ccccc2c1)C(=O)N[C@@H](CC(=O)O)C(=O)O,-14.3856,-10.14474339565739
O=C(O)CC[C@H](NC(=O)[C@H](Cc1ccc(O)cc1)[n+]1[c-]n2ccccc2c1)C(=O)N[C@@H](CO)C(=O)O,-10.9537,-9.052519168055817
O=C(O)CC[C@H](NC(=O)[C@H](Cc1ccccc1)[n+]1[c-]n2ccccc2c1)C(=O)NCC(=O)O,-11.4433,-9.463078201053003
O=C(O)CC[C@H](NC(=O)[C@H](Cc1ccccc1)[n+]1[c-]n2ccccc2c1)C(=O)N[C@@H](Cc1c[nH]cn1)C(=O)O,-14.8605,-9.923586602568133
O=C(O)CC[C@H](NC(=O)[C@H](Cc1ccccc1)[n+]1[c-]n2ccccc2c1)C(=O)N[C@@H](Cc1ccc(O)cc1)C(=O)O,-12.767,-9.118691130233941
O=C(O)CNC(=O)CNC(=O)C[n+]1[c-]n2ccccc2c1,-7.656,-8.691939793119841
O=C(O)CNC(=O)CNC(=O)[C@H](CS)[n+]1[c-]n2ccccc2c1,-8.0509,-8.693236410598763
O=C(O)CNC(=O)[C@@H]1CCCN1C(=O)[C@H](Cc1c[nH]c2ccccc12)[n+]1[c-]n2ccccc2c1,-9.6181,-8.578685705481629
O=C(O)CNC(=O)[C@@H]1CCCN1C(=O)[C@H](Cc1ccc(O)cc1)[n+]1[c-]n2ccccc2c1,-2.3295,-8.506327145825663
O=C(O)CNC(=O)[C@H](CC(=O)O)NC(=O)[C@H](Cc1c[nH]cn1)[n+]1[c-]n2ccccc2c1,-8.3963,-8.90174345818579
O=C(O)CNC(=O)[C@H](CC(=O)O)NC(=O)[C@H](Cc1ccccc1)[n+]1[c-]n2ccccc2c1,-5.7253,-8.720163263003288
O=C(O)CNC(=O)[C@H](CO)NC(=O)[C@H](CS)[n+]1[c-]n2ccccc2c1,-5.2283,-8.544119303556018
O=C(O)CNC(=O)[C@H](CO)NC(=O)[C@H](Cc1ccccc1)[n+]1[c-]n2ccccc2c1,-12.1978,-8.16204876030339
O=C(O)CNC(=O)[C@H](CS)NC(=O)[C@H](CC(=O)O)[n+]1[c-]n2ccccc2c1,-7.0875,-6.978420377668917
O=C(O)CNC(=O)[C@H](CS)NC(=O)[C@H](CO)[n+]1[c-]n2ccccc2c1,-9.9748,-8.631880939658856
O=C(O)CNC(=O)[C@H](CS)NC(=O)[C@H](Cc1ccccc1)[n+]1[c-]n2ccccc2c1,-10.0373,-8.8660931124871
O=C(O)CNC(=O)[C@H](Cc1c[nH]c2ccccc12)NC(=O)[C@H](CS)[n+]1[c-]n2ccccc2c1,-9.7176,-7.954521000992063
O=C(O)CNC(=O)[C@H](Cc1c[nH]c2ccccc12)[n+]1[c-]n2ccccc2c1,-7.2862,-8.552444801108072
O=C(O)CNC(=O)[C@H](Cc1c[nH]cn1)NC(=O)[C@H](CC(=O)O)[n+]1[c-]n2ccccc2c1,-4.7678,-8.961893230330707
O=C(O)CNC(=O)[C@H](Cc1c[nH]cn1)NC(=O)[C@H](Cc1ccccc1)[n+]1[c-]n2ccccc2c1,-3.028,-8.618495273023973
O=C(O)CNC(=O)[C@H](Cc1ccc(O)cc1)NC(=O)[C@H](CO)[n+]1[c-]n2ccccc2c1,-9.8223,-7.500406897025938
O=C(O)CNC(=O)[C@H](Cc1ccc(O)cc1)NC(=O)[C@H](CS)[n+]1[c-]n2ccccc2c1,-3.4582,-9.019399856837017
O=C(O)CNC(=O)[C@H](Cc1ccc(O)cc1)NC(=O)[C@H](Cc1ccc(O)cc1)[n+]1[c-]n2ccccc2c1,-4.0344,-9.358494034187043
O=C(O)CNC(=O)[C@H](Cc1ccccc1)NC(=O)[C@H](CC(=O)O)[n+]1[c-]n2ccccc2c1,-3.0411,-8.504667556889512
O=C(O)CNC(=O)[C@H](Cc1ccccc1)NC(=O)[C@H](CS)[n+]1[c-]n2ccccc2c1,-5.4316,-8.825050947791977
O=C(O)CNC(=O)[C@H](Cc1ccccc1)NC(=O)[C@H](Cc1c[nH]cn1)[n+]1[c-]n2ccccc2c1,-3.2014,-8.621732145438969
O=C(O)C[C@@H](C(=O)N1CCC[C@H]1C(=O)N[C@@H](CO)C(=O)O)[n+]1[c-]n2ccccc2c1,-7.701,-8.58246925932729
O=C(O)C[C@@H](C(=O)N[C@@H](CO)C(=O)N1CCC[C@H]1C(=O)O)[n+]1[c-]n2ccccc2c1,-2.0209,-8.889278531540583
O=C(O)C[C@@H](C(=O)N[C@@H](CO)C(=O)N[C@@H](Cc1ccc(O)cc1)C(=O)O)[n+]1[c-]n2ccccc2c1,-7.6658,-8.579586178444078
O=C(O)C[C@@H](C(=O)N[C@@H](CO)C(=O)N[C@@H](Cc1ccccc1)C(=O)O)[n+]1[c-]n2ccccc2c1,-4.8371,-7.02849577797358
O=C(O)C[C@@H](C(=O)N[C@@H](Cc1c[nH]c2ccccc12)C(=O)O)[n+]1[c-]n2ccccc2c1,-7.1894,-8.581028473124077
O=C(O)C[C@@H](C(=O)N[C@@H](Cc1c[nH]cn1)C(=O)N1CCC[C@H]1C(=O)O)[n+]1[c-]n2ccccc2c1,-8.2188,-4.79331943836122
O=C(O)C[C@@H](C(=O)N[C@@H](Cc1ccc(O)cc1)C(=O)N1CCC[C@H]1C(=O)O)[n+]1[c-]n2ccccc2c1,-4.7262,-6.389438523429602
O=C(O)C[C@@H](C(=O)N[C@@H](Cc1ccc(O)cc1)C(=O)N[C@@H](CO)C(=O)O)[n+]1[c-]n2ccccc2c1,-7.8407,-8.773005027228134
O=C(O)C[C@@H](C(=O)N[C@@H](Cc1ccc(O)cc1)C(=O)N[C@@H](CS)C(=O)O)[n+]1[c-]n2ccccc2c1,-7.3894,-6.500291413223067
O=C(O)C[C@@H](C(=O)N[C@@H](Cc1ccc(O)cc1)C(=O)N[C@@H](Cc1ccc(O)cc1)C(=O)O)[n+]1[c-]n2ccccc2c1,-8.3009,-8.979669404365685
O=C(O)C[C@@H](C(=O)N[C@@H](Cc1ccc(O)cc1)C(=O)O)[n+]1[c-]n2ccccc2c1,-7.9028,-8.811162948461176
O=C(O)C[C@@H](C(=O)O)[n+]1[c-]n2ccccc2c1,-4.2994,-8.451156352622364
O=C(O)C[C@H](NC(=O)C[n+]1[c-]n2ccccc2c1)C(=O)N[C@@H](Cc1c[nH]c2ccccc12)C(=O)O,-11.4111,-9.827075831671355
O=C(O)C[C@H](NC(=O)[C@@H]1CCCN1C(=O)[C@H](CS)[n+]1[c-]n2ccccc2c1)C(=O)O,-9.0298,-6.29229627148668
O=C(O)C[C@H](NC(=O)[C@@H]1CCCN1C(=O)[C@H](Cc1ccccc1)[n+]1[c-]n2ccccc2c1)C(=O)O,-5.4279,-8.09627840501297
O=C(O)C[C@H](NC(=O)[C@H](CO)NC(=O)C[n+]1[c-]n2ccccc2c1)C(=O)O,-7.2976,-9.207288648816442
O=C(O)C[C@H](NC(=O)[C@H](CS)[n+]1[c-]n2ccccc2c1)C(=O)N[C@@H](CS)C(=O)O,-8.8279,-8.83334294765836
O=C(O)C[C@H](NC(=O)[C@H](Cc1c[nH]c2ccccc12)NC(=O)[C@H](CC(=O)O)[n+]1[c-]n2ccccc2c1)C(=O)O,-15.2274,-7.245299300567934
O=C(O)C[C@H](NC(=O)[C@H](Cc1c[nH]c2ccccc12)NC(=O)[C@H](Cc1c[nH]cn1)[n+]1[c-]n2ccccc2c1)C(=O)O,-3.0566,-8.833657880602823
O=C(O)C[C@H](NC(=O)[C@H](Cc1c[nH]c2ccccc12)NC(=O)[C@H](Cc1ccc(O)cc1)[n+]1[c-]n2ccccc2c1)C(=O)O,-9.4279,-8.87893302070343
O=C(O)C[C@H](NC(=O)[C@H](Cc1c[nH]c2ccccc12)[n+]1[c-]n2ccccc2c1)C(=O)N[C@@H](Cc1c[nH]cn1)C(=O)O,-2.7029,-8.916810323444118
O=C(O)C[C@H](NC(=O)[C@H](Cc1c[nH]c2ccccc12)[n+]1[c-]n2ccccc2c1)C(=O)N[C@@H](Cc1ccc(O)cc1)C(=O)O,-5.5302,-7.335811009787286
O=C(O)C[C@H](NC(=O)[C@H](Cc1c[nH]cn1)NC(=O)[C@H](CS)[n+]1[c-]n2ccccc2c1)C(=O)O,-15.8645,-8.440138490848168
O=C(O)C[C@H](NC(=O)[C@H](Cc1c[nH]cn1)NC(=O)[C@H](Cc1ccc(O)cc1)[n+]1[c-]n2ccccc2c1)C(=O)O,-9.2172,-7.942908451942334
O=C(O)C[C@H](NC(=O)[C@H](Cc1c[nH]cn1)NC(=O)[C@H](Cc1ccccc1)[n+]1[c-]n2ccccc2c1)C(=O)O,-16.9852,-9.087992079357884
O=C(O)C[C@H](NC(=O)[C@H](Cc1c[nH]cn1)[n+]1[c-]n2ccccc2c1)C(=O)N[C@@H](Cc1c[nH]c2ccccc12)C(=O)O,-8.5947,-8.987830994866643
O=C(O)C[C@H](NC(=O)[C@H](Cc1c[nH]cn1)[n+]1[c-]n2ccccc2c1)C(=O)N[C@@H](Cc1ccc(O)cc1)C(=O)O,-3.8232,-8.659484263658719
O=C(O)C[C@H](NC(=O)[C@H](Cc1ccc(O)cc1)NC(=O)[C@H](CO)[n+]1[c-]n2ccccc2c1)C(=O)O,-6.7014,-8.800061803480103
O=C(O)C[C@H](NC(=O)[C@H](Cc1ccc(O)cc1)NC(=O)[C@H](Cc1c[nH]c2ccccc12)[n+]1[c-]n2ccccc2c1)C(=O)O,-8.4468,-7.963082328971045
O=C(O)C[C@H](NC(=O)[C@H](Cc1ccc(O)cc1)NC(=O)[C@H](Cc1ccc(O)cc1)[n+]1[c-]n2ccccc2c1)C(=O)O,-12.5235,-10.256270015817842
O=C(O)C[C@H](NC(=O)[C@H](Cc1ccc(O)cc1)[n+]1[c-]n2ccccc2c1)C(=O)N[C@@H](Cc1ccc(O)cc1)C(=O)O,-8.676,-9.590682474056578
O=C(O)C[C@H](NC(=O)[C@H](Cc1ccccc1)NC(=O)[C@H](CO)[n+]1[c-]n2ccccc2c1)C(=O)O,-11.1275,-8.80245427093429
O=C(O)C[C@H](NC(=O)[C@H](Cc1ccccc1)NC(=O)[C@H](Cc1c[nH]c2ccccc12)[n+]1[c-]n2ccccc2c1)C(=O)O,-10.1876,-7.510447502841267
O=C(O)C[C@H](NC(=O)[C@H](Cc1ccccc1)NC(=O)[C@H](Cc1c[nH]cn1)[n+]1[c-]n2ccccc2c1)C(=O)O,-1.5678,-7.715020435149764
O=C(O)C[C@H](NC(=O)[C@H](Cc1ccccc1)NC(=O)[C@H](Cc1ccccc1)[n+]1[c-]n2ccccc2c1)C(=O)O,-10.1241,-7.292517804448031
O=C(O)[C@@H]1CCCN1C(=O)CNC(=O)[C@H](Cc1c[nH]c2ccccc12)[n+]1[c-]n2ccccc2c1,-3.3959,-8.547012297477178
O=C(O)[C@@H]1CCCN1C(=O)CNC(=O)[C@H](Cc1ccccc1)[n+]1[c-]n2ccccc2c1,-8.6202,-8.189455240936756
O=C(O)[C@@H]1CCCN1C(=O)C[n+]1[c-]n2ccccc2c1,-16.2525,-8.519169095977334
O=C(O)[C@@H]1CCCN1C(=O)[C@@H]1CCCN1C(=O)[C@H](CS)[n+]1[c-]n2ccccc2c1,-7.5279,-8.600803945952519
O=C(O)[C@@H]1CCCN1C(=O)[C@@H]1CCCN1C(=O)[C@H](Cc1ccc(O)cc1)[n+]1[c-]n2ccccc2c1,-9.5718,-8.60735929887541
O=C(O)[C@@H]1CCCN1C(=O)[C@H](CO)NC(=O)[C@H](CS)[n+]1[c-]n2ccccc2c1,-9.3885,-7.1374740308477
O=C(O)[C@@H]1CCCN1C(=O)[C@H](CS)[n+]1[c-]n2ccccc2c1,-2.9148,-8.589242919099753
O=C(O)[C@@H]1CCCN1C(=O)[C@H](Cc1c[nH]cn1)NC(=O)[C@H](Cc1ccccc1)[n+]1[c-]n2ccccc2c1,-8.8922,-8.705580159871028
O=C(O)[C@@H]1CCCN1C(=O)[C@H](Cc1ccc(O)cc1)NC(=O)[C@H](CO)[n+]1[c-]n2ccccc2c1,-6.4881,-8.869240872287058
O=C(O)[C@@H]1CCCN1C(=O)[C@H](Cc1ccc(O)cc1)NC(=O)[C@H](Cc1ccc(O)cc1)[n+]1[c-]n2ccccc2c1,-7.9098,-8.305538117841179
O=C(O)[C@@H]1CCCN1C(=O)[C@H](Cc1ccccc1)NC(=O)[C@H](Cc1c[nH]c2ccccc12)[n+]1[c-]n2ccccc2c1,-8.6475,-9.44547178244332
O=C(O)[C@@H]1CCCN1C(=O)[C@H](Cc1ccccc1)[n+]1[c-]n2ccccc2c1,-9.1564,-8.61257879178436
O=C(O)[C@H](CO)NC(=O)[C@@H]1CCCN1C(=O)[C@H](CS)[n+]1[c-]n2ccccc2c1,-10.5673,-8.398906562509397
O=C(O)[C@H](CO)NC(=O)[C@@H]1CCCN1C(=O)[C@H](Cc1c[nH]cn1)[n+]1[c-]n2ccccc2c1,-8.5396,-8.852171861395092
O=C(O)[C@H](CO)NC(=O)[C@H](CS)NC(=O)[C@H](CO)[n+]1[c-]n2ccccc2c1,-6.2809,-8.276204201329797
O=C(O)[C@H](CO)NC(=O)[C@H](Cc1c[nH]c2ccccc12)NC(=O)[C@H](CO)[n+]1[c-]n2ccccc2c1,-6.3559,-8.160750250125263
O=C(O)[C@H](CO)NC(=O)[C@H](Cc1c[nH]cn1)NC(=O)[C@H](Cc1ccccc1)[n+]1[c-]n2ccccc2c1,-11.1193,-9.013301877108502
O=C(O)[C@H](CO)NC(=O)[C@H](Cc1ccccc1)NC(=O)[C@H](Cc1c[nH]c2ccccc12)[n+]1[c-]n2ccccc2c1,-6.7091,-8.289946357081092
O=C(O)[C@H](CS)NC(=O)[C@@H]1CCCN1C(=O)C[n+]1[c-]n2ccccc2c1,-10.0717,-8.504978153712779
O=C(O)[C@H](CS)NC(=O)[C@H](CO)NC(=O)[C@H](Cc1c[nH]c2ccccc12)[n+]1[c-]n2ccccc2c1,-10.5989,-7.47421414153699
O=C(O)[C@H](CS)NC(=O)[C@H](CO)NC(=O)[C@H](Cc1c[nH]cn1)[n+]1[c-]n2ccccc2c1,-13.4208,-8.275511838361709
O=C(O)[C@H](CS)NC(=O)[C@H](CO)NC(=O)[C@H](Cc1ccc(O)cc1)[n+]1[c-]n2ccccc2c1,-7.7836,-9.519111962458222
O=C(O)[C@H](CS)NC(=O)[C@H](CO)NC(=O)[C@H](Cc1ccccc1)[n+]1[c-]n2ccccc2c1,-4.2778,-8.946024736015385
O=C(O)[C@H](CS)NC(=O)[C@H](CS)NC(=O)[C@H](CS)[n+]1[c-]n2ccccc2c1,-5.5565,-8.60648335011866
O=C(O)[C@H](CS)NC(=O)[C@H](Cc1ccc(O)cc1)[n+]1[c-]n2ccccc2c1,-7.7904,-8.418664863498751
O=C(O)[C@H](CS)NC(=O)[C@H](Cc1ccccc1)NC(=O)[C@H](CO)[n+]1[c-]n2ccccc2c1,-4.9862,-8.60348615735765
O=C(O)[C@H](CS)NC(=O)[C@H](Cc1ccccc1)[n+]1[c-]n2ccccc2c1,-6.6276,-8.399718082211951
O=C(O)[C@H](CS)[n+]1[c-]n2ccccc2c1,-2.7027,-8.603583446007756
O=C(O)[C@H](Cc1c[nH]c2ccccc12)NC(=O)[C@@H]1CCCN1C(=O)[C@H](Cc1c[nH]cn1)[n+]1[c-]n2ccccc2c1,-10.3968,-7.867075171468101
O=C(O)[C@H](Cc1c[nH]c2ccccc12)NC(=O)[C@@H]1CCCN1C(=O)[C@H](Cc1ccc(O)cc1)[n+]1[c-]n2ccccc2c1,-8.4539,-8.531843849796104
O=C(O)[C@H](Cc1c[nH]c2ccccc12)NC(=O)[C@H](CO)NC(=O)[C@H](Cc1c[nH]cn1)[n+]1[c-]n2ccccc2c1,-11.6001,-7.74894297026943
O=C(O)[C@H](Cc1c[nH]c2ccccc12)NC(=O)[C@H](Cc1c[nH]c2ccccc12)NC(=O)[C@H](CS)[n+]1[c-]n2ccccc2c1,-15.5358,-8.313773095885155
O=C(O)[C@H](Cc1c[nH]c2ccccc12)NC(=O)[C@H](Cc1c[nH]c2ccccc12)NC(=O)[C@H](Cc1c[nH]c2ccccc12)[n+]1[c-]n2ccccc2c1,-4.0902,-8.607745614277507
O=C(O)[C@H](Cc1c[nH]c2ccccc12)NC(=O)[C@H](Cc1c[nH]c2ccccc12)NC(=O)[C@H](Cc1c[nH]cn1)[n+]1[c-]n2ccccc2c1,-10.4551,-10.862073573897733
O=C(O)[C@H](Cc1c[nH]c2ccccc12)NC(=O)[C@H](Cc1c[nH]cn1)NC(=O)[C@H](CO)[n+]1[c-]n2ccccc2c1,-10.4443,-5.221626479261197
O=C(O)[C@H](Cc1c[nH]c2ccccc12)NC(=O)[C@H](Cc1ccc(O)cc1)NC(=O)[C@H](Cc1c[nH]c2ccccc12)[n+]1[c-]n2ccccc2c1,3.0526,-12.231481422396373
O=C(O)[C@H](Cc1c[nH]c2ccccc12)NC(=O)[C@H](Cc1ccc(O)cc1)NC(=O)[C@H](Cc1c[nH]cn1)[n+]1[c-]n2ccccc2c1,-9.0592,-11.540547817018837
O=C(O)[C@H](Cc1c[nH]c2ccccc12)NC(=O)[C@H](Cc1ccccc1)NC(=O)[C@H](Cc1c[nH]cn1)[n+]1[c-]n2ccccc2c1,-21.3966,-12.71971613529935
O=C(O)[C@H](Cc1c[nH]c2ccccc12)NC(=O)[C@H](Cc1ccccc1)NC(=O)[C@H](Cc1ccccc1)[n+]1[c-]n2ccccc2c1,-9.0947,-8.854026473631276
O=C(O)[C@H](Cc1c[nH]cn1)NC(=O)[C@@H]1CCCN1C(=O)[C@H](CO)[n+]1[c-]n2ccccc2c1,-4.3381,-8.606134118188907
O=C(O)[C@H](Cc1c[nH]cn1)NC(=O)[C@H](Cc1c[nH]c2ccccc12)NC(=O)[C@H](Cc1c[nH]c2ccccc12)[n+]1[c-]n2ccccc2c1,-12.7155,-13.505390675092048
O=C(O)[C@H](Cc1c[nH]cn1)NC(=O)[C@H](Cc1c[nH]c2ccccc12)[n+]1[c-]n2ccccc2c1,-9.9455,-9.177680259573448
O=C(O)[C@H](Cc1c[nH]cn1)NC(=O)[C@H](Cc1c[nH]cn1)NC(=O)[C@H](CS)[n+]1[c-]n2ccccc2c1,-5.9526,-7.947630691702229
O=C(O)[C@H](Cc1c[nH]cn1)NC(=O)[C@H](Cc1c[nH]cn1)[n+]1[c-]n2ccccc2c1,-7.9517,-8.58627934282158
O=C(O)[C@H](Cc1c[nH]cn1)NC(=O)[C@H](Cc1ccc(O)cc1)NC(=O)[C@H](CO)[n+]1[c-]n2ccccc2c1,-10.6335,-6.197800530249799
O=C(O)[C@H](Cc1c[nH]cn1)NC(=O)[C@H](Cc1ccc(O)cc1)NC(=O)[C@H](Cc1ccc(O)cc1)[n+]1[c-]n2ccccc2c1,-16.1941,-7.924763194738019
O=C(O)[C@H](Cc1c[nH]cn1)NC(=O)[C@H](Cc1ccccc1)NC(=O)[C@H](CS)[n+]1[c-]n2ccccc2c1,-7.0203,-6.984825269519918
O=C(O)[C@H](Cc1c[nH]cn1)NC(=O)[C@H](Cc1ccccc1)NC(=O)[C@H](Cc1c[nH]c2ccccc12)[n+]1[c-]n2ccccc2c1,-5.5508,-9.680086459450223
O=C(O)[C@H](Cc1c[nH]cn1)NC(=O)[C@H](Cc1ccccc1)NC(=O)[C@H](Cc1ccc(O)cc1)[n+]1[c-]n2ccccc2c1,-1.8434,-9.417593719003914
O=C(O)[C@H](Cc1ccc(O)cc1)NC(=O)[C@H](CS)NC(=O)[C@H](Cc1c[nH]cn1)[n+]1[c-]n2ccccc2c1,-9.857,-6.1615715419602015
O=C(O)[C@H](Cc1ccc(O)cc1)NC(=O)[C@H](Cc1c[nH]c2ccccc12)NC(=O)[C@H](Cc1c[nH]cn1)[n+]1[c-]n2ccccc2c1,-9.3336,-11.696072739673877
O=C(O)[C@H](Cc1ccc(O)cc1)NC(=O)[C@H](Cc1c[nH]c2ccccc12)NC(=O)[C@H](Cc1ccccc1)[n+]1[c-]n2ccccc2c1,-10.0682,-8.929943357997137
O=C(O)[C@H](Cc1ccc(O)cc1)NC(=O)[C@H](Cc1c[nH]cn1)NC(=O)[C@H](CS)[n+]1[c-]n2ccccc2c1,-7.038,-6.0446298913357825
O=C(O)[C@H](Cc1ccc(O)cc1)NC(=O)[C@H](Cc1ccc(O)cc1)NC(=O)[C@H](CS)[n+]1[c-]n2ccccc2c1,-3.8926,-8.77515898942621
O=C(O)[C@H](Cc1ccc(O)cc1)NC(=O)[C@H](Cc1ccccc1)NC(=O)[C@H](Cc1c[nH]cn1)[n+]1[c-]n2ccccc2c1,-10.5986,-8.833993223276563
O=C(O)[C@H](Cc1ccc(O)cc1)NC(=O)[C@H](Cc1ccccc1)NC(=O)[C@H](Cc1ccc(O)cc1)[n+]1[c-]n2ccccc2c1,-12.2745,-7.623193212919961
O=C(O)[C@H](Cc1ccccc1)NC(=O)[C@H](CO)NC(=O)[C@H](CO)[n+]1[c-]n2ccccc2c1,5.4012,-9.023092718779488
O=C(O)[C@H](Cc1ccccc1)NC(=O)[C@H](CO)NC(=O)[C@H](Cc1c[nH]c2ccccc12)[n+]1[c-]n2ccccc2c1,-9.7037,-7.665198191250547
O=C(O)[C@H](Cc1ccccc1)NC(=O)[C@H](CO)NC(=O)[C@H](Cc1c[nH]cn1)[n+]1[c-]n2ccccc2c1,-12.6801,-8.533593555191382
O=C(O)[C@H](Cc1ccccc1)NC(=O)[C@H](CO)NC(=O)[C@H](Cc1ccccc1)[n+]1[c-]n2ccccc2c1,-10.9103,-9.774062774449645
O=C(O)[C@H](Cc1ccccc1)NC(=O)[C@H](CS)NC(=O)[C@H](CS)[n+]1[c-]n2ccccc2c1,-8.8243,-7.56788127937419
O=C(O)[C@H](Cc1ccccc1)NC(=O)[C@H](CS)NC(=O)[C@H](Cc1ccc(O)cc1)[n+]1[c-]n2ccccc2c1,-10.0492,-9.744356821632675
O=C(O)[C@H](Cc1ccccc1)NC(=O)[C@H](CS)NC(=O)[C@H](Cc1ccccc1)[n+]1[c-]n2ccccc2c1,-12.0143,-8.142778431923798
O=C(O)[C@H](Cc1ccccc1)NC(=O)[C@H](Cc1c[nH]c2ccccc12)NC(=O)[C@H](Cc1ccc(O)cc1)[n+]1[c-]n2ccccc2c1,-10.6081,-9.399629758290935
O=C(O)[C@H](Cc1ccccc1)NC(=O)[C@H](Cc1c[nH]c2ccccc12)NC(=O)[C@H](Cc1ccccc1)[n+]1[c-]n2ccccc2c1,-8.0268,-8.989389214342665
O=C(O)[C@H](Cc1ccccc1)NC(=O)[C@H](Cc1c[nH]c2ccccc12)[n+]1[c-]n2ccccc2c1,-7.2923,-8.532060771243168
O=C(O)[C@H](Cc1ccccc1)NC(=O)[C@H](Cc1c[nH]cn1)NC(=O)[C@H](CS)[n+]1[c-]n2ccccc2c1,-15.2384,-6.867812147788066
O=C(O)[C@H](Cc1ccccc1)NC(=O)[C@H](Cc1c[nH]cn1)NC(=O)[C@H](Cc1c[nH]c2ccccc12)[n+]1[c-]n2ccccc2c1,-9.5436,-9.454007769476018
O=C(O)[C@H](Cc1ccccc1)NC(=O)[C@H](Cc1ccc(O)cc1)NC(=O)[C@H](CS)[n+]1[c-]n2ccccc2c1,-10.7667,-9.836768966960769
O=C(O)[C@H](Cc1ccccc1)NC(=O)[C@H](Cc1ccc(O)cc1)NC(=O)[C@H](Cc1c[nH]cn1)[n+]1[c-]n2ccccc2c1,-5.7565,-9.269956631809155
O=C(O)[C@H](Cc1ccccc1)NC(=O)[C@H](Cc1ccccc1)NC(=O)[C@H](CS)[n+]1[c-]n2ccccc2c1,-7.1283,-8.296456435953013
O=C(O)[C@H](Cc1ccccc1)NC(=O)[C@H](Cc1ccccc1)NC(=O)[C@H](Cc1ccccc1)[n+]1[c-]n2ccccc2c1,-8.4778,-8.572224706078458
