SMILES,true,pred
CC(C)C[C@@H](C(=O)N1CCC[C@H]1C(=O)N[C@@H](C)C(=O)O)[n+]1[c-]n2ccccc2c1,-7.5612,-7.1386046
CC(C)C[C@@H](C(=O)N1CCC[C@H]1C(=O)N[C@@H](CC(=O)O)C(=O)O)[n+]1[c-]n2ccccc2c1,-5.6433,-6.3269987
CC(C)C[C@@H](C(=O)N1CCC[C@H]1C(=O)N[C@@H](CCC(=O)O)C(=O)O)[n+]1[c-]n2ccccc2c1,-7.0455,-7.1777782
CC(C)C[C@@H](C(=O)N1CCC[C@H]1C(=O)N[C@@H](Cc1c[nH]c2ccccc12)C(=O)O)[n+]1[c-]n2ccccc2c1,-4.2745,-6.6765275
CC(C)C[C@@H](C(=O)N1CCC[C@H]1C(=O)N[C@@H](Cc1c[nH]cn1)C(=O)O)[n+]1[c-]n2ccccc2c1,-6.3341,-7.5025887
CC(C)C[C@@H](C(=O)NCC(=O)N1CCC[C@H]1C(=O)O)[n+]1[c-]n2ccccc2c1,-2.8245,-7.3450027
CC(C)C[C@@H](C(=O)NCC(=O)N[C@@H](CCC(N)=O)C(=O)O)[n+]1[c-]n2ccccc2c1,-15.0757,-10.460754
CC(C)C[C@@H](C(=O)N[C@@H](C)C(=O)N[C@@H](Cc1ccc(O)cc1)C(=O)O)[n+]1[c-]n2ccccc2c1,-4.3453,-7.497129
CC(C)C[C@@H](C(=O)N[C@@H](C)C(=O)N[C@@H](Cc1ccccc1)C(=O)O)[n+]1[c-]n2ccccc2c1,-8.1124,-6.486181
CC(C)C[C@@H](C(=O)N[C@@H](C)C(=O)O)[n+]1[c-]n2ccccc2c1,-2.3654,-6.4049172
CC(C)C[C@@H](C(=O)N[C@@H](CC(=O)O)C(=O)N[C@@H](C)C(=O)O)[n+]1[c-]n2ccccc2c1,-4.4677,-7.596632
CC(C)C[C@@H](C(=O)N[C@@H](CC(=O)O)C(=O)N[C@@H](Cc1c[nH]c2ccccc12)C(=O)O)[n+]1[c-]n2ccccc2c1,-12.287,-10.464055
CC(C)C[C@@H](C(=O)N[C@@H](CC(=O)O)C(=O)O)[n+]1[c-]n2ccccc2c1,-9.8222,-7.3093805
CC(C)C[C@@H](C(=O)N[C@@H](CC(N)=O)C(=O)NCC(=O)O)[n+]1[c-]n2ccccc2c1,-9.5154,-8.698572
CC(C)C[C@@H](C(=O)N[C@@H](CC(N)=O)C(=O)N[C@@H](CC(=O)O)C(=O)O)[n+]1[c-]n2ccccc2c1,-15.9566,-11.545409
CC(C)C[C@@H](C(=O)N[C@@H](CCC(=O)O)C(=O)N1CCC[C@H]1C(=O)O)[n+]1[c-]n2ccccc2c1,-10.3305,-7.847042
CC(C)C[C@@H](C(=O)N[C@@H](CCC(=O)O)C(=O)NCC(=O)O)[n+]1[c-]n2ccccc2c1,-6.6752,-10.099797
CC(C)C[C@@H](C(=O)N[C@@H](CCC(=O)O)C(=O)N[C@@H](CCCNC(=N)N)C(=O)O)[n+]1[c-]n2ccccc2c1,-7.96,-9.2590685
CC(C)C[C@@H](C(=O)N[C@@H](CCC(=O)O)C(=O)N[C@@H](Cc1ccc(O)cc1)C(=O)O)[n+]1[c-]n2ccccc2c1,-8.3935,-10.787054
CC(C)C[C@@H](C(=O)N[C@@H](CCC(N)=O)C(=O)N[C@@H](CCCNC(=N)N)C(=O)O)[n+]1[c-]n2ccccc2c1,-13.2998,-10.2370615
CC(C)C[C@@H](C(=O)N[C@@H](CCC(N)=O)C(=O)N[C@@H](Cc1ccc(O)cc1)C(=O)O)[n+]1[c-]n2ccccc2c1,-13.0469,-10.471348
CC(C)C[C@@H](C(=O)N[C@@H](CCCNC(=N)N)C(=O)N[C@@H](Cc1ccccc1)C(=O)O)[n+]1[c-]n2ccccc2c1,-3.6718,-7.4501266
CC(C)C[C@@H](C(=O)N[C@@H](CCCNC(=N)N)C(=O)N[C@H](C(=O)O)C(C)C)[n+]1[c-]n2ccccc2c1,-3.8656,-6.3432226
CC(C)C[C@@H](C(=O)N[C@@H](CO)C(=O)N[C@@H](CS)C(=O)O)[n+]1[c-]n2ccccc2c1,-9.3088,-7.4588275
CC(C)C[C@@H](C(=O)N[C@@H](CO)C(=O)N[C@@H](Cc1ccccc1)C(=O)O)[n+]1[c-]n2ccccc2c1,-9.6343,-7.3818474
CC(C)C[C@@H](C(=O)N[C@@H](CS)C(=O)N[C@@H](Cc1ccccc1)C(=O)O)[n+]1[c-]n2ccccc2c1,0.0005,-6.516983
CC(C)C[C@@H](C(=O)N[C@@H](CS)C(=O)O)[n+]1[c-]n2ccccc2c1,-3.7092,-5.34835
CC(C)C[C@@H](C(=O)N[C@@H](Cc1c[nH]c2ccccc12)C(=O)N[C@@H](CCC(=O)O)C(=O)O)[n+]1[c-]n2ccccc2c1,-9.7813,-11.703155
CC(C)C[C@@H](C(=O)N[C@@H](Cc1c[nH]c2ccccc12)C(=O)N[C@@H](CCCNC(=N)N)C(=O)O)[n+]1[c-]n2ccccc2c1,-2.8894,-9.269008
CC(C)C[C@@H](C(=O)N[C@@H](Cc1c[nH]c2ccccc12)C(=O)N[C@@H](Cc1ccc(O)cc1)C(=O)O)[n+]1[c-]n2ccccc2c1,-7.6642,-10.328403
CC(C)C[C@@H](C(=O)N[C@@H](Cc1c[nH]c2ccccc12)C(=O)N[C@H](C(=O)O)[C@@H](C)O)[n+]1[c-]n2ccccc2c1,-13.7329,-9.120776
CC(C)C[C@@H](C(=O)N[C@@H](Cc1c[nH]cn1)C(=O)N[C@@H](CC(=O)O)C(=O)O)[n+]1[c-]n2ccccc2c1,-9.0245,-10.925676
CC(C)C[C@@H](C(=O)N[C@@H](Cc1c[nH]cn1)C(=O)N[C@@H](CC(N)=O)C(=O)O)[n+]1[c-]n2ccccc2c1,-10.8971,-10.282862
CC(C)C[C@@H](C(=O)N[C@@H](Cc1c[nH]cn1)C(=O)N[C@@H](CS)C(=O)O)[n+]1[c-]n2ccccc2c1,-10.3454,-7.874785
CC(C)C[C@@H](C(=O)N[C@@H](Cc1c[nH]cn1)C(=O)N[C@@H](Cc1ccccc1)C(=O)O)[n+]1[c-]n2ccccc2c1,-5.2506,-7.794365
CC(C)C[C@@H](C(=O)N[C@@H](Cc1ccc(O)cc1)C(=O)N1CCC[C@H]1C(=O)O)[n+]1[c-]n2ccccc2c1,-10.6318,-7.4499655
CC(C)C[C@@H](C(=O)N[C@@H](Cc1ccc(O)cc1)C(=O)N[C@@H](CCCNC(=N)N)C(=O)O)[n+]1[c-]n2ccccc2c1,-24.7001,-7.38201
CC(C)C[C@@H](C(=O)N[C@@H](Cc1ccc(O)cc1)C(=O)N[C@H](C(=O)O)[C@@H](C)O)[n+]1[c-]n2ccccc2c1,-9.6963,-7.647302
CC(C)C[C@@H](C(=O)N[C@@H](Cc1ccccc1)C(=O)N1CCC[C@H]1C(=O)O)[n+]1[c-]n2ccccc2c1,-10.2201,-7.930249
CC(C)C[C@@H](C(=O)N[C@@H](Cc1ccccc1)C(=O)N[C@@H](CCC(=O)O)C(=O)O)[n+]1[c-]n2ccccc2c1,-12.5484,-10.266106
CC(C)C[C@@H](C(=O)N[C@@H](Cc1ccccc1)C(=O)N[C@@H](CO)C(=O)O)[n+]1[c-]n2ccccc2c1,-12.9289,-7.1848216
CC(C)C[C@@H](C(=O)N[C@@H](Cc1ccccc1)C(=O)N[C@@H](CS)C(=O)O)[n+]1[c-]n2ccccc2c1,-9.3616,-6.1193027
CC(C)C[C@@H](C(=O)N[C@@H](Cc1ccccc1)C(=O)N[C@@H](Cc1ccccc1)C(=O)O)[n+]1[c-]n2ccccc2c1,-9.1599,-7.3114524
CC(C)C[C@@H](C(=O)N[C@@H](Cc1ccccc1)C(=O)N[C@H](C(=O)O)C(C)C)[n+]1[c-]n2ccccc2c1,-3.17,-5.794984
CC(C)C[C@@H](C(=O)N[C@H](C(=O)N[C@@H](CCC(=O)O)C(=O)O)C(C)C)[n+]1[c-]n2ccccc2c1,-13.8078,-9.1362095
CC(C)C[C@@H](C(=O)N[C@H](C(=O)N[C@@H](CCC(=O)O)C(=O)O)[C@@H](C)O)[n+]1[c-]n2ccccc2c1,-16.2428,-9.877734
CC(C)C[C@@H](C(=O)N[C@H](C(=O)N[C@@H](Cc1c[nH]c2ccccc12)C(=O)O)C(C)C)[n+]1[c-]n2ccccc2c1,-6.0816,-8.397441
CC(C)C[C@H](NC(=O)CNC(=O)C[n+]1[c-]n2ccccc2c1)C(=O)O,-8.5791,-8.894451
CC(C)C[C@H](NC(=O)CNC(=O)[C@H]([C@@H](C)O)[n+]1[c-]n2ccccc2c1)C(=O)O,-9.8547,-7.125073
CC(C)C[C@H](NC(=O)C[n+]1[c-]n2ccccc2c1)C(=O)N1CCC[C@H]1C(=O)O,-9.4461,-9.04298
CC(C)C[C@H](NC(=O)C[n+]1[c-]n2ccccc2c1)C(=O)NCC(=O)O,-6.1904,-9.874654
CC(C)C[C@H](NC(=O)C[n+]1[c-]n2ccccc2c1)C(=O)N[C@@H](Cc1c[nH]c2ccccc12)C(=O)O,-14.4343,-10.793091
CC(C)C[C@H](NC(=O)C[n+]1[c-]n2ccccc2c1)C(=O)O,-7.0642,-8.509544
CC(C)C[C@H](NC(=O)[C@@H](NC(=O)C[n+]1[c-]n2ccccc2c1)C(C)C)C(=O)O,-11.1768,-7.152689
CC(C)C[C@H](NC(=O)[C@@H](NC(=O)[C@H](CC(N)=O)[n+]1[c-]n2ccccc2c1)C(C)C)C(=O)O,-8.5091,-6.325539
CC(C)C[C@H](NC(=O)[C@@H](NC(=O)[C@H](CCC(N)=O)[n+]1[c-]n2ccccc2c1)[C@@H](C)O)C(=O)O,1.5582,-8.152119
CC(C)C[C@H](NC(=O)[C@@H](NC(=O)[C@H](CCCNC(=N)N)[n+]1[c-]n2ccccc2c1)[C@@H](C)O)C(=O)O,-7.4734,-7.2565036
CC(C)C[C@H](NC(=O)[C@@H](NC(=O)[C@H](Cc1c[nH]cn1)[n+]1[c-]n2ccccc2c1)C(C)C)C(=O)O,-3.3914,-5.5528893
CC(C)C[C@H](NC(=O)[C@@H](NC(=O)[C@H](Cc1c[nH]cn1)[n+]1[c-]n2ccccc2c1)[C@@H](C)O)C(=O)O,-7.1285,-6.9546437
CC(C)C[C@H](NC(=O)[C@@H](NC(=O)[C@H](Cc1ccc(O)cc1)[n+]1[c-]n2ccccc2c1)C(C)C)C(=O)O,-4.8623,-6.4447885
CC(C)C[C@H](NC(=O)[C@@H](NC(=O)[C@H]([C@@H](C)O)[n+]1[c-]n2ccccc2c1)C(C)C)C(=O)O,-5.5741,-4.483371
CC(C)C[C@H](NC(=O)[C@@H]1CCCN1C(=O)C[n+]1[c-]n2ccccc2c1)C(=O)O,-14.6107,-8.786965
CC(C)C[C@H](NC(=O)[C@@H]1CCCN1C(=O)[C@H](CC(=O)O)[n+]1[c-]n2ccccc2c1)C(=O)O,-2.9029,-6.0149703
CC(C)C[C@H](NC(=O)[C@@H]1CCCN1C(=O)[C@H](Cc1ccc(O)cc1)[n+]1[c-]n2ccccc2c1)C(=O)O,-7.5104,-7.482429
CC(C)C[C@H](NC(=O)[C@@H]1CCCN1C(=O)[C@H]([C@@H](C)O)[n+]1[c-]n2ccccc2c1)C(=O)O,-11.3573,-7.8921785
CC(C)C[C@H](NC(=O)[C@H](C(C)C)[n+]1[c-]n2ccccc2c1)C(=O)N1CCC[C@H]1C(=O)O,-7.8282,-5.6591516
CC(C)C[C@H](NC(=O)[C@H](C(C)C)[n+]1[c-]n2ccccc2c1)C(=O)N[C@@H](C)C(=O)O,-3.481,-4.651152
CC(C)C[C@H](NC(=O)[C@H](C(C)C)[n+]1[c-]n2ccccc2c1)C(=O)N[C@@H](CC(=O)O)C(=O)O,-7.9731,-5.850532
CC(C)C[C@H](NC(=O)[C@H](C(C)C)[n+]1[c-]n2ccccc2c1)C(=O)N[C@@H](CC(N)=O)C(=O)O,-7.0632,-8.101748
CC(C)C[C@H](NC(=O)[C@H](C(C)C)[n+]1[c-]n2ccccc2c1)C(=O)N[C@@H](CCCNC(=N)N)C(=O)O,-7.7603,-6.5288916
CC(C)C[C@H](NC(=O)[C@H](C(C)C)[n+]1[c-]n2ccccc2c1)C(=O)N[C@@H](Cc1c[nH]c2ccccc12)C(=O)O,-8.4653,-6.6958942
CC(C)C[C@H](NC(=O)[C@H](C(C)C)[n+]1[c-]n2ccccc2c1)C(=O)N[C@@H](Cc1c[nH]cn1)C(=O)O,-4.6491,-5.5752387
CC(C)C[C@H](NC(=O)[C@H](C(C)C)[n+]1[c-]n2ccccc2c1)C(=O)N[C@@H](Cc1ccc(O)cc1)C(=O)O,-12.4808,-6.581687
CC(C)C[C@H](NC(=O)[C@H](C(C)C)[n+]1[c-]n2ccccc2c1)C(=O)N[C@H](C(=O)O)C(C)C,-1.3003,-4.030771
CC(C)C[C@H](NC(=O)[C@H](C(C)C)[n+]1[c-]n2ccccc2c1)C(=O)N[C@H](C(=O)O)[C@@H](C)O,-6.933,-4.755055
CC(C)C[C@H](NC(=O)[C@H](C)NC(=O)[C@H](Cc1c[nH]c2ccccc12)[n+]1[c-]n2ccccc2c1)C(=O)O,-1.7133,-6.3487887
CC(C)C[C@H](NC(=O)[C@H](C)NC(=O)[C@H]([C@@H](C)O)[n+]1[c-]n2ccccc2c1)C(=O)O,-9.9433,-6.520863
CC(C)C[C@H](NC(=O)[C@H](C)[n+]1[c-]n2ccccc2c1)C(=O)N[C@@H](C)C(=O)O,-1.6492,-6.6869545
CC(C)C[C@H](NC(=O)[C@H](C)[n+]1[c-]n2ccccc2c1)C(=O)N[C@@H](CC(=O)O)C(=O)O,-5.4527,-7.434862
CC(C)C[C@H](NC(=O)[C@H](C)[n+]1[c-]n2ccccc2c1)C(=O)N[C@@H](CCC(N)=O)C(=O)O,-7.5617,-9.531187
CC(C)C[C@H](NC(=O)[C@H](C)[n+]1[c-]n2ccccc2c1)C(=O)N[C@@H](Cc1ccc(O)cc1)C(=O)O,-7.2971,-7.219344
CC(C)C[C@H](NC(=O)[C@H](CC(=O)O)NC(=O)[C@H](CC(C)C)[n+]1[c-]n2ccccc2c1)C(=O)O,0.1231,-5.7800355
CC(C)C[C@H](NC(=O)[C@H](CC(=O)O)NC(=O)[C@H](CC(N)=O)[n+]1[c-]n2ccccc2c1)C(=O)O,-5.1118,-7.94459
CC(C)C[C@H](NC(=O)[C@H](CC(=O)O)NC(=O)[C@H](CS)[n+]1[c-]n2ccccc2c1)C(=O)O,2.088,-5.7316422
CC(C)C[C@H](NC(=O)[C@H](CC(=O)O)NC(=O)[C@H](Cc1ccccc1)[n+]1[c-]n2ccccc2c1)C(=O)O,-4.8345,-7.187505
CC(C)C[C@H](NC(=O)[C@H](CC(=O)O)[n+]1[c-]n2ccccc2c1)C(=O)NCC(=O)O,-4.3008,-7.2401214
CC(C)C[C@H](NC(=O)[C@H](CC(=O)O)[n+]1[c-]n2ccccc2c1)C(=O)N[C@@H](C)C(=O)O,-5.0779,-6.404914
CC(C)C[C@H](NC(=O)[C@H](CC(=O)O)[n+]1[c-]n2ccccc2c1)C(=O)N[C@@H](CCC(N)=O)C(=O)O,-11.8154,-10.892373
CC(C)C[C@H](NC(=O)[C@H](CC(=O)O)[n+]1[c-]n2ccccc2c1)C(=O)O,-3.1221,-5.845885
CC(C)C[C@H](NC(=O)[C@H](CC(C)C)NC(=O)[C@H](CC(C)C)[n+]1[c-]n2ccccc2c1)C(=O)O,-1.7524,-5.219801
CC(C)C[C@H](NC(=O)[C@H](CC(C)C)[n+]1[c-]n2ccccc2c1)C(=O)NCC(=O)O,-3.7229,-5.686433
CC(C)C[C@H](NC(=O)[C@H](CC(C)C)[n+]1[c-]n2ccccc2c1)C(=O)N[C@@H](CC(N)=O)C(=O)O,-14.4554,-7.6758766
CC(C)C[C@H](NC(=O)[C@H](CC(C)C)[n+]1[c-]n2ccccc2c1)C(=O)N[C@@H](CCC(=O)O)C(=O)O,-5.1376,-8.847132
CC(C)C[C@H](NC(=O)[C@H](CC(C)C)[n+]1[c-]n2ccccc2c1)C(=O)N[C@@H](CCC(N)=O)C(=O)O,-10.773,-8.794098
CC(C)C[C@H](NC(=O)[C@H](CC(C)C)[n+]1[c-]n2ccccc2c1)C(=O)N[C@@H](Cc1ccccc1)C(=O)O,-10.7723,-5.682412
CC(C)C[C@H](NC(=O)[C@H](CC(C)C)[n+]1[c-]n2ccccc2c1)C(=O)N[C@H](C(=O)O)[C@@H](C)O,-6.9783,-5.807665
CC(C)C[C@H](NC(=O)[C@H](CC(N)=O)NC(=O)[C@H](CC(=O)O)[n+]1[c-]n2ccccc2c1)C(=O)O,-5.1123,-8.706613
CC(C)C[C@H](NC(=O)[C@H](CC(N)=O)NC(=O)[C@H](CCC(N)=O)[n+]1[c-]n2ccccc2c1)C(=O)O,-8.5984,-11.389107
CC(C)C[C@H](NC(=O)[C@H](CC(N)=O)NC(=O)[C@H](Cc1ccc(O)cc1)[n+]1[c-]n2ccccc2c1)C(=O)O,-9.1223,-10.035601
CC(C)C[C@H](NC(=O)[C@H](CC(N)=O)[n+]1[c-]n2ccccc2c1)C(=O)N1CCC[C@H]1C(=O)O,-9.2364,-8.037729
CC(C)C[C@H](NC(=O)[C@H](CC(N)=O)[n+]1[c-]n2ccccc2c1)C(=O)N[C@@H](CO)C(=O)O,-6.9554,-7.831105
CC(C)C[C@H](NC(=O)[C@H](CC(N)=O)[n+]1[c-]n2ccccc2c1)C(=O)N[C@@H](Cc1ccccc1)C(=O)O,-2.4046,-8.056057
CC(C)C[C@H](NC(=O)[C@H](CC(N)=O)[n+]1[c-]n2ccccc2c1)C(=O)O,-6.1512,-6.734707
CC(C)C[C@H](NC(=O)[C@H](CCC(=O)O)NC(=O)[C@H](C(C)C)[n+]1[c-]n2ccccc2c1)C(=O)O,-11.0368,-6.947522
CC(C)C[C@H](NC(=O)[C@H](CCC(=O)O)NC(=O)[C@H](CC(C)C)[n+]1[c-]n2ccccc2c1)C(=O)O,-10.3344,-7.7387323
CC(C)C[C@H](NC(=O)[C@H](CCC(=O)O)NC(=O)[C@H](Cc1ccccc1)[n+]1[c-]n2ccccc2c1)C(=O)O,-7.2397,-9.279612
CC(C)C[C@H](NC(=O)[C@H](CCC(N)=O)NC(=O)[C@H](C(C)C)[n+]1[c-]n2ccccc2c1)C(=O)O,-1.715,-7.328579
CC(C)C[C@H](NC(=O)[C@H](CCC(N)=O)NC(=O)[C@H](Cc1c[nH]cn1)[n+]1[c-]n2ccccc2c1)C(=O)O,-10.3986,-10.409817
CC(C)C[C@H](NC(=O)[C@H](CCC(N)=O)[n+]1[c-]n2ccccc2c1)C(=O)N[C@@H](C)C(=O)O,-5.1717,-7.226678
CC(C)C[C@H](NC(=O)[C@H](CCC(N)=O)[n+]1[c-]n2ccccc2c1)C(=O)N[C@@H](CC(=O)O)C(=O)O,-6.8976,-10.095653
CC(C)C[C@H](NC(=O)[C@H](CCC(N)=O)[n+]1[c-]n2ccccc2c1)C(=O)N[C@H](C(=O)O)[C@@H](C)O,-2.6487,-8.437897
CC(C)C[C@H](NC(=O)[C@H](CCCNC(=N)N)NC(=O)[C@H](C)[n+]1[c-]n2ccccc2c1)C(=O)O,-3.5628,-6.4748206
CC(C)C[C@H](NC(=O)[C@H](CCCNC(=N)N)NC(=O)[C@H](CCC(=O)O)[n+]1[c-]n2ccccc2c1)C(=O)O,-11.0296,-7.8260922
CC(C)C[C@H](NC(=O)[C@H](CCCNC(=N)N)NC(=O)[C@H](Cc1c[nH]c2ccccc12)[n+]1[c-]n2ccccc2c1)C(=O)O,-0.5423,-7.9653654
CC(C)C[C@H](NC(=O)[C@H](CCCNC(=N)N)NC(=O)[C@H](Cc1ccc(O)cc1)[n+]1[c-]n2ccccc2c1)C(=O)O,-4.707,-7.150269
CC(C)C[C@H](NC(=O)[C@H](CCCNC(=N)N)NC(=O)[C@H]([C@@H](C)O)[n+]1[c-]n2ccccc2c1)C(=O)O,-9.6522,-7.423377
CC(C)C[C@H](NC(=O)[C@H](CCCNC(=N)N)[n+]1[c-]n2ccccc2c1)C(=O)N[C@@H](CC(=O)O)C(=O)O,11.6837,-6.9907002
CC(C)C[C@H](NC(=O)[C@H](CCCNC(=N)N)[n+]1[c-]n2ccccc2c1)C(=O)N[C@@H](CCC(=O)O)C(=O)O,-4.9457,-7.866486
CC(C)C[C@H](NC(=O)[C@H](CCCNC(=N)N)[n+]1[c-]n2ccccc2c1)C(=O)N[C@@H](CCC(N)=O)C(=O)O,-8.1496,-8.990274
CC(C)C[C@H](NC(=O)[C@H](CCCNC(=N)N)[n+]1[c-]n2ccccc2c1)C(=O)N[C@@H](Cc1ccc(O)cc1)C(=O)O,-4.8582,-6.81269
CC(C)C[C@H](NC(=O)[C@H](CO)NC(=O)[C@H](CCC(=O)O)[n+]1[c-]n2ccccc2c1)C(=O)O,1.6163,-7.8994503
CC(C)C[C@H](NC(=O)[C@H](CO)NC(=O)[C@H](Cc1ccccc1)[n+]1[c-]n2ccccc2c1)C(=O)O,-4.96,-6.797475
CC(C)C[C@H](NC(=O)[C@H](CO)NC(=O)[C@H]([C@@H](C)O)[n+]1[c-]n2ccccc2c1)C(=O)O,-7.9098,-6.127855
CC(C)C[C@H](NC(=O)[C@H](CO)[n+]1[c-]n2ccccc2c1)C(=O)NCC(=O)O,-13.5969,-6.8174934
CC(C)C[C@H](NC(=O)[C@H](CO)[n+]1[c-]n2ccccc2c1)C(=O)N[C@@H](CCC(=O)O)C(=O)O,-12.8676,-8.925509
CC(C)C[C@H](NC(=O)[C@H](CS)NC(=O)[C@H](CC(C)C)[n+]1[c-]n2ccccc2c1)C(=O)O,-5.2201,-4.6640043
CC(C)C[C@H](NC(=O)[C@H](CS)NC(=O)[C@H](CO)[n+]1[c-]n2ccccc2c1)C(=O)O,-4.5546,-6.4715676
CC(C)C[C@H](NC(=O)[C@H](CS)NC(=O)[C@H](Cc1ccccc1)[n+]1[c-]n2ccccc2c1)C(=O)O,-10.9621,-5.28025
CC(C)C[C@H](NC(=O)[C@H](CS)[n+]1[c-]n2ccccc2c1)C(=O)N[C@@H](CC(N)=O)C(=O)O,-9.6784,-9.513035
CC(C)C[C@H](NC(=O)[C@H](CS)[n+]1[c-]n2ccccc2c1)C(=O)N[C@@H](Cc1ccccc1)C(=O)O,-6.7037,-5.545582
CC(C)C[C@H](NC(=O)[C@H](Cc1c[nH]c2ccccc12)NC(=O)[C@H](CC(N)=O)[n+]1[c-]n2ccccc2c1)C(=O)O,-6.351,-9.309048
CC(C)C[C@H](NC(=O)[C@H](Cc1c[nH]c2ccccc12)NC(=O)[C@H](CCC(N)=O)[n+]1[c-]n2ccccc2c1)C(=O)O,-5.028,-9.74241
CC(C)C[C@H](NC(=O)[C@H](Cc1c[nH]c2ccccc12)NC(=O)[C@H](CS)[n+]1[c-]n2ccccc2c1)C(=O)O,-4.4256,-6.7303643
CC(C)C[C@H](NC(=O)[C@H](Cc1c[nH]c2ccccc12)NC(=O)[C@H](Cc1ccc(O)cc1)[n+]1[c-]n2ccccc2c1)C(=O)O,-7.9102,-8.579358
CC(C)C[C@H](NC(=O)[C@H](Cc1c[nH]c2ccccc12)NC(=O)[C@H]([C@@H](C)O)[n+]1[c-]n2ccccc2c1)C(=O)O,-4.7641,-8.364345
CC(C)C[C@H](NC(=O)[C@H](Cc1c[nH]c2ccccc12)[n+]1[c-]n2ccccc2c1)C(=O)N[C@@H](C)C(=O)O,-2.8972,-5.9018307
CC(C)C[C@H](NC(=O)[C@H](Cc1c[nH]c2ccccc12)[n+]1[c-]n2ccccc2c1)C(=O)N[C@@H](CC(=O)O)C(=O)O,-4.9724,-7.856055
CC(C)C[C@H](NC(=O)[C@H](Cc1c[nH]c2ccccc12)[n+]1[c-]n2ccccc2c1)C(=O)N[C@@H](CC(N)=O)C(=O)O,-8.8619,-9.649688
CC(C)C[C@H](NC(=O)[C@H](Cc1c[nH]c2ccccc12)[n+]1[c-]n2ccccc2c1)C(=O)N[C@@H](CCC(=O)O)C(=O)O,-17.7306,-11.316601
CC(C)C[C@H](NC(=O)[C@H](Cc1c[nH]c2ccccc12)[n+]1[c-]n2ccccc2c1)C(=O)N[C@@H](CS)C(=O)O,-5.9974,-7.0237007
CC(C)C[C@H](NC(=O)[C@H](Cc1c[nH]cn1)NC(=O)[C@H](CC(=O)O)[n+]1[c-]n2ccccc2c1)C(=O)O,-5.6024,-8.168345
CC(C)C[C@H](NC(=O)[C@H](Cc1c[nH]cn1)NC(=O)[C@H](CCC(=O)O)[n+]1[c-]n2ccccc2c1)C(=O)O,-9.496,-10.159556
CC(C)C[C@H](NC(=O)[C@H](Cc1c[nH]cn1)NC(=O)[C@H](CCCNC(=N)N)[n+]1[c-]n2ccccc2c1)C(=O)O,-10.2195,-7.50511
CC(C)C[C@H](NC(=O)[C@H](Cc1c[nH]cn1)NC(=O)[C@H](CS)[n+]1[c-]n2ccccc2c1)C(=O)O,-7.7073,-7.2989726
CC(C)C[C@H](NC(=O)[C@H](Cc1c[nH]cn1)NC(=O)[C@H](Cc1c[nH]cn1)[n+]1[c-]n2ccccc2c1)C(=O)O,-8.7642,-8.142032
CC(C)C[C@H](NC(=O)[C@H](Cc1c[nH]cn1)NC(=O)[C@H](Cc1ccc(O)cc1)[n+]1[c-]n2ccccc2c1)C(=O)O,-8.0339,-7.910275
CC(C)C[C@H](NC(=O)[C@H](Cc1c[nH]cn1)[n+]1[c-]n2ccccc2c1)C(=O)N[C@@H](CC(=O)O)C(=O)O,1.2901,-8.148795
CC(C)C[C@H](NC(=O)[C@H](Cc1c[nH]cn1)[n+]1[c-]n2ccccc2c1)C(=O)N[C@@H](CCCNC(=N)N)C(=O)O,2.8544,-7.6914716
CC(C)C[C@H](NC(=O)[C@H](Cc1c[nH]cn1)[n+]1[c-]n2ccccc2c1)C(=O)N[C@@H](CO)C(=O)O,-0.2503,-6.810975
CC(C)C[C@H](NC(=O)[C@H](Cc1ccc(O)cc1)NC(=O)[C@H](CS)[n+]1[c-]n2ccccc2c1)C(=O)O,-4.9115,-6.81991
CC(C)C[C@H](NC(=O)[C@H](Cc1ccc(O)cc1)NC(=O)[C@H](Cc1c[nH]c2ccccc12)[n+]1[c-]n2ccccc2c1)C(=O)O,-11.8117,-8.6084385
CC(C)C[C@H](NC(=O)[C@H](Cc1ccc(O)cc1)NC(=O)[C@H](Cc1ccccc1)[n+]1[c-]n2ccccc2c1)C(=O)O,-6.3205,-7.16754
CC(C)C[C@H](NC(=O)[C@H](Cc1ccc(O)cc1)NC(=O)[C@H]([C@@H](C)O)[n+]1[c-]n2ccccc2c1)C(=O)O,-9.567,-7.216898
CC(C)C[C@H](NC(=O)[C@H](Cc1ccc(O)cc1)[n+]1[c-]n2ccccc2c1)C(=O)N1CCC[C@H]1C(=O)O,-8.7078,-7.430035
CC(C)C[C@H](NC(=O)[C@H](Cc1ccc(O)cc1)[n+]1[c-]n2ccccc2c1)C(=O)N[C@@H](CS)C(=O)O,-5.0654,-7.3281
CC(C)C[C@H](NC(=O)[C@H](Cc1ccc(O)cc1)[n+]1[c-]n2ccccc2c1)C(=O)N[C@@H](Cc1c[nH]cn1)C(=O)O,-11.8437,-7.764389
CC(C)C[C@H](NC(=O)[C@H](Cc1ccc(O)cc1)[n+]1[c-]n2ccccc2c1)C(=O)N[C@H](C(=O)O)[C@@H](C)O,-5.9564,-7.5093203
CC(C)C[C@H](NC(=O)[C@H](Cc1ccccc1)NC(=O)C[n+]1[c-]n2ccccc2c1)C(=O)O,-13.3565,-8.429155
CC(C)C[C@H](NC(=O)[C@H](Cc1ccccc1)NC(=O)[C@H](C(C)C)[n+]1[c-]n2ccccc2c1)C(=O)O,-6.3676,-5.489447
CC(C)C[C@H](NC(=O)[C@H](Cc1ccccc1)NC(=O)[C@H](CCCNC(=N)N)[n+]1[c-]n2ccccc2c1)C(=O)O,-9.0785,-7.486952
CC(C)C[C@H](NC(=O)[C@H](Cc1ccccc1)NC(=O)[C@H](Cc1ccc(O)cc1)[n+]1[c-]n2ccccc2c1)C(=O)O,-6.5526,-7.1469884
CC(C)C[C@H](NC(=O)[C@H](Cc1ccccc1)[n+]1[c-]n2ccccc2c1)C(=O)N1CCC[C@H]1C(=O)O,-11.9041,-7.9383826
CC(C)C[C@H](NC(=O)[C@H](Cc1ccccc1)[n+]1[c-]n2ccccc2c1)C(=O)N[C@@H](CC(N)=O)C(=O)O,-12.4146,-10.971415
CC(C)C[C@H](NC(=O)[C@H](Cc1ccccc1)[n+]1[c-]n2ccccc2c1)C(=O)N[C@@H](CCC(=O)O)C(=O)O,-14.1901,-9.772735
CC(C)C[C@H](NC(=O)[C@H](Cc1ccccc1)[n+]1[c-]n2ccccc2c1)C(=O)N[C@@H](Cc1c[nH]cn1)C(=O)O,-4.5174,-7.838039
CC(C)C[C@H](NC(=O)[C@H](Cc1ccccc1)[n+]1[c-]n2ccccc2c1)C(=O)N[C@H](C(=O)O)C(C)C,-7.2174,-5.7176895
CC(C)C[C@H](NC(=O)[C@H]([C@@H](C)O)[n+]1[c-]n2ccccc2c1)C(=O)N[C@@H](CC(N)=O)C(=O)O,-7.0588,-8.547339
CC(C)C[C@H](NC(=O)[C@H]([C@@H](C)O)[n+]1[c-]n2ccccc2c1)C(=O)N[C@@H](Cc1c[nH]c2ccccc12)C(=O)O,-10.577,-7.6784954
CC(C)[C@@H](C(=O)N1CCC[C@H]1C(=O)N[C@@H](Cc1c[nH]c2ccccc12)C(=O)O)[n+]1[c-]n2ccccc2c1,-4.7624,-6.4974833
CC(C)[C@@H](C(=O)NCC(=O)N1CCC[C@H]1C(=O)O)[n+]1[c-]n2ccccc2c1,-4.3855,-7.134751
CC(C)[C@@H](C(=O)NCC(=O)N[C@@H](CC(=O)O)C(=O)O)[n+]1[c-]n2ccccc2c1,-9.6955,-7.4278665
CC(C)[C@@H](C(=O)NCC(=O)N[C@@H](CC(N)=O)C(=O)O)[n+]1[c-]n2ccccc2c1,-10.7339,-7.0259113
CC(C)[C@@H](C(=O)NCC(=O)N[C@@H](CCC(N)=O)C(=O)O)[n+]1[c-]n2ccccc2c1,-19.3671,-9.46186
CC(C)[C@@H](C(=O)NCC(=O)N[C@@H](CCCNC(=N)N)C(=O)O)[n+]1[c-]n2ccccc2c1,-5.7756,-9.132013
CC(C)[C@@H](C(=O)NCC(=O)N[C@@H](Cc1ccc(O)cc1)C(=O)O)[n+]1[c-]n2ccccc2c1,-14.1946,-7.3579535
CC(C)[C@@H](C(=O)N[C@@H](C)C(=O)N[C@@H](C)C(=O)O)[n+]1[c-]n2ccccc2c1,-3.199,-5.2383127
CC(C)[C@@H](C(=O)N[C@@H](C)C(=O)N[C@@H](CCC(=O)O)C(=O)O)[n+]1[c-]n2ccccc2c1,-6.7489,-8.837202
CC(C)[C@@H](C(=O)N[C@@H](C)C(=O)N[C@@H](CS)C(=O)O)[n+]1[c-]n2ccccc2c1,-5.7748,-5.3989916
CC(C)[C@@H](C(=O)N[C@@H](CC(=O)O)C(=O)NCC(=O)O)[n+]1[c-]n2ccccc2c1,-7.859,-6.4588976
CC(C)[C@@H](C(=O)N[C@@H](CC(=O)O)C(=O)N[C@@H](CC(N)=O)C(=O)O)[n+]1[c-]n2ccccc2c1,-11.9107,-9.776766
CC(C)[C@@H](C(=O)N[C@@H](CC(=O)O)C(=O)N[C@@H](CCC(N)=O)C(=O)O)[n+]1[c-]n2ccccc2c1,-9.7179,-12.051402
CC(C)[C@@H](C(=O)N[C@@H](CC(=O)O)C(=O)O)[n+]1[c-]n2ccccc2c1,-8.7976,-5.8776445
CC(C)[C@@H](C(=O)N[C@@H](CC(N)=O)C(=O)N[C@@H](CS)C(=O)O)[n+]1[c-]n2ccccc2c1,-0.829,-8.549064
CC(C)[C@@H](C(=O)N[C@@H](CCC(=O)O)C(=O)NCC(=O)O)[n+]1[c-]n2ccccc2c1,-8.09,-8.746616
CC(C)[C@@H](C(=O)N[C@@H](CCC(=O)O)C(=O)N[C@@H](CC(N)=O)C(=O)O)[n+]1[c-]n2ccccc2c1,-21.7043,-12.059226
CC(C)[C@@H](C(=O)N[C@@H](CCC(=O)O)C(=O)N[C@@H](CO)C(=O)O)[n+]1[c-]n2ccccc2c1,-9.0285,-8.232777
CC(C)[C@@H](C(=O)N[C@@H](CCC(=O)O)C(=O)N[C@@H](CS)C(=O)O)[n+]1[c-]n2ccccc2c1,-6.5161,-6.2643676
CC(C)[C@@H](C(=O)N[C@@H](CCC(N)=O)C(=O)N[C@@H](CS)C(=O)O)[n+]1[c-]n2ccccc2c1,-13.678,-8.7105465
CC(C)[C@@H](C(=O)N[C@@H](CCC(N)=O)C(=O)N[C@@H](Cc1ccc(O)cc1)C(=O)O)[n+]1[c-]n2ccccc2c1,-14.6273,-9.613413
CC(C)[C@@H](C(=O)N[C@@H](CCC(N)=O)C(=O)N[C@@H](Cc1ccccc1)C(=O)O)[n+]1[c-]n2ccccc2c1,-10.5961,-8.960994
CC(C)[C@@H](C(=O)N[C@@H](CCC(N)=O)C(=O)O)[n+]1[c-]n2ccccc2c1,-11.8637,-8.604982
CC(C)[C@@H](C(=O)N[C@@H](CCCNC(=N)N)C(=O)NCC(=O)O)[n+]1[c-]n2ccccc2c1,-9.6034,-7.643687
CC(C)[C@@H](C(=O)N[C@@H](CCCNC(=N)N)C(=O)N[C@@H](C)C(=O)O)[n+]1[c-]n2ccccc2c1,-6.1542,-6.308937
CC(C)[C@@H](C(=O)N[C@@H](CCCNC(=N)N)C(=O)N[C@@H](CCC(N)=O)C(=O)O)[n+]1[c-]n2ccccc2c1,-9.4831,-10.017944
CC(C)[C@@H](C(=O)N[C@@H](CCCNC(=N)N)C(=O)N[C@@H](CCCNC(=N)N)C(=O)O)[n+]1[c-]n2ccccc2c1,-6.8361,-7.2209287
CC(C)[C@@H](C(=O)N[C@@H](CCCNC(=N)N)C(=O)N[C@@H](CO)C(=O)O)[n+]1[c-]n2ccccc2c1,-2.2747,-7.3419323
CC(C)[C@@H](C(=O)N[C@@H](CCCNC(=N)N)C(=O)N[C@@H](Cc1ccc(O)cc1)C(=O)O)[n+]1[c-]n2ccccc2c1,-6.1824,-7.1096916
CC(C)[C@@H](C(=O)N[C@@H](CCCNC(=N)N)C(=O)O)[n+]1[c-]n2ccccc2c1,-8.4487,-9.982502
CC(C)[C@@H](C(=O)N[C@@H](CO)C(=O)N[C@@H](C)C(=O)O)[n+]1[c-]n2ccccc2c1,-0.0751,-5.6439557
CC(C)[C@@H](C(=O)N[C@@H](CO)C(=O)N[C@@H](CCC(N)=O)C(=O)O)[n+]1[c-]n2ccccc2c1,-13.1346,-9.747304
CC(C)[C@@H](C(=O)N[C@@H](CO)C(=O)N[C@@H](CCCNC(=N)N)C(=O)O)[n+]1[c-]n2ccccc2c1,-7.7774,-7.466126
CC(C)[C@@H](C(=O)N[C@@H](CO)C(=O)N[C@@H](Cc1c[nH]c2ccccc12)C(=O)O)[n+]1[c-]n2ccccc2c1,-8.0548,-7.7855325
CC(C)[C@@H](C(=O)N[C@@H](CO)C(=O)N[C@@H](Cc1c[nH]cn1)C(=O)O)[n+]1[c-]n2ccccc2c1,-9.9247,-7.0345364
CC(C)[C@@H](C(=O)N[C@@H](CO)C(=O)N[C@H](C(=O)O)[C@@H](C)O)[n+]1[c-]n2ccccc2c1,-11.6323,-6.055247
CC(C)[C@@H](C(=O)N[C@@H](CO)C(=O)O)[n+]1[c-]n2ccccc2c1,-3.3617,-6.3063073
CC(C)[C@@H](C(=O)N[C@@H](CS)C(=O)NCC(=O)O)[n+]1[c-]n2ccccc2c1,-7.1209,-6.72536
CC(C)[C@@H](C(=O)N[C@@H](CS)C(=O)N[C@@H](CC(=O)O)C(=O)O)[n+]1[c-]n2ccccc2c1,-4.8131,-5.1087675
CC(C)[C@@H](C(=O)N[C@@H](Cc1c[nH]c2ccccc12)C(=O)N[C@@H](CCC(=O)O)C(=O)O)[n+]1[c-]n2ccccc2c1,-17.3167,-10.758097
CC(C)[C@@H](C(=O)N[C@@H](Cc1c[nH]c2ccccc12)C(=O)N[C@@H](CCCNC(=N)N)C(=O)O)[n+]1[c-]n2ccccc2c1,-9.637,-8.892156
CC(C)[C@@H](C(=O)N[C@@H](Cc1c[nH]c2ccccc12)C(=O)N[C@@H](Cc1c[nH]cn1)C(=O)O)[n+]1[c-]n2ccccc2c1,-14.4864,-10.083173
CC(C)[C@@H](C(=O)N[C@@H](Cc1c[nH]c2ccccc12)C(=O)N[C@@H](Cc1ccc(O)cc1)C(=O)O)[n+]1[c-]n2ccccc2c1,-7.7524,-9.331535
CC(C)[C@@H](C(=O)N[C@@H](Cc1c[nH]c2ccccc12)C(=O)N[C@@H](Cc1ccccc1)C(=O)O)[n+]1[c-]n2ccccc2c1,-13.104,-8.739298
CC(C)[C@@H](C(=O)N[C@@H](Cc1c[nH]c2ccccc12)C(=O)N[C@H](C(=O)O)[C@@H](C)O)[n+]1[c-]n2ccccc2c1,-7.1792,-7.842004
CC(C)[C@@H](C(=O)N[C@@H](Cc1c[nH]cn1)C(=O)N[C@@H](CC(=O)O)C(=O)O)[n+]1[c-]n2ccccc2c1,-8.9071,-8.693038
CC(C)[C@@H](C(=O)N[C@@H](Cc1c[nH]cn1)C(=O)N[C@@H](CCC(N)=O)C(=O)O)[n+]1[c-]n2ccccc2c1,-10.2856,-10.040366
CC(C)[C@@H](C(=O)N[C@@H](Cc1ccc(O)cc1)C(=O)NCC(=O)O)[n+]1[c-]n2ccccc2c1,-5.3069,-6.827645
CC(C)[C@@H](C(=O)N[C@@H](Cc1ccc(O)cc1)C(=O)N[C@@H](CCCNC(=N)N)C(=O)O)[n+]1[c-]n2ccccc2c1,-13.572,-7.1231976
CC(C)[C@@H](C(=O)N[C@@H](Cc1ccc(O)cc1)C(=O)N[C@@H](Cc1c[nH]c2ccccc12)C(=O)O)[n+]1[c-]n2ccccc2c1,-11.2914,-9.022995
CC(C)[C@@H](C(=O)N[C@@H](Cc1ccc(O)cc1)C(=O)N[C@@H](Cc1ccccc1)C(=O)O)[n+]1[c-]n2ccccc2c1,-3.0814,-6.8305345
CC(C)[C@@H](C(=O)N[C@@H](Cc1ccccc1)C(=O)N[C@@H](CC(=O)O)C(=O)O)[n+]1[c-]n2ccccc2c1,-8.5354,-6.548922
CC(C)[C@@H](C(=O)N[C@@H](Cc1ccccc1)C(=O)N[C@@H](CO)C(=O)O)[n+]1[c-]n2ccccc2c1,-6.9346,-6.5039015
CC(C)[C@@H](C(=O)N[C@@H](Cc1ccccc1)C(=O)N[C@@H](Cc1ccccc1)C(=O)O)[n+]1[c-]n2ccccc2c1,-6.0396,-6.4044766
CC(C)[C@@H](C(=O)N[C@H](C(=O)N[C@@H](CCC(N)=O)C(=O)O)[C@@H](C)O)[n+]1[c-]n2ccccc2c1,-13.9261,-10.419833
CC(C)[C@@H](C(=O)N[C@H](C(=O)N[C@@H](CO)C(=O)O)[C@@H](C)O)[n+]1[c-]n2ccccc2c1,-4.5111,-6.146539
CC(C)[C@@H](C(=O)O)[n+]1[c-]n2ccccc2c1,-1.7254,-5.4193945
CC(C)[C@H](NC(=O)CNC(=O)[C@H](C(C)C)[n+]1[c-]n2ccccc2c1)C(=O)O,-7.0165,-5.479031
CC(C)[C@H](NC(=O)CNC(=O)[C@H](C)[n+]1[c-]n2ccccc2c1)C(=O)O,-7.4569,-5.8758006
CC(C)[C@H](NC(=O)CNC(=O)[C@H](CC(=O)O)[n+]1[c-]n2ccccc2c1)C(=O)O,-3.9403,-5.7840066
CC(C)[C@H](NC(=O)CNC(=O)[C@H](CCC(=O)O)[n+]1[c-]n2ccccc2c1)C(=O)O,-8.2195,-7.074116
CC(C)[C@H](NC(=O)CNC(=O)[C@H](Cc1c[nH]cn1)[n+]1[c-]n2ccccc2c1)C(=O)O,-4.1426,-7.22411
CC(C)[C@H](NC(=O)CNC(=O)[C@H](Cc1ccccc1)[n+]1[c-]n2ccccc2c1)C(=O)O,-9.7787,-6.7205253
CC(C)[C@H](NC(=O)C[n+]1[c-]n2ccccc2c1)C(=O)NCC(=O)O,-6.7479,-9.251402
CC(C)[C@H](NC(=O)C[n+]1[c-]n2ccccc2c1)C(=O)N[C@@H](C)C(=O)O,-11.2835,-9.012778
CC(C)[C@H](NC(=O)C[n+]1[c-]n2ccccc2c1)C(=O)N[C@@H](CCC(=O)O)C(=O)O,-9.989,-9.845008
CC(C)[C@H](NC(=O)C[n+]1[c-]n2ccccc2c1)C(=O)N[C@@H](CCC(N)=O)C(=O)O,-14.6179,-10.716807
CC(C)[C@H](NC(=O)C[n+]1[c-]n2ccccc2c1)C(=O)N[C@@H](CS)C(=O)O,-11.8316,-7.600169
CC(C)[C@H](NC(=O)[C@@H](NC(=O)C[n+]1[c-]n2ccccc2c1)C(C)C)C(=O)O,-8.8804,-5.7896514
CC(C)[C@H](NC(=O)[C@@H](NC(=O)C[n+]1[c-]n2ccccc2c1)[C@@H](C)O)C(=O)O,-9.7351,-7.313786
CC(C)[C@H](NC(=O)[C@@H](NC(=O)[C@H](C)[n+]1[c-]n2ccccc2c1)[C@@H](C)O)C(=O)O,0.3139,-5.2166247
CC(C)[C@H](NC(=O)[C@@H](NC(=O)[C@H](CCC(N)=O)[n+]1[c-]n2ccccc2c1)[C@@H](C)O)C(=O)O,-0.8945,-7.2165065
CC(C)[C@H](NC(=O)[C@@H](NC(=O)[C@H](CCCNC(=N)N)[n+]1[c-]n2ccccc2c1)[C@@H](C)O)C(=O)O,-11.3362,-7.0142117
CC(C)[C@H](NC(=O)[C@@H](NC(=O)[C@H](CO)[n+]1[c-]n2ccccc2c1)C(C)C)C(=O)O,-5.4999,-4.3214817
CC(C)[C@H](NC(=O)[C@@H](NC(=O)[C@H](CO)[n+]1[c-]n2ccccc2c1)[C@@H](C)O)C(=O)O,-6.3823,-5.591618
CC(C)[C@H](NC(=O)[C@@H](NC(=O)[C@H](Cc1ccc(O)cc1)[n+]1[c-]n2ccccc2c1)C(C)C)C(=O)O,-1.6968,-5.9025455
CC(C)[C@H](NC(=O)[C@@H](NC(=O)[C@H](Cc1ccc(O)cc1)[n+]1[c-]n2ccccc2c1)[C@@H](C)O)C(=O)O,-3.0335,-6.409629
CC(C)[C@H](NC(=O)[C@@H]1CCCN1C(=O)C[n+]1[c-]n2ccccc2c1)C(=O)O,-9.5789,-8.247954
CC(C)[C@H](NC(=O)[C@@H]1CCCN1C(=O)[C@H](C)[n+]1[c-]n2ccccc2c1)C(=O)O,-7.0002,-6.9224453
CC(C)[C@H](NC(=O)[C@@H]1CCCN1C(=O)[C@H](CS)[n+]1[c-]n2ccccc2c1)C(=O)O,-7.8917,-5.6760287
CC(C)[C@H](NC(=O)[C@@H]1CCCN1C(=O)[C@H](Cc1c[nH]c2ccccc12)[n+]1[c-]n2ccccc2c1)C(=O)O,-8.6777,-5.363955
CC(C)[C@H](NC(=O)[C@@H]1CCCN1C(=O)[C@H](Cc1c[nH]cn1)[n+]1[c-]n2ccccc2c1)C(=O)O,-7.5871,-7.131353
CC(C)[C@H](NC(=O)[C@H](C(C)C)[n+]1[c-]n2ccccc2c1)C(=O)N[C@@H](C)C(=O)O,-4.6532,-4.2655387
CC(C)[C@H](NC(=O)[C@H](C(C)C)[n+]1[c-]n2ccccc2c1)C(=O)N[C@@H](Cc1c[nH]c2ccccc12)C(=O)O,-6.8536,-6.5459776
CC(C)[C@H](NC(=O)[C@H](C(C)C)[n+]1[c-]n2ccccc2c1)C(=O)N[C@@H](Cc1c[nH]cn1)C(=O)O,-3.805,-5.445311
CC(C)[C@H](NC(=O)[C@H](C(C)C)[n+]1[c-]n2ccccc2c1)C(=O)O,-5.5036,-5.3554597
CC(C)[C@H](NC(=O)[C@H](C)NC(=O)[C@H](C(C)C)[n+]1[c-]n2ccccc2c1)C(=O)O,-2.4051,-3.7785304
CC(C)[C@H](NC(=O)[C@H](C)[n+]1[c-]n2ccccc2c1)C(=O)N[C@@H](CS)C(=O)O,-9.0309,-5.4364862
CC(C)[C@H](NC(=O)[C@H](C)[n+]1[c-]n2ccccc2c1)C(=O)N[C@@H](Cc1c[nH]c2ccccc12)C(=O)O,-7.4252,-7.9009733
CC(C)[C@H](NC(=O)[C@H](CC(=O)O)NC(=O)[C@H](C)[n+]1[c-]n2ccccc2c1)C(=O)O,0.9708,-4.299164
CC(C)[C@H](NC(=O)[C@H](CC(=O)O)NC(=O)[C@H](CC(=O)O)[n+]1[c-]n2ccccc2c1)C(=O)O,-0.032,-4.841985
CC(C)[C@H](NC(=O)[C@H](CC(=O)O)NC(=O)[C@H](Cc1c[nH]c2ccccc12)[n+]1[c-]n2ccccc2c1)C(=O)O,-2.0538,-6.611662
CC(C)[C@H](NC(=O)[C@H](CC(=O)O)[n+]1[c-]n2ccccc2c1)C(=O)N1CCC[C@H]1C(=O)O,-0.2251,-5.261066
CC(C)[C@H](NC(=O)[C@H](CC(=O)O)[n+]1[c-]n2ccccc2c1)C(=O)N[C@@H](CC(N)=O)C(=O)O,-13.1641,-8.108877
CC(C)[C@H](NC(=O)[C@H](CC(=O)O)[n+]1[c-]n2ccccc2c1)C(=O)N[C@@H](CCCNC(=N)N)C(=O)O,-10.0135,-6.3791895
CC(C)[C@H](NC(=O)[C@H](CC(N)=O)NC(=O)[C@H](CC(=O)O)[n+]1[c-]n2ccccc2c1)C(=O)O,-8.6039,-6.9432917
CC(C)[C@H](NC(=O)[C@H](CC(N)=O)[n+]1[c-]n2ccccc2c1)C(=O)N[C@@H](CC(N)=O)C(=O)O,-20.8314,-10.230336
CC(C)[C@H](NC(=O)[C@H](CC(N)=O)[n+]1[c-]n2ccccc2c1)C(=O)N[C@@H](CCC(N)=O)C(=O)O,-10.4223,-10.4196
CC(C)[C@H](NC(=O)[C@H](CC(N)=O)[n+]1[c-]n2ccccc2c1)C(=O)N[C@@H](CS)C(=O)O,-8.7064,-6.613462
CC(C)[C@H](NC(=O)[C@H](CC(N)=O)[n+]1[c-]n2ccccc2c1)C(=O)N[C@@H](Cc1c[nH]c2ccccc12)C(=O)O,-6.7542,-8.358859
CC(C)[C@H](NC(=O)[C@H](CC(N)=O)[n+]1[c-]n2ccccc2c1)C(=O)N[C@@H](Cc1ccccc1)C(=O)O,-1.3611,-6.1603804
CC(C)[C@H](NC(=O)[C@H](CC(N)=O)[n+]1[c-]n2ccccc2c1)C(=O)N[C@H](C(=O)O)[C@@H](C)O,-3.685,-6.3896127
CC(C)[C@H](NC(=O)[C@H](CCC(=O)O)NC(=O)C[n+]1[c-]n2ccccc2c1)C(=O)O,-12.3226,-7.673816
CC(C)[C@H](NC(=O)[C@H](CCC(=O)O)NC(=O)[C@H](CS)[n+]1[c-]n2ccccc2c1)C(=O)O,-8.3784,-6.194219
CC(C)[C@H](NC(=O)[C@H](CCC(=O)O)NC(=O)[C@H](Cc1ccc(O)cc1)[n+]1[c-]n2ccccc2c1)C(=O)O,-10.1139,-8.647457
CC(C)[C@H](NC(=O)[C@H](CCC(=O)O)NC(=O)[C@H]([C@@H](C)O)[n+]1[c-]n2ccccc2c1)C(=O)O,-12.6283,-6.979922
CC(C)[C@H](NC(=O)[C@H](CCC(=O)O)[n+]1[c-]n2ccccc2c1)C(=O)N[C@@H](CO)C(=O)O,-5.8513,-6.4515815
CC(C)[C@H](NC(=O)[C@H](CCC(=O)O)[n+]1[c-]n2ccccc2c1)C(=O)N[C@@H](CS)C(=O)O,-2.5438,-6.2532206
CC(C)[C@H](NC(=O)[C@H](CCC(=O)O)[n+]1[c-]n2ccccc2c1)C(=O)N[C@@H](Cc1ccc(O)cc1)C(=O)O,-12.347,-7.8655334
CC(C)[C@H](NC(=O)[C@H](CCC(=O)O)[n+]1[c-]n2ccccc2c1)C(=O)N[C@H](C(=O)O)[C@@H](C)O,-6.9261,-6.039095
CC(C)[C@H](NC(=O)[C@H](CCC(N)=O)NC(=O)[C@H](C(C)C)[n+]1[c-]n2ccccc2c1)C(=O)O,-10.4622,-6.27871
CC(C)[C@H](NC(=O)[C@H](CCC(N)=O)NC(=O)[C@H](CCC(N)=O)[n+]1[c-]n2ccccc2c1)C(=O)O,-12.3191,-11.279436
CC(C)[C@H](NC(=O)[C@H](CCC(N)=O)NC(=O)[C@H](CCCNC(=N)N)[n+]1[c-]n2ccccc2c1)C(=O)O,-8.7507,-8.638973
CC(C)[C@H](NC(=O)[C@H](CCC(N)=O)NC(=O)[C@H](Cc1c[nH]c2ccccc12)[n+]1[c-]n2ccccc2c1)C(=O)O,-13.4341,-9.1833725
CC(C)[C@H](NC(=O)[C@H](CCC(N)=O)NC(=O)[C@H]([C@@H](C)O)[n+]1[c-]n2ccccc2c1)C(=O)O,-6.4921,-7.896028
CC(C)[C@H](NC(=O)[C@H](CCC(N)=O)[n+]1[c-]n2ccccc2c1)C(=O)N[C@@H](CC(N)=O)C(=O)O,-4.6993,-10.647076
CC(C)[C@H](NC(=O)[C@H](CCC(N)=O)[n+]1[c-]n2ccccc2c1)C(=O)N[C@@H](Cc1ccc(O)cc1)C(=O)O,-7.2283,-8.549434
CC(C)[C@H](NC(=O)[C@H](CCCNC(=N)N)NC(=O)C[n+]1[c-]n2ccccc2c1)C(=O)O,-10.9391,-8.586561
CC(C)[C@H](NC(=O)[C@H](CCCNC(=N)N)NC(=O)[C@H](CS)[n+]1[c-]n2ccccc2c1)C(=O)O,-7.8617,-6.483408
CC(C)[C@H](NC(=O)[C@H](CCCNC(=N)N)[n+]1[c-]n2ccccc2c1)C(=O)N[C@@H](CCC(=O)O)C(=O)O,-8.3213,-6.8973284
CC(C)[C@H](NC(=O)[C@H](CCCNC(=N)N)[n+]1[c-]n2ccccc2c1)C(=O)O,-10.8521,-7.76595
CC(C)[C@H](NC(=O)[C@H](CO)NC(=O)[C@H](CC(=O)O)[n+]1[c-]n2ccccc2c1)C(=O)O,-10.15,-5.1660647
CC(C)[C@H](NC(=O)[C@H](CO)NC(=O)[C@H](CCCNC(=N)N)[n+]1[c-]n2ccccc2c1)C(=O)O,-7.3749,-6.958137
CC(C)[C@H](NC(=O)[C@H](CO)[n+]1[c-]n2ccccc2c1)C(=O)N[C@@H](CS)C(=O)O,-6.7461,-6.543445
CC(C)[C@H](NC(=O)[C@H](CS)NC(=O)C[n+]1[c-]n2ccccc2c1)C(=O)O,-8.0403,-7.1725445
CC(C)[C@H](NC(=O)[C@H](CS)NC(=O)[C@H](C)[n+]1[c-]n2ccccc2c1)C(=O)O,-5.861,-4.695726
CC(C)[C@H](NC(=O)[C@H](CS)NC(=O)[C@H](CCCNC(=N)N)[n+]1[c-]n2ccccc2c1)C(=O)O,0.8679,-6.1253843
CC(C)[C@H](NC(=O)[C@H](CS)NC(=O)[C@H](Cc1c[nH]c2ccccc12)[n+]1[c-]n2ccccc2c1)C(=O)O,0.4191,-5.0009394
CC(C)[C@H](NC(=O)[C@H](CS)[n+]1[c-]n2ccccc2c1)C(=O)NCC(=O)O,-3.3602,-5.927525
CC(C)[C@H](NC(=O)[C@H](CS)[n+]1[c-]n2ccccc2c1)C(=O)N[C@@H](CC(N)=O)C(=O)O,-9.2127,-8.081307
CC(C)[C@H](NC(=O)[C@H](CS)[n+]1[c-]n2ccccc2c1)C(=O)N[C@@H](CCC(N)=O)C(=O)O,-11.3422,-8.523097
CC(C)[C@H](NC(=O)[C@H](CS)[n+]1[c-]n2ccccc2c1)C(=O)N[C@@H](CO)C(=O)O,-5.2591,-6.477287
CC(C)[C@H](NC(=O)[C@H](CS)[n+]1[c-]n2ccccc2c1)C(=O)O,-3.2936,-4.8064976
CC(C)[C@H](NC(=O)[C@H](Cc1c[nH]c2ccccc12)NC(=O)[C@H](CCCNC(=N)N)[n+]1[c-]n2ccccc2c1)C(=O)O,-7.026,-5.9390206
CC(C)[C@H](NC(=O)[C@H](Cc1c[nH]c2ccccc12)NC(=O)[C@H](CO)[n+]1[c-]n2ccccc2c1)C(=O)O,-5.4644,-5.947374
CC(C)[C@H](NC(=O)[C@H](Cc1c[nH]c2ccccc12)[n+]1[c-]n2ccccc2c1)C(=O)N1CCC[C@H]1C(=O)O,-8.0666,-5.4165707
CC(C)[C@H](NC(=O)[C@H](Cc1c[nH]c2ccccc12)[n+]1[c-]n2ccccc2c1)C(=O)NCC(=O)O,-1.7856,-5.938204
CC(C)[C@H](NC(=O)[C@H](Cc1c[nH]c2ccccc12)[n+]1[c-]n2ccccc2c1)C(=O)N[C@@H](CO)C(=O)O,-4.4556,-4.655831
CC(C)[C@H](NC(=O)[C@H](Cc1c[nH]c2ccccc12)[n+]1[c-]n2ccccc2c1)C(=O)N[C@@H](Cc1c[nH]cn1)C(=O)O,-13.7059,-6.921197
CC(C)[C@H](NC(=O)[C@H](Cc1c[nH]c2ccccc12)[n+]1[c-]n2ccccc2c1)C(=O)N[C@H](C(=O)O)[C@@H](C)O,-2.8486,-5.0836163
CC(C)[C@H](NC(=O)[C@H](Cc1c[nH]cn1)NC(=O)C[n+]1[c-]n2ccccc2c1)C(=O)O,-8.1293,-8.4605465
CC(C)[C@H](NC(=O)[C@H](Cc1c[nH]cn1)NC(=O)[C@H](CC(N)=O)[n+]1[c-]n2ccccc2c1)C(=O)O,-12.6233,-8.050059
CC(C)[C@H](NC(=O)[C@H](Cc1c[nH]cn1)NC(=O)[C@H](CO)[n+]1[c-]n2ccccc2c1)C(=O)O,-4.3511,-6.185681
CC(C)[C@H](NC(=O)[C@H](Cc1c[nH]cn1)NC(=O)[C@H](CS)[n+]1[c-]n2ccccc2c1)C(=O)O,-2.5976,-6.2543097
CC(C)[C@H](NC(=O)[C@H](Cc1c[nH]cn1)NC(=O)[C@H](Cc1c[nH]cn1)[n+]1[c-]n2ccccc2c1)C(=O)O,-12.4498,-6.9958057
CC(C)[C@H](NC(=O)[C@H](Cc1c[nH]cn1)NC(=O)[C@H](Cc1ccccc1)[n+]1[c-]n2ccccc2c1)C(=O)O,-16.7728,-7.056545
CC(C)[C@H](NC(=O)[C@H](Cc1c[nH]cn1)[n+]1[c-]n2ccccc2c1)C(=O)NCC(=O)O,-3.2113,-6.2076592
CC(C)[C@H](NC(=O)[C@H](Cc1c[nH]cn1)[n+]1[c-]n2ccccc2c1)C(=O)N[C@@H](C)C(=O)O,-4.7856,-5.8358555
CC(C)[C@H](NC(=O)[C@H](Cc1c[nH]cn1)[n+]1[c-]n2ccccc2c1)C(=O)N[C@@H](CCC(N)=O)C(=O)O,-5.0169,-8.635586
CC(C)[C@H](NC(=O)[C@H](Cc1c[nH]cn1)[n+]1[c-]n2ccccc2c1)C(=O)N[C@@H](CO)C(=O)O,-1.0808,-6.326545
CC(C)[C@H](NC(=O)[C@H](Cc1c[nH]cn1)[n+]1[c-]n2ccccc2c1)C(=O)N[C@@H](Cc1c[nH]cn1)C(=O)O,-7.3943,-6.8506618
CC(C)[C@H](NC(=O)[C@H](Cc1ccc(O)cc1)NC(=O)[C@H](Cc1c[nH]cn1)[n+]1[c-]n2ccccc2c1)C(=O)O,-13.2749,-6.916685
CC(C)[C@H](NC(=O)[C@H](Cc1ccc(O)cc1)NC(=O)[C@H]([C@@H](C)O)[n+]1[c-]n2ccccc2c1)C(=O)O,-8.8331,-6.65649
CC(C)[C@H](NC(=O)[C@H](Cc1ccc(O)cc1)[n+]1[c-]n2ccccc2c1)C(=O)N1CCC[C@H]1C(=O)O,-4.842,-7.2364044
CC(C)[C@H](NC(=O)[C@H](Cc1ccc(O)cc1)[n+]1[c-]n2ccccc2c1)C(=O)N[C@@H](C)C(=O)O,-6.3949,-6.496281
CC(C)[C@H](NC(=O)[C@H](Cc1ccc(O)cc1)[n+]1[c-]n2ccccc2c1)C(=O)N[C@@H](CC(N)=O)C(=O)O,-11.6383,-8.732795
CC(C)[C@H](NC(=O)[C@H](Cc1ccc(O)cc1)[n+]1[c-]n2ccccc2c1)C(=O)N[C@@H](Cc1ccccc1)C(=O)O,-3.7571,-6.834333
CC(C)[C@H](NC(=O)[C@H](Cc1ccc(O)cc1)[n+]1[c-]n2ccccc2c1)C(=O)O,-4.8181,-5.9515905
CC(C)[C@H](NC(=O)[C@H](Cc1ccccc1)NC(=O)C[n+]1[c-]n2ccccc2c1)C(=O)O,-7.5659,-7.862098
CC(C)[C@H](NC(=O)[C@H](Cc1ccccc1)NC(=O)[C@H](CC(N)=O)[n+]1[c-]n2ccccc2c1)C(=O)O,-11.1485,-5.8542647
CC(C)[C@H](NC(=O)[C@H](Cc1ccccc1)NC(=O)[C@H](CCC(N)=O)[n+]1[c-]n2ccccc2c1)C(=O)O,-15.5976,-6.4918404
CC(C)[C@H](NC(=O)[C@H](Cc1ccccc1)NC(=O)[C@H](CCCNC(=N)N)[n+]1[c-]n2ccccc2c1)C(=O)O,-8.4458,-6.7431617
CC(C)[C@H](NC(=O)[C@H](Cc1ccccc1)NC(=O)[C@H](CS)[n+]1[c-]n2ccccc2c1)C(=O)O,-6.5472,-5.15506
CC(C)[C@H](NC(=O)[C@H](Cc1ccccc1)NC(=O)[C@H](Cc1c[nH]cn1)[n+]1[c-]n2ccccc2c1)C(=O)O,-7.3433,-6.6329527
CC(C)[C@H](NC(=O)[C@H](Cc1ccccc1)NC(=O)[C@H](Cc1ccccc1)[n+]1[c-]n2ccccc2c1)C(=O)O,-8.4966,-5.914096
CC(C)[C@H](NC(=O)[C@H](Cc1ccccc1)NC(=O)[C@H]([C@@H](C)O)[n+]1[c-]n2ccccc2c1)C(=O)O,-9.4633,-6.302452
CC(C)[C@H](NC(=O)[C@H]([C@@H](C)O)[n+]1[c-]n2ccccc2c1)C(=O)NCC(=O)O,-3.6094,-6.267325
CC(C)[C@H](NC(=O)[C@H]([C@@H](C)O)[n+]1[c-]n2ccccc2c1)C(=O)N[C@@H](CS)C(=O)O,-6.6559,-5.996049
CC(C)[C@H](NC(=O)[C@H]([C@@H](C)O)[n+]1[c-]n2ccccc2c1)C(=O)N[C@H](C(=O)O)[C@@H](C)O,-9.7608,-6.1441555
CC[C@H](C)[C@@H](C(=O)N1CCC[C@H]1C(=O)N[C@H](C(=O)O)C(C)C)[n+]1[c-]n2ccccc2c1,-4.8718,-5.4954934
CC[C@H](C)[C@@H](C(=O)NCC(=O)NCC(=O)O)[n+]1[c-]n2ccccc2c1,-9.9623,-8.103237
CC[C@H](C)[C@@H](C(=O)NCC(=O)N[C@@H](CO)C(=O)O)[n+]1[c-]n2ccccc2c1,-11.8323,-7.703454
CC[C@H](C)[C@@H](C(=O)NCC(=O)N[C@H](C(=O)O)C(C)C)[n+]1[c-]n2ccccc2c1,-12.249,-5.8715796
CC[C@H](C)[C@@H](C(=O)NCC(=O)O)[n+]1[c-]n2ccccc2c1,-7.2407,-6.153874
CC[C@H](C)[C@@H](C(=O)N[C@@H](C)C(=O)N[C@@H](C)C(=O)O)[n+]1[c-]n2ccccc2c1,-4.8367,-6.147355
CC[C@H](C)[C@@H](C(=O)N[C@@H](C)C(=O)N[C@@H](CCCNC(=N)N)C(=O)O)[n+]1[c-]n2ccccc2c1,-14.5256,-6.2690864
CC[C@H](C)[C@@H](C(=O)N[C@@H](CC(=O)O)C(=O)N[C@@H](CCC(=O)O)C(=O)O)[n+]1[c-]n2ccccc2c1,-14.5078,-10.233064
CC[C@H](C)[C@@H](C(=O)N[C@@H](CC(C)C)C(=O)N[C@@H](CC(N)=O)C(=O)O)[n+]1[c-]n2ccccc2c1,-5.695,-9.249044
CC[C@H](C)[C@@H](C(=O)N[C@@H](CC(C)C)C(=O)N[C@@H](CCC(=O)O)C(=O)O)[n+]1[c-]n2ccccc2c1,-11.8785,-9.286209
CC[C@H](C)[C@@H](C(=O)N[C@@H](CC(C)C)C(=O)N[C@@H](CCCNC(=N)N)C(=O)O)[n+]1[c-]n2ccccc2c1,-11.5112,-6.492264
CC[C@H](C)[C@@H](C(=O)N[C@@H](CC(N)=O)C(=O)N[C@@H](CC(C)C)C(=O)O)[n+]1[c-]n2ccccc2c1,-6.7874,-9.258817
CC[C@H](C)[C@@H](C(=O)N[C@@H](CC(N)=O)C(=O)N[C@@H](CCC(N)=O)C(=O)O)[n+]1[c-]n2ccccc2c1,-14.4454,-11.403212
CC[C@H](C)[C@@H](C(=O)N[C@@H](CC(N)=O)C(=O)N[C@@H](CCCNC(=N)N)C(=O)O)[n+]1[c-]n2ccccc2c1,-13.8122,-9.560649
CC[C@H](C)[C@@H](C(=O)N[C@@H](CC(N)=O)C(=O)N[C@@H](Cc1ccc(O)cc1)C(=O)O)[n+]1[c-]n2ccccc2c1,-13.6292,-9.36284
CC[C@H](C)[C@@H](C(=O)N[C@@H](CC(N)=O)C(=O)N[C@H](C(=O)O)[C@@H](C)O)[n+]1[c-]n2ccccc2c1,-10.1137,-10.132214
CC[C@H](C)[C@@H](C(=O)N[C@@H](CCC(=O)O)C(=O)NCC(=O)O)[n+]1[c-]n2ccccc2c1,-10.376,-9.658374
CC[C@H](C)[C@@H](C(=O)N[C@@H](CCC(=O)O)C(=O)N[C@@H](Cc1ccc(O)cc1)C(=O)O)[n+]1[c-]n2ccccc2c1,5.5331,-9.837604
CC[C@H](C)[C@@H](C(=O)N[C@@H](CCC(=O)O)C(=O)N[C@H](C(=O)O)C(C)C)[n+]1[c-]n2ccccc2c1,-9.575,-8.159227
CC[C@H](C)[C@@H](C(=O)N[C@@H](CCC(N)=O)C(=O)N[C@@H](Cc1c[nH]cn1)C(=O)O)[n+]1[c-]n2ccccc2c1,-15.9472,-9.977908
CC[C@H](C)[C@@H](C(=O)N[C@@H](CCCNC(=N)N)C(=O)N[C@@H](CC(C)C)C(=O)O)[n+]1[c-]n2ccccc2c1,-5.9229,-6.5660844
CC[C@H](C)[C@@H](C(=O)N[C@@H](CCCNC(=N)N)C(=O)N[C@@H](CCC(=O)O)C(=O)O)[n+]1[c-]n2ccccc2c1,-8.3079,-8.773948
CC[C@H](C)[C@@H](C(=O)N[C@@H](CCCNC(=N)N)C(=O)N[C@@H](CCCNC(=N)N)C(=O)O)[n+]1[c-]n2ccccc2c1,-4.3882,-7.105331
CC[C@H](C)[C@@H](C(=O)N[C@@H](CCCNC(=N)N)C(=O)N[C@@H](CO)C(=O)O)[n+]1[c-]n2ccccc2c1,-9.0895,-7.464665
CC[C@H](C)[C@@H](C(=O)N[C@@H](CCCNC(=N)N)C(=O)N[C@@H](Cc1ccccc1)C(=O)O)[n+]1[c-]n2ccccc2c1,-9.7602,-7.040952
CC[C@H](C)[C@@H](C(=O)N[C@@H](CCSC)C(=O)N[C@@H](CC(N)=O)C(=O)O)[n+]1[c-]n2ccccc2c1,-12.3521,-7.7424545
CC[C@H](C)[C@@H](C(=O)N[C@@H](CCSC)C(=O)N[C@@H](CS)C(=O)O)[n+]1[c-]n2ccccc2c1,-11.3717,-4.725279
CC[C@H](C)[C@@H](C(=O)N[C@@H](CCSC)C(=O)N[C@@H](Cc1ccccc1)C(=O)O)[n+]1[c-]n2ccccc2c1,-12.3139,-5.618442
CC[C@H](C)[C@@H](C(=O)N[C@@H](CO)C(=O)N1CCC[C@H]1C(=O)O)[n+]1[c-]n2ccccc2c1,-8.084,-7.959943
CC[C@H](C)[C@@H](C(=O)N[C@@H](CO)C(=O)N[C@@H](C)C(=O)O)[n+]1[c-]n2ccccc2c1,-0.0994,-6.130397
CC[C@H](C)[C@@H](C(=O)N[C@@H](CO)C(=O)N[C@@H](CCC(=O)O)C(=O)O)[n+]1[c-]n2ccccc2c1,-13.8777,-9.5534115
CC[C@H](C)[C@@H](C(=O)N[C@@H](CO)C(=O)N[C@@H](CS)C(=O)O)[n+]1[c-]n2ccccc2c1,-9.8892,-7.3545136
CC[C@H](C)[C@@H](C(=O)N[C@@H](CS)C(=O)N[C@@H](CCC(N)=O)C(=O)O)[n+]1[c-]n2ccccc2c1,-12.8988,-8.866065
CC[C@H](C)[C@@H](C(=O)N[C@@H](CS)C(=O)N[C@@H](CS)C(=O)O)[n+]1[c-]n2ccccc2c1,-0.306,-7.2279496
CC[C@H](C)[C@@H](C(=O)N[C@@H](CS)C(=O)N[C@@H](Cc1c[nH]cn1)C(=O)O)[n+]1[c-]n2ccccc2c1,-10.2316,-7.358163
CC[C@H](C)[C@@H](C(=O)N[C@@H](CS)C(=O)N[C@@H](Cc1ccc(O)cc1)C(=O)O)[n+]1[c-]n2ccccc2c1,-11.3085,-6.630112
CC[C@H](C)[C@@H](C(=O)N[C@@H](CS)C(=O)N[C@@H](Cc1ccccc1)C(=O)O)[n+]1[c-]n2ccccc2c1,-9.122,-6.1430383
CC[C@H](C)[C@@H](C(=O)N[C@@H](Cc1c[nH]c2ccccc12)C(=O)N[C@@H](CC(=O)O)C(=O)O)[n+]1[c-]n2ccccc2c1,-14.0334,-9.96316
CC[C@H](C)[C@@H](C(=O)N[C@@H](Cc1c[nH]c2ccccc12)C(=O)N[C@@H](CC(N)=O)C(=O)O)[n+]1[c-]n2ccccc2c1,-8.3333,-10.602616
CC[C@H](C)[C@@H](C(=O)N[C@@H](Cc1c[nH]c2ccccc12)C(=O)N[C@@H](CCSC)C(=O)O)[n+]1[c-]n2ccccc2c1,-8.4543,-7.359976
CC[C@H](C)[C@@H](C(=O)N[C@@H](Cc1c[nH]c2ccccc12)C(=O)N[C@@H](CO)C(=O)O)[n+]1[c-]n2ccccc2c1,-9.0575,-8.261502
CC[C@H](C)[C@@H](C(=O)N[C@@H](Cc1c[nH]c2ccccc12)C(=O)N[C@@H](Cc1ccccc1)C(=O)O)[n+]1[c-]n2ccccc2c1,-9.0535,-8.919997
CC[C@H](C)[C@@H](C(=O)N[C@@H](Cc1c[nH]cn1)C(=O)N1CCC[C@H]1C(=O)O)[n+]1[c-]n2ccccc2c1,-14.7462,-7.483286
CC[C@H](C)[C@@H](C(=O)N[C@@H](Cc1c[nH]cn1)C(=O)N[C@@H](CC(=O)O)C(=O)O)[n+]1[c-]n2ccccc2c1,-9.153,-8.968308
CC[C@H](C)[C@@H](C(=O)N[C@@H](Cc1c[nH]cn1)C(=O)N[C@@H](CCC(N)=O)C(=O)O)[n+]1[c-]n2ccccc2c1,-7.0893,-10.338273
CC[C@H](C)[C@@H](C(=O)N[C@@H](Cc1c[nH]cn1)C(=O)N[C@@H](CCSC)C(=O)O)[n+]1[c-]n2ccccc2c1,-4.4126,-6.5657196
CC[C@H](C)[C@@H](C(=O)N[C@@H](Cc1c[nH]cn1)C(=O)N[C@@H](CO)C(=O)O)[n+]1[c-]n2ccccc2c1,-10.5664,-7.1555696
CC[C@H](C)[C@@H](C(=O)N[C@@H](Cc1c[nH]cn1)C(=O)N[C@H](C(=O)O)C(C)C)[n+]1[c-]n2ccccc2c1,-3.2885,-5.98388
CC[C@H](C)[C@@H](C(=O)N[C@@H](Cc1ccc(O)cc1)C(=O)N1CCC[C@H]1C(=O)O)[n+]1[c-]n2ccccc2c1,-9.086,-7.3852205
CC[C@H](C)[C@@H](C(=O)N[C@@H](Cc1ccc(O)cc1)C(=O)N[C@@H](CCSC)C(=O)O)[n+]1[c-]n2ccccc2c1,-3.3018,-4.7139163
CC[C@H](C)[C@@H](C(=O)N[C@@H](Cc1ccc(O)cc1)C(=O)N[C@@H](CS)C(=O)O)[n+]1[c-]n2ccccc2c1,-5.0385,-6.599805
CC[C@H](C)[C@@H](C(=O)N[C@@H](Cc1ccccc1)C(=O)N[C@@H](Cc1c[nH]c2ccccc12)C(=O)O)[n+]1[c-]n2ccccc2c1,-11.2058,-8.883023
CC[C@H](C)[C@@H](C(=O)N[C@@H](Cc1ccccc1)C(=O)N[C@@H](Cc1ccc(O)cc1)C(=O)O)[n+]1[c-]n2ccccc2c1,-9.4815,-7.1479273
CC[C@H](C)[C@@H](C(=O)N[C@@H](Cc1ccccc1)C(=O)N[C@H](C(=O)O)[C@@H](C)O)[n+]1[c-]n2ccccc2c1,-9.4194,-6.929697
CC[C@H](C)[C@@H](C(=O)N[C@H](C(=O)NCC(=O)O)[C@@H](C)O)[n+]1[c-]n2ccccc2c1,2.3267,-6.7940135
CC[C@H](C)[C@@H](C(=O)N[C@H](C(=O)N[C@@H](C)C(=O)O)[C@@H](C)O)[n+]1[c-]n2ccccc2c1,0.6541,-5.2795353
CC[C@H](C)[C@@H](C(=O)N[C@H](C(=O)N[C@@H](CC(N)=O)C(=O)O)[C@@H](C)O)[n+]1[c-]n2ccccc2c1,-13.6194,-10.197678
CC[C@H](C)[C@@H](C(=O)N[C@H](C(=O)N[C@@H](CCC(N)=O)C(=O)O)[C@@H](C)O)[n+]1[c-]n2ccccc2c1,-5.9952,-11.501513
CC[C@H](C)[C@@H](C(=O)N[C@H](C(=O)N[C@@H](CCSC)C(=O)O)[C@@H](C)O)[n+]1[c-]n2ccccc2c1,-8.7999,-4.6218963
CC[C@H](C)[C@@H](C(=O)N[C@H](C(=O)N[C@@H](Cc1ccccc1)C(=O)O)[C@@H](C)O)[n+]1[c-]n2ccccc2c1,-8.8189,-6.4153237
CC[C@H](C)[C@@H](C(=O)N[C@H](C(=O)O)C(C)C)[n+]1[c-]n2ccccc2c1,-5.1914,-5.328616
CC[C@H](C)[C@@H](C(=O)O)[n+]1[c-]n2ccccc2c1,-0.2433,-5.412231
CC[C@H](C)[C@H](NC(=O)CNC(=O)[C@H](CCCNC(=N)N)[n+]1[c-]n2ccccc2c1)C(=O)O,-2.4826,-7.712553
CC[C@H](C)[C@H](NC(=O)CNC(=O)[C@H](Cc1ccc(O)cc1)[n+]1[c-]n2ccccc2c1)C(=O)O,-6.2944,-6.8160005
CC[C@H](C)[C@H](NC(=O)CNC(=O)[C@H](Cc1ccccc1)[n+]1[c-]n2ccccc2c1)C(=O)O,-11.1528,-6.7396383
CC[C@H](C)[C@H](NC(=O)C[n+]1[c-]n2ccccc2c1)C(=O)N1CCC[C@H]1C(=O)O,-9.5489,-8.726772
CC[C@H](C)[C@H](NC(=O)C[n+]1[c-]n2ccccc2c1)C(=O)N[C@@H](CCSC)C(=O)O,-10.1212,-6.4319816
CC[C@H](C)[C@H](NC(=O)C[n+]1[c-]n2ccccc2c1)C(=O)N[C@@H](Cc1ccc(O)cc1)C(=O)O,-12.9732,-8.834045
CC[C@H](C)[C@H](NC(=O)[C@@H](NC(=O)C[n+]1[c-]n2ccccc2c1)[C@@H](C)O)C(=O)O,-10.4988,-7.9322863
CC[C@H](C)[C@H](NC(=O)[C@@H](NC(=O)[C@H](CC(=O)O)[n+]1[c-]n2ccccc2c1)[C@@H](C)CC)C(=O)O,-6.9797,-4.549342
CC[C@H](C)[C@H](NC(=O)[C@@H](NC(=O)[C@H](CC(C)C)[n+]1[c-]n2ccccc2c1)[C@@H](C)CC)C(=O)O,-2.902,-4.4178042
CC[C@H](C)[C@H](NC(=O)[C@@H](NC(=O)[C@H](CCCNC(=N)N)[n+]1[c-]n2ccccc2c1)[C@@H](C)CC)C(=O)O,-1.4414,-5.3665543
CC[C@H](C)[C@H](NC(=O)[C@@H](NC(=O)[C@H](CCCNC(=N)N)[n+]1[c-]n2ccccc2c1)[C@@H](C)O)C(=O)O,-7.281,-7.35342
CC[C@H](C)[C@H](NC(=O)[C@@H](NC(=O)[C@H](CS)[n+]1[c-]n2ccccc2c1)[C@@H](C)CC)C(=O)O,-0.8856,-4.322606
CC[C@H](C)[C@H](NC(=O)[C@@H](NC(=O)[C@H](Cc1c[nH]c2ccccc12)[n+]1[c-]n2ccccc2c1)[C@@H](C)O)C(=O)O,-4.5276,-6.4275293
CC[C@H](C)[C@H](NC(=O)[C@@H](NC(=O)[C@H](Cc1ccc(O)cc1)[n+]1[c-]n2ccccc2c1)[C@@H](C)CC)C(=O)O,-6.2622,-6.2096252
CC[C@H](C)[C@H](NC(=O)[C@@H](NC(=O)[C@H]([C@@H](C)O)[n+]1[c-]n2ccccc2c1)[C@@H](C)O)C(=O)O,-3.3163,-5.390858
CC[C@H](C)[C@H](NC(=O)[C@@H]1CCCN1C(=O)[C@H](C(C)C)[n+]1[c-]n2ccccc2c1)C(=O)O,-6.4034,-5.7399116
CC[C@H](C)[C@H](NC(=O)[C@@H]1CCCN1C(=O)[C@H](CCC(N)=O)[n+]1[c-]n2ccccc2c1)C(=O)O,-6.434,-8.041976
CC[C@H](C)[C@H](NC(=O)[C@@H]1CCCN1C(=O)[C@H](CCSC)[n+]1[c-]n2ccccc2c1)C(=O)O,-7.9819,-5.9819803
CC[C@H](C)[C@H](NC(=O)[C@H](C(C)C)[n+]1[c-]n2ccccc2c1)C(=O)N[C@@H](C)C(=O)O,-2.4756,-4.011008
CC[C@H](C)[C@H](NC(=O)[C@H](C(C)C)[n+]1[c-]n2ccccc2c1)C(=O)N[C@@H](CC(=O)O)C(=O)O,-3.8171,-4.7143617
CC[C@H](C)[C@H](NC(=O)[C@H](C(C)C)[n+]1[c-]n2ccccc2c1)C(=O)N[C@@H](CC(C)C)C(=O)O,-6.5038,-4.7625155
CC[C@H](C)[C@H](NC(=O)[C@H](C(C)C)[n+]1[c-]n2ccccc2c1)C(=O)N[C@@H](CCCNC(=N)N)C(=O)O,-12.7539,-6.3323874
CC[C@H](C)[C@H](NC(=O)[C@H](C(C)C)[n+]1[c-]n2ccccc2c1)C(=O)N[C@@H](CO)C(=O)O,-5.7174,-5.4211307
CC[C@H](C)[C@H](NC(=O)[C@H](C(C)C)[n+]1[c-]n2ccccc2c1)C(=O)N[C@@H](Cc1c[nH]c2ccccc12)C(=O)O,-18.3236,-6.9898524
CC[C@H](C)[C@H](NC(=O)[C@H](C)NC(=O)[C@H](C)[n+]1[c-]n2ccccc2c1)C(=O)O,-3.2489,-6.38897
CC[C@H](C)[C@H](NC(=O)[C@H](C)NC(=O)[C@H](CC(N)=O)[n+]1[c-]n2ccccc2c1)C(=O)O,-5.1367,-5.4944253
CC[C@H](C)[C@H](NC(=O)[C@H](C)NC(=O)[C@H](CCCNC(=N)N)[n+]1[c-]n2ccccc2c1)C(=O)O,-5.4885,-5.0955443
CC[C@H](C)[C@H](NC(=O)[C@H](C)NC(=O)[C@H]([C@@H](C)CC)[n+]1[c-]n2ccccc2c1)C(=O)O,-2.8825,-3.9714346
CC[C@H](C)[C@H](NC(=O)[C@H](C)[n+]1[c-]n2ccccc2c1)C(=O)N[C@@H](CCCNC(=N)N)C(=O)O,-8.261,-6.624188
CC[C@H](C)[C@H](NC(=O)[C@H](CC(=O)O)NC(=O)[C@H](C)[n+]1[c-]n2ccccc2c1)C(=O)O,-2.1623,-4.5674825
CC[C@H](C)[C@H](NC(=O)[C@H](CC(=O)O)NC(=O)[C@H](CC(C)C)[n+]1[c-]n2ccccc2c1)C(=O)O,2.4482,-5.0276313
CC[C@H](C)[C@H](NC(=O)[C@H](CC(=O)O)NC(=O)[C@H](CCC(N)=O)[n+]1[c-]n2ccccc2c1)C(=O)O,-7.0301,-9.495564
CC[C@H](C)[C@H](NC(=O)[C@H](CC(=O)O)NC(=O)[C@H](CCCNC(=N)N)[n+]1[c-]n2ccccc2c1)C(=O)O,-11.9421,-6.1056194
CC[C@H](C)[C@H](NC(=O)[C@H](CC(=O)O)NC(=O)[C@H]([C@@H](C)O)[n+]1[c-]n2ccccc2c1)C(=O)O,-6.3486,-5.426815
CC[C@H](C)[C@H](NC(=O)[C@H](CC(=O)O)[n+]1[c-]n2ccccc2c1)C(=O)N1CCC[C@H]1C(=O)O,-0.7832,-5.501169
CC[C@H](C)[C@H](NC(=O)[C@H](CC(=O)O)[n+]1[c-]n2ccccc2c1)C(=O)N[C@@H](CCC(=O)O)C(=O)O,-8.3859,-8.640514
CC[C@H](C)[C@H](NC(=O)[C@H](CC(=O)O)[n+]1[c-]n2ccccc2c1)C(=O)N[C@@H](CCSC)C(=O)O,-1.4267,-5.120749
CC[C@H](C)[C@H](NC(=O)[C@H](CC(=O)O)[n+]1[c-]n2ccccc2c1)C(=O)N[C@@H](Cc1c[nH]cn1)C(=O)O,-9.9674,-5.8163238
CC[C@H](C)[C@H](NC(=O)[C@H](CC(C)C)NC(=O)[C@H](C)[n+]1[c-]n2ccccc2c1)C(=O)O,-3.5119,-5.0353293
CC[C@H](C)[C@H](NC(=O)[C@H](CC(C)C)NC(=O)[C@H](CC(=O)O)[n+]1[c-]n2ccccc2c1)C(=O)O,-11.7207,-5.717485
CC[C@H](C)[C@H](NC(=O)[C@H](CC(C)C)NC(=O)[C@H](Cc1c[nH]c2ccccc12)[n+]1[c-]n2ccccc2c1)C(=O)O,-2.0241,-6.192673
CC[C@H](C)[C@H](NC(=O)[C@H](CC(C)C)[n+]1[c-]n2ccccc2c1)C(=O)NCC(=O)O,-2.8602,-5.659544
CC[C@H](C)[C@H](NC(=O)[C@H](CC(C)C)[n+]1[c-]n2ccccc2c1)C(=O)N[C@@H](Cc1c[nH]c2ccccc12)C(=O)O,-2.6054,-7.0260706
CC[C@H](C)[C@H](NC(=O)[C@H](CC(C)C)[n+]1[c-]n2ccccc2c1)C(=O)N[C@@H](Cc1ccc(O)cc1)C(=O)O,-8.7681,-6.27831
CC[C@H](C)[C@H](NC(=O)[C@H](CC(N)=O)NC(=O)[C@H](CC(=O)O)[n+]1[c-]n2ccccc2c1)C(=O)O,-2.5524,-8.611907
CC[C@H](C)[C@H](NC(=O)[C@H](CC(N)=O)NC(=O)[C@H](CC(C)C)[n+]1[c-]n2ccccc2c1)C(=O)O,-9.5142,-6.812351
CC[C@H](C)[C@H](NC(=O)[C@H](CC(N)=O)NC(=O)[C@H](CCC(=O)O)[n+]1[c-]n2ccccc2c1)C(=O)O,-7.0959,-10.132064
CC[C@H](C)[C@H](NC(=O)[C@H](CC(N)=O)[n+]1[c-]n2ccccc2c1)C(=O)N[C@@H](Cc1ccc(O)cc1)C(=O)O,-11.7869,-8.35702
CC[C@H](C)[C@H](NC(=O)[C@H](CCC(=O)O)NC(=O)[C@H](C)[n+]1[c-]n2ccccc2c1)C(=O)O,-9.8951,-7.141446
CC[C@H](C)[C@H](NC(=O)[C@H](CCC(=O)O)NC(=O)[C@H](CC(N)=O)[n+]1[c-]n2ccccc2c1)C(=O)O,-13.2489,-8.7956505
CC[C@H](C)[C@H](NC(=O)[C@H](CCC(=O)O)NC(=O)[C@H](CS)[n+]1[c-]n2ccccc2c1)C(=O)O,-9.0131,-6.655398
CC[C@H](C)[C@H](NC(=O)[C@H](CCC(=O)O)NC(=O)[C@H]([C@@H](C)CC)[n+]1[c-]n2ccccc2c1)C(=O)O,-10.2989,-7.376966
CC[C@H](C)[C@H](NC(=O)[C@H](CCC(=O)O)[n+]1[c-]n2ccccc2c1)C(=O)N[C@@H](CS)C(=O)O,-6.2203,-6.421229
CC[C@H](C)[C@H](NC(=O)[C@H](CCC(=O)O)[n+]1[c-]n2ccccc2c1)C(=O)N[C@@H](Cc1c[nH]c2ccccc12)C(=O)O,-11.7027,-9.489761
CC[C@H](C)[C@H](NC(=O)[C@H](CCC(N)=O)NC(=O)[C@H](CS)[n+]1[c-]n2ccccc2c1)C(=O)O,-1.9733,-7.240751
CC[C@H](C)[C@H](NC(=O)[C@H](CCC(N)=O)[n+]1[c-]n2ccccc2c1)C(=O)N[C@@H](CC(N)=O)C(=O)O,-13.8805,-10.680634
CC[C@H](C)[C@H](NC(=O)[C@H](CCC(N)=O)[n+]1[c-]n2ccccc2c1)C(=O)N[C@@H](CCSC)C(=O)O,-2.4375,-6.365757
CC[C@H](C)[C@H](NC(=O)[C@H](CCCNC(=N)N)NC(=O)[C@H](C(C)C)[n+]1[c-]n2ccccc2c1)C(=O)O,0.1541,-6.2394485
CC[C@H](C)[C@H](NC(=O)[C@H](CCCNC(=N)N)NC(=O)[C@H](C)[n+]1[c-]n2ccccc2c1)C(=O)O,-2.9809,-6.1731873
CC[C@H](C)[C@H](NC(=O)[C@H](CCCNC(=N)N)NC(=O)[C@H](CO)[n+]1[c-]n2ccccc2c1)C(=O)O,-9.3817,-7.092884
CC[C@H](C)[C@H](NC(=O)[C@H](CCCNC(=N)N)[n+]1[c-]n2ccccc2c1)C(=O)N[C@@H](CCCNC(=N)N)C(=O)O,-10.4466,-4.999823
CC[C@H](C)[C@H](NC(=O)[C@H](CCCNC(=N)N)[n+]1[c-]n2ccccc2c1)C(=O)N[C@H](C(=O)O)C(C)C,-2.5249,-5.2532353
CC[C@H](C)[C@H](NC(=O)[C@H](CCSC)NC(=O)[C@H](CCSC)[n+]1[c-]n2ccccc2c1)C(=O)O,-7.0128,-4.4082055
CC[C@H](C)[C@H](NC(=O)[C@H](CCSC)NC(=O)[C@H](CS)[n+]1[c-]n2ccccc2c1)C(=O)O,-1.6815,-4.6310863
CC[C@H](C)[C@H](NC(=O)[C@H](CCSC)NC(=O)[C@H](Cc1ccccc1)[n+]1[c-]n2ccccc2c1)C(=O)O,-9.1587,-5.012912
CC[C@H](C)[C@H](NC(=O)[C@H](CCSC)[n+]1[c-]n2ccccc2c1)C(=O)N[C@@H](CC(=O)O)C(=O)O,-4.3087,-6.5258083
CC[C@H](C)[C@H](NC(=O)[C@H](CCSC)[n+]1[c-]n2ccccc2c1)C(=O)N[C@@H](CCC(=O)O)C(=O)O,-6.1656,-7.654325
CC[C@H](C)[C@H](NC(=O)[C@H](CO)NC(=O)[C@H](CS)[n+]1[c-]n2ccccc2c1)C(=O)O,-2.9832,-6.160684
CC[C@H](C)[C@H](NC(=O)[C@H](CO)NC(=O)[C@H](Cc1ccccc1)[n+]1[c-]n2ccccc2c1)C(=O)O,-1.5304,-6.467001
CC[C@H](C)[C@H](NC(=O)[C@H](CO)[n+]1[c-]n2ccccc2c1)C(=O)N[C@@H](CC(=O)O)C(=O)O,-0.7386,-6.296733
CC[C@H](C)[C@H](NC(=O)[C@H](CO)[n+]1[c-]n2ccccc2c1)C(=O)N[C@@H](CCC(N)=O)C(=O)O,-7.0445,-8.484342
CC[C@H](C)[C@H](NC(=O)[C@H](CO)[n+]1[c-]n2ccccc2c1)C(=O)N[C@@H](CS)C(=O)O,-3.3314,-6.7584715
CC[C@H](C)[C@H](NC(=O)[C@H](CO)[n+]1[c-]n2ccccc2c1)C(=O)N[C@@H](Cc1c[nH]cn1)C(=O)O,-2.3629,-6.415736
CC[C@H](C)[C@H](NC(=O)[C@H](CO)[n+]1[c-]n2ccccc2c1)C(=O)N[C@H](C(=O)O)[C@@H](C)O,-6.0698,-6.5313344
CC[C@H](C)[C@H](NC(=O)[C@H](CS)NC(=O)[C@H](CC(=O)O)[n+]1[c-]n2ccccc2c1)C(=O)O,-31.3258,-4.807531
CC[C@H](C)[C@H](NC(=O)[C@H](CS)NC(=O)[C@H](CCC(N)=O)[n+]1[c-]n2ccccc2c1)C(=O)O,-3.8725,-6.740299
CC[C@H](C)[C@H](NC(=O)[C@H](CS)NC(=O)[C@H](CS)[n+]1[c-]n2ccccc2c1)C(=O)O,-2.9502,-5.720939
CC[C@H](C)[C@H](NC(=O)[C@H](CS)NC(=O)[C@H]([C@@H](C)O)[n+]1[c-]n2ccccc2c1)C(=O)O,-6.057,-5.472589
CC[C@H](C)[C@H](NC(=O)[C@H](CS)[n+]1[c-]n2ccccc2c1)C(=O)N1CCC[C@H]1C(=O)O,-8.8212,-6.1847367
CC[C@H](C)[C@H](NC(=O)[C@H](CS)[n+]1[c-]n2ccccc2c1)C(=O)N[C@@H](CC(=O)O)C(=O)O,-0.943,-6.0948653
CC[C@H](C)[C@H](NC(=O)[C@H](CS)[n+]1[c-]n2ccccc2c1)C(=O)N[C@@H](CCC(N)=O)C(=O)O,-10.7255,-9.968705
CC[C@H](C)[C@H](NC(=O)[C@H](CS)[n+]1[c-]n2ccccc2c1)C(=O)N[C@@H](CCSC)C(=O)O,0.7192,-4.949754
CC[C@H](C)[C@H](NC(=O)[C@H](CS)[n+]1[c-]n2ccccc2c1)C(=O)N[C@@H](Cc1c[nH]c2ccccc12)C(=O)O,-8.6978,-7.5475087
CC[C@H](C)[C@H](NC(=O)[C@H](CS)[n+]1[c-]n2ccccc2c1)C(=O)N[C@@H](Cc1ccccc1)C(=O)O,-2.6528,-5.5819044
CC[C@H](C)[C@H](NC(=O)[C@H](Cc1c[nH]c2ccccc12)NC(=O)[C@H](CS)[n+]1[c-]n2ccccc2c1)C(=O)O,-4.2039,-6.0962553
CC[C@H](C)[C@H](NC(=O)[C@H](Cc1c[nH]c2ccccc12)NC(=O)[C@H]([C@@H](C)CC)[n+]1[c-]n2ccccc2c1)C(=O)O,-8.5747,-6.1096444
CC[C@H](C)[C@H](NC(=O)[C@H](Cc1c[nH]c2ccccc12)NC(=O)[C@H]([C@@H](C)O)[n+]1[c-]n2ccccc2c1)C(=O)O,-3.8237,-8.103112
CC[C@H](C)[C@H](NC(=O)[C@H](Cc1c[nH]c2ccccc12)[n+]1[c-]n2ccccc2c1)C(=O)N[C@@H](CC(C)C)C(=O)O,-3.226,-6.4684777
CC[C@H](C)[C@H](NC(=O)[C@H](Cc1c[nH]c2ccccc12)[n+]1[c-]n2ccccc2c1)C(=O)N[C@@H](Cc1ccc(O)cc1)C(=O)O,-6.2127,-7.986465
CC[C@H](C)[C@H](NC(=O)[C@H](Cc1c[nH]c2ccccc12)[n+]1[c-]n2ccccc2c1)C(=O)N[C@H](C(=O)O)[C@@H](C)O,-2.5744,-5.3523283
CC[C@H](C)[C@H](NC(=O)[C@H](Cc1c[nH]cn1)NC(=O)[C@H](C(C)C)[n+]1[c-]n2ccccc2c1)C(=O)O,0.1814,-5.3244796
CC[C@H](C)[C@H](NC(=O)[C@H](Cc1c[nH]cn1)NC(=O)[C@H](CC(=O)O)[n+]1[c-]n2ccccc2c1)C(=O)O,-7.2816,-5.6873493
CC[C@H](C)[C@H](NC(=O)[C@H](Cc1c[nH]cn1)NC(=O)[C@H](CCC(N)=O)[n+]1[c-]n2ccccc2c1)C(=O)O,-5.5418,-8.735233
CC[C@H](C)[C@H](NC(=O)[C@H](Cc1c[nH]cn1)[n+]1[c-]n2ccccc2c1)C(=O)N[C@@H](CC(C)C)C(=O)O,-4.6193,-5.77539
CC[C@H](C)[C@H](NC(=O)[C@H](Cc1c[nH]cn1)[n+]1[c-]n2ccccc2c1)C(=O)N[C@@H](CCC(=O)O)C(=O)O,-5.8176,-8.951802
CC[C@H](C)[C@H](NC(=O)[C@H](Cc1c[nH]cn1)[n+]1[c-]n2ccccc2c1)C(=O)N[C@@H](CCC(N)=O)C(=O)O,-9.0436,-9.230911
CC[C@H](C)[C@H](NC(=O)[C@H](Cc1c[nH]cn1)[n+]1[c-]n2ccccc2c1)C(=O)N[C@@H](Cc1c[nH]cn1)C(=O)O,2.556,-7.686917
CC[C@H](C)[C@H](NC(=O)[C@H](Cc1ccc(O)cc1)NC(=O)C[n+]1[c-]n2ccccc2c1)C(=O)O,-11.8016,-7.6464596
CC[C@H](C)[C@H](NC(=O)[C@H](Cc1ccc(O)cc1)NC(=O)[C@H](C(C)C)[n+]1[c-]n2ccccc2c1)C(=O)O,-9.9205,-6.0113883
CC[C@H](C)[C@H](NC(=O)[C@H](Cc1ccc(O)cc1)NC(=O)[C@H](Cc1ccccc1)[n+]1[c-]n2ccccc2c1)C(=O)O,-6.8681,-6.986335
CC[C@H](C)[C@H](NC(=O)[C@H](Cc1ccc(O)cc1)[n+]1[c-]n2ccccc2c1)C(=O)NCC(=O)O,-3.5243,-6.929108
CC[C@H](C)[C@H](NC(=O)[C@H](Cc1ccc(O)cc1)[n+]1[c-]n2ccccc2c1)C(=O)N[C@@H](CC(=O)O)C(=O)O,-4.6396,-7.4827185
CC[C@H](C)[C@H](NC(=O)[C@H](Cc1ccc(O)cc1)[n+]1[c-]n2ccccc2c1)C(=O)N[C@@H](CC(C)C)C(=O)O,-2.1038,-6.7831573
CC[C@H](C)[C@H](NC(=O)[C@H](Cc1ccc(O)cc1)[n+]1[c-]n2ccccc2c1)C(=O)N[C@@H](CCC(N)=O)C(=O)O,0.167,-9.728082
CC[C@H](C)[C@H](NC(=O)[C@H](Cc1ccc(O)cc1)[n+]1[c-]n2ccccc2c1)C(=O)N[C@@H](CCCNC(=N)N)C(=O)O,-4.7606,-6.8479714
CC[C@H](C)[C@H](NC(=O)[C@H](Cc1ccc(O)cc1)[n+]1[c-]n2ccccc2c1)C(=O)N[C@@H](CS)C(=O)O,-5.2066,-6.61316
CC[C@H](C)[C@H](NC(=O)[C@H](Cc1ccc(O)cc1)[n+]1[c-]n2ccccc2c1)C(=O)N[C@@H](Cc1ccc(O)cc1)C(=O)O,-1.8647,-7.7265525
CC[C@H](C)[C@H](NC(=O)[C@H](Cc1ccc(O)cc1)[n+]1[c-]n2ccccc2c1)C(=O)N[C@H](C(=O)O)[C@@H](C)O,-4.0946,-6.675347
CC[C@H](C)[C@H](NC(=O)[C@H](Cc1ccc(O)cc1)[n+]1[c-]n2ccccc2c1)C(=O)O,-5.6614,-5.8006415
CC[C@H](C)[C@H](NC(=O)[C@H](Cc1ccccc1)NC(=O)C[n+]1[c-]n2ccccc2c1)C(=O)O,-11.1678,-7.914858
CC[C@H](C)[C@H](NC(=O)[C@H](Cc1ccccc1)NC(=O)[C@H](C)[n+]1[c-]n2ccccc2c1)C(=O)O,-6.5133,-5.9528313
CC[C@H](C)[C@H](NC(=O)[C@H](Cc1ccccc1)NC(=O)[C@H](CC(=O)O)[n+]1[c-]n2ccccc2c1)C(=O)O,-15.2207,-5.8275523
CC[C@H](C)[C@H](NC(=O)[C@H](Cc1ccccc1)NC(=O)[C@H](CO)[n+]1[c-]n2ccccc2c1)C(=O)O,-6.0222,-6.266185
CC[C@H](C)[C@H](NC(=O)[C@H](Cc1ccccc1)[n+]1[c-]n2ccccc2c1)C(=O)NCC(=O)O,-3.2552,-6.5824494
CC[C@H](C)[C@H](NC(=O)[C@H](Cc1ccccc1)[n+]1[c-]n2ccccc2c1)C(=O)N[C@@H](CC(=O)O)C(=O)O,-2.9898,-7.0926647
CC[C@H](C)[C@H](NC(=O)[C@H](Cc1ccccc1)[n+]1[c-]n2ccccc2c1)C(=O)N[C@@H](CC(C)C)C(=O)O,-7.1616,-5.93033
CC[C@H](C)[C@H](NC(=O)[C@H](Cc1ccccc1)[n+]1[c-]n2ccccc2c1)C(=O)N[C@@H](CCC(N)=O)C(=O)O,-12.7492,-11.050077
CC[C@H](C)[C@H](NC(=O)[C@H](Cc1ccccc1)[n+]1[c-]n2ccccc2c1)C(=O)N[C@@H](Cc1c[nH]cn1)C(=O)O,-3.7996,-7.3953547
CC[C@H](C)[C@H](NC(=O)[C@H](Cc1ccccc1)[n+]1[c-]n2ccccc2c1)C(=O)N[C@H](C(=O)O)[C@@H](C)O,-4.3762,-6.888104
CC[C@H](C)[C@H](NC(=O)[C@H]([C@@H](C)CC)[n+]1[c-]n2ccccc2c1)C(=O)N[C@@H](CC(=O)O)C(=O)O,-7.2515,-4.6068954
CC[C@H](C)[C@H](NC(=O)[C@H]([C@@H](C)CC)[n+]1[c-]n2ccccc2c1)C(=O)N[C@@H](CC(N)=O)C(=O)O,-12.2839,-7.5206494
CC[C@H](C)[C@H](NC(=O)[C@H]([C@@H](C)O)[n+]1[c-]n2ccccc2c1)C(=O)N[C@@H](CCCNC(=N)N)C(=O)O,-9.1095,-7.323017
CC[C@H](C)[C@H](NC(=O)[C@H]([C@@H](C)O)[n+]1[c-]n2ccccc2c1)C(=O)N[C@@H](Cc1c[nH]cn1)C(=O)O,-4.4052,-6.2378163
CSCC[C@@H](C(=O)N1CCC[C@H]1C(=O)N[C@@H](CC(=O)O)C(=O)O)[n+]1[c-]n2ccccc2c1,-6.3853,-7.6990848
CSCC[C@@H](C(=O)N1CCC[C@H]1C(=O)N[C@@H](CC(C)C)C(=O)O)[n+]1[c-]n2ccccc2c1,-3.1403,-5.8465586
CSCC[C@@H](C(=O)N1CCC[C@H]1C(=O)N[C@@H](Cc1c[nH]cn1)C(=O)O)[n+]1[c-]n2ccccc2c1,-7.6441,-7.4550962
CSCC[C@@H](C(=O)N1CCC[C@H]1C(=O)N[C@@H](Cc1ccccc1)C(=O)O)[n+]1[c-]n2ccccc2c1,-4.9903,-8.105082
CSCC[C@@H](C(=O)NCC(=O)N[C@@H](Cc1ccc(O)cc1)C(=O)O)[n+]1[c-]n2ccccc2c1,-16.981,-6.9284735
CSCC[C@@H](C(=O)N[C@@H](C)C(=O)N[C@@H](CCC(N)=O)C(=O)O)[n+]1[c-]n2ccccc2c1,-6.9002,-9.815477
CSCC[C@@H](C(=O)N[C@@H](C)C(=O)N[C@@H](Cc1ccc(O)cc1)C(=O)O)[n+]1[c-]n2ccccc2c1,-1.437,-5.9064045
CSCC[C@@H](C(=O)N[C@@H](C)C(=O)N[C@@H](Cc1ccccc1)C(=O)O)[n+]1[c-]n2ccccc2c1,-2.6035,-5.614065
CSCC[C@@H](C(=O)N[C@@H](CC(=O)O)C(=O)N1CCC[C@H]1C(=O)O)[n+]1[c-]n2ccccc2c1,-9.5033,-7.6335483
CSCC[C@@H](C(=O)N[C@@H](CC(=O)O)C(=O)NCC(=O)O)[n+]1[c-]n2ccccc2c1,-4.7229,-7.2905083
CSCC[C@@H](C(=O)N[C@@H](CC(=O)O)C(=O)N[C@@H](CC(=O)O)C(=O)O)[n+]1[c-]n2ccccc2c1,-8.9721,-9.536279
CSCC[C@@H](C(=O)N[C@@H](CC(=O)O)C(=O)N[C@@H](CCC(N)=O)C(=O)O)[n+]1[c-]n2ccccc2c1,-7.6354,-11.778487
CSCC[C@@H](C(=O)N[C@@H](CC(=O)O)C(=O)N[C@@H](Cc1c[nH]cn1)C(=O)O)[n+]1[c-]n2ccccc2c1,-12.2677,-9.257397
CSCC[C@@H](C(=O)N[C@@H](CC(C)C)C(=O)N[C@@H](CC(C)C)C(=O)O)[n+]1[c-]n2ccccc2c1,-3.9824,-4.711486
CSCC[C@@H](C(=O)N[C@@H](CC(C)C)C(=O)N[C@@H](CS)C(=O)O)[n+]1[c-]n2ccccc2c1,-5.3728,-5.403501
CSCC[C@@H](C(=O)N[C@@H](CC(C)C)C(=O)N[C@H](C(=O)O)[C@@H](C)O)[n+]1[c-]n2ccccc2c1,-5.4496,-4.810673
CSCC[C@@H](C(=O)N[C@@H](CC(N)=O)C(=O)N[C@@H](Cc1ccc(O)cc1)C(=O)O)[n+]1[c-]n2ccccc2c1,-11.2993,-9.29632
CSCC[C@@H](C(=O)N[C@@H](CC(N)=O)C(=O)N[C@H](C(=O)O)[C@@H](C)O)[n+]1[c-]n2ccccc2c1,-13.9731,-9.476527
CSCC[C@@H](C(=O)N[C@@H](CCC(=O)O)C(=O)N[C@@H](CC(N)=O)C(=O)O)[n+]1[c-]n2ccccc2c1,-16.1142,-12.302646
CSCC[C@@H](C(=O)N[C@@H](CCC(N)=O)C(=O)NCC(=O)O)[n+]1[c-]n2ccccc2c1,-11.0799,-9.733601
CSCC[C@@H](C(=O)N[C@@H](CCC(N)=O)C(=O)N[C@@H](CC(=O)O)C(=O)O)[n+]1[c-]n2ccccc2c1,-17.0869,-11.821008
CSCC[C@@H](C(=O)N[C@@H](CCC(N)=O)C(=O)N[C@@H](CC(C)C)C(=O)O)[n+]1[c-]n2ccccc2c1,-11.1431,-8.083444
CSCC[C@@H](C(=O)N[C@@H](CCCNC(=N)N)C(=O)N[C@@H](CCC(=O)O)C(=O)O)[n+]1[c-]n2ccccc2c1,-5.5703,-9.533806
CSCC[C@@H](C(=O)N[C@@H](CCCNC(=N)N)C(=O)N[C@@H](CS)C(=O)O)[n+]1[c-]n2ccccc2c1,-11.8112,-7.0586867
CSCC[C@@H](C(=O)N[C@@H](CCCNC(=N)N)C(=O)N[C@@H](Cc1c[nH]c2ccccc12)C(=O)O)[n+]1[c-]n2ccccc2c1,-6.2307,-7.042424
CSCC[C@@H](C(=O)N[C@@H](CCCNC(=N)N)C(=O)N[C@@H](Cc1ccc(O)cc1)C(=O)O)[n+]1[c-]n2ccccc2c1,-10.1801,-8.003777
CSCC[C@@H](C(=O)N[C@@H](CCCNC(=N)N)C(=O)N[C@H](C(=O)O)C(C)C)[n+]1[c-]n2ccccc2c1,0.239,-7.5688324
CSCC[C@@H](C(=O)N[C@@H](CO)C(=O)N[C@@H](CC(N)=O)C(=O)O)[n+]1[c-]n2ccccc2c1,-8.4083,-10.014163
CSCC[C@@H](C(=O)N[C@@H](CO)C(=O)N[C@@H](Cc1c[nH]c2ccccc12)C(=O)O)[n+]1[c-]n2ccccc2c1,-8.5929,-8.009434
CSCC[C@@H](C(=O)N[C@@H](CO)C(=O)N[C@H](C(=O)O)C(C)C)[n+]1[c-]n2ccccc2c1,-2.073,-4.8205557
CSCC[C@@H](C(=O)N[C@@H](CS)C(=O)N1CCC[C@H]1C(=O)O)[n+]1[c-]n2ccccc2c1,-10.6569,-7.3197303
CSCC[C@@H](C(=O)N[C@@H](CS)C(=O)N[C@@H](CC(C)C)C(=O)O)[n+]1[c-]n2ccccc2c1,-0.4303,-5.271648
CSCC[C@@H](C(=O)N[C@@H](CS)C(=O)N[C@@H](CC(N)=O)C(=O)O)[n+]1[c-]n2ccccc2c1,-11.3236,-9.142281
CSCC[C@@H](C(=O)N[C@@H](CS)C(=O)N[C@@H](CCC(=O)O)C(=O)O)[n+]1[c-]n2ccccc2c1,-8.4637,-8.3368
CSCC[C@@H](C(=O)N[C@@H](CS)C(=O)N[C@@H](CCCNC(=N)N)C(=O)O)[n+]1[c-]n2ccccc2c1,-6.9837,-7.2978177
CSCC[C@@H](C(=O)N[C@@H](CS)C(=O)N[C@H](C(=O)O)C(C)C)[n+]1[c-]n2ccccc2c1,-4.0668,-4.5065746
CSCC[C@@H](C(=O)N[C@@H](Cc1c[nH]c2ccccc12)C(=O)NCC(=O)O)[n+]1[c-]n2ccccc2c1,-3.4979,-8.077372
CSCC[C@@H](C(=O)N[C@@H](Cc1c[nH]c2ccccc12)C(=O)N[C@@H](CS)C(=O)O)[n+]1[c-]n2ccccc2c1,-8.6328,-9.321079
CSCC[C@@H](C(=O)N[C@@H](Cc1c[nH]c2ccccc12)C(=O)N[C@@H](Cc1c[nH]c2ccccc12)C(=O)O)[n+]1[c-]n2ccccc2c1,-18.307,-9.5517845
CSCC[C@@H](C(=O)N[C@@H](Cc1c[nH]c2ccccc12)C(=O)N[C@@H](Cc1c[nH]cn1)C(=O)O)[n+]1[c-]n2ccccc2c1,-13.3461,-10.39626
CSCC[C@@H](C(=O)N[C@@H](Cc1c[nH]c2ccccc12)C(=O)O)[n+]1[c-]n2ccccc2c1,-5.5371,-7.1318355
CSCC[C@@H](C(=O)N[C@@H](Cc1c[nH]cn1)C(=O)N[C@H](C(=O)O)[C@@H](C)O)[n+]1[c-]n2ccccc2c1,-8.6899,-7.5513315
CSCC[C@@H](C(=O)N[C@@H](Cc1ccc(O)cc1)C(=O)N[C@@H](Cc1c[nH]c2ccccc12)C(=O)O)[n+]1[c-]n2ccccc2c1,-2.3577,-9.463172
CSCC[C@@H](C(=O)N[C@@H](Cc1ccc(O)cc1)C(=O)N[C@@H](Cc1ccc(O)cc1)C(=O)O)[n+]1[c-]n2ccccc2c1,-7.5179,-7.841169
CSCC[C@@H](C(=O)N[C@@H](Cc1ccc(O)cc1)C(=O)N[C@@H](Cc1ccccc1)C(=O)O)[n+]1[c-]n2ccccc2c1,-0.6314,-7.1627717
CSCC[C@@H](C(=O)N[C@@H](Cc1ccccc1)C(=O)N[C@@H](C)C(=O)O)[n+]1[c-]n2ccccc2c1,-1.1781,-5.7447133
CSCC[C@@H](C(=O)N[C@@H](Cc1ccccc1)C(=O)N[C@@H](CO)C(=O)O)[n+]1[c-]n2ccccc2c1,-9.3709,-6.766509
CSCC[C@@H](C(=O)N[C@H](C(=O)N1CCC[C@H]1C(=O)O)C(C)C)[n+]1[c-]n2ccccc2c1,-4.1876,-5.6938725
CSCC[C@@H](C(=O)N[C@H](C(=O)N[C@@H](CC(C)C)C(=O)O)C(C)C)[n+]1[c-]n2ccccc2c1,-5.0604,-4.329933
CSCC[C@@H](C(=O)N[C@H](C(=O)N[C@@H](CC(N)=O)C(=O)O)C(C)C)[n+]1[c-]n2ccccc2c1,-13.2241,-7.0256076
CSCC[C@@H](C(=O)N[C@H](C(=O)N[C@@H](CCC(=O)O)C(=O)O)C(C)C)[n+]1[c-]n2ccccc2c1,-7.091,-6.717269
CSCC[C@@H](C(=O)N[C@H](C(=O)N[C@@H](Cc1c[nH]cn1)C(=O)O)[C@@H](C)O)[n+]1[c-]n2ccccc2c1,-7.8014,-7.684474
CSCC[C@@H](C(=O)N[C@H](C(=O)N[C@@H](Cc1ccc(O)cc1)C(=O)O)C(C)C)[n+]1[c-]n2ccccc2c1,-5.1607,-4.9914784
CSCC[C@@H](C(=O)N[C@H](C(=O)N[C@@H](Cc1ccc(O)cc1)C(=O)O)[C@@H](C)O)[n+]1[c-]n2ccccc2c1,-2.6637,-7.141955
CSCC[C@@H](C(=O)N[C@H](C(=O)O)C(C)C)[n+]1[c-]n2ccccc2c1,-3.7557,-5.0021157
CSCC[C@H](NC(=O)CNC(=O)C[n+]1[c-]n2ccccc2c1)C(=O)O,-11.2185,-9.119779
CSCC[C@H](NC(=O)CNC(=O)[C@H](CC(=O)O)[n+]1[c-]n2ccccc2c1)C(=O)O,-7.7349,-7.619783
CSCC[C@H](NC(=O)CNC(=O)[C@H](CO)[n+]1[c-]n2ccccc2c1)C(=O)O,-13.4601,-7.267977
CSCC[C@H](NC(=O)CNC(=O)[C@H](Cc1ccc(O)cc1)[n+]1[c-]n2ccccc2c1)C(=O)O,-2.5927,-6.510032
CSCC[C@H](NC(=O)C[n+]1[c-]n2ccccc2c1)C(=O)N[C@@H](C)C(=O)O,-10.3582,-8.427826
CSCC[C@H](NC(=O)C[n+]1[c-]n2ccccc2c1)C(=O)N[C@@H](CC(=O)O)C(=O)O,-14.3988,-10.206808
CSCC[C@H](NC(=O)C[n+]1[c-]n2ccccc2c1)C(=O)N[C@@H](CC(C)C)C(=O)O,-12.3531,-6.7822933
CSCC[C@H](NC(=O)C[n+]1[c-]n2ccccc2c1)C(=O)N[C@@H](Cc1c[nH]c2ccccc12)C(=O)O,-14.716,-9.1904955
CSCC[C@H](NC(=O)C[n+]1[c-]n2ccccc2c1)C(=O)N[C@H](C(=O)O)[C@@H](C)O,-12.1428,-9.194951
CSCC[C@H](NC(=O)[C@@H](NC(=O)[C@H](C(C)C)[n+]1[c-]n2ccccc2c1)C(C)C)C(=O)O,-6.7981,-4.341188
CSCC[C@H](NC(=O)[C@@H](NC(=O)[C@H](C(C)C)[n+]1[c-]n2ccccc2c1)[C@@H](C)O)C(=O)O,-7.3724,-4.778106
CSCC[C@H](NC(=O)[C@@H](NC(=O)[C@H](CCC(=O)O)[n+]1[c-]n2ccccc2c1)[C@@H](C)O)C(=O)O,-7.2056,-9.041064
CSCC[C@H](NC(=O)[C@@H](NC(=O)[C@H](CCSC)[n+]1[c-]n2ccccc2c1)[C@@H](C)O)C(=O)O,-2.3183,-5.529664
CSCC[C@H](NC(=O)[C@@H](NC(=O)[C@H](CS)[n+]1[c-]n2ccccc2c1)C(C)C)C(=O)O,-8.1567,-4.7737193
CSCC[C@H](NC(=O)[C@@H]1CCCN1C(=O)[C@H](C(C)C)[n+]1[c-]n2ccccc2c1)C(=O)O,-6.5006,-6.1139736
CSCC[C@H](NC(=O)[C@@H]1CCCN1C(=O)[C@H](C)[n+]1[c-]n2ccccc2c1)C(=O)O,-4.6486,-7.5571938
CSCC[C@H](NC(=O)[C@@H]1CCCN1C(=O)[C@H](CC(=O)O)[n+]1[c-]n2ccccc2c1)C(=O)O,-3.3513,-7.3218236
CSCC[C@H](NC(=O)[C@@H]1CCCN1C(=O)[C@H](CO)[n+]1[c-]n2ccccc2c1)C(=O)O,-9.4666,-7.6313825
CSCC[C@H](NC(=O)[C@@H]1CCCN1C(=O)[C@H](Cc1ccc(O)cc1)[n+]1[c-]n2ccccc2c1)C(=O)O,-7.8602,-6.7393017
CSCC[C@H](NC(=O)[C@@H]1CCCN1C(=O)[C@H]([C@@H](C)O)[n+]1[c-]n2ccccc2c1)C(=O)O,-9.9516,-7.398944
CSCC[C@H](NC(=O)[C@H](C(C)C)[n+]1[c-]n2ccccc2c1)C(=O)N[C@@H](CCC(N)=O)C(=O)O,-17.5494,-8.045073
CSCC[C@H](NC(=O)[C@H](C(C)C)[n+]1[c-]n2ccccc2c1)C(=O)N[C@@H](CCCNC(=N)N)C(=O)O,13.0273,-7.728057
CSCC[C@H](NC(=O)[C@H](C(C)C)[n+]1[c-]n2ccccc2c1)C(=O)N[C@H](C(=O)O)C(C)C,-8.2356,-4.479328
CSCC[C@H](NC(=O)[C@H](C)NC(=O)[C@H](C)[n+]1[c-]n2ccccc2c1)C(=O)O,-6.6881,-6.5295544
CSCC[C@H](NC(=O)[C@H](C)NC(=O)[C@H](CC(C)C)[n+]1[c-]n2ccccc2c1)C(=O)O,-9.2444,-4.709643
CSCC[C@H](NC(=O)[C@H](C)NC(=O)[C@H](CCC(N)=O)[n+]1[c-]n2ccccc2c1)C(=O)O,-6.3117,-7.800591
CSCC[C@H](NC(=O)[C@H](C)[n+]1[c-]n2ccccc2c1)C(=O)N[C@@H](C)C(=O)O,-4.9572,-6.398731
CSCC[C@H](NC(=O)[C@H](C)[n+]1[c-]n2ccccc2c1)C(=O)N[C@@H](CC(=O)O)C(=O)O,-3.1305,-7.473913
CSCC[C@H](NC(=O)[C@H](C)[n+]1[c-]n2ccccc2c1)C(=O)N[C@@H](Cc1c[nH]cn1)C(=O)O,-2.4794,-7.4330955
CSCC[C@H](NC(=O)[C@H](CC(=O)O)NC(=O)[C@H](C(C)C)[n+]1[c-]n2ccccc2c1)C(=O)O,-4.9178,-5.2988176
CSCC[C@H](NC(=O)[C@H](CC(=O)O)NC(=O)[C@H](CC(C)C)[n+]1[c-]n2ccccc2c1)C(=O)O,-2.401,-6.164694
CSCC[C@H](NC(=O)[C@H](CC(=O)O)[n+]1[c-]n2ccccc2c1)C(=O)N[C@@H](CCC(N)=O)C(=O)O,-13.2273,-9.72362
CSCC[C@H](NC(=O)[C@H](CC(=O)O)[n+]1[c-]n2ccccc2c1)C(=O)N[C@@H](CO)C(=O)O,-4.6853,-8.440587
CSCC[C@H](NC(=O)[C@H](CC(=O)O)[n+]1[c-]n2ccccc2c1)C(=O)N[C@@H](CS)C(=O)O,-13.4908,-7.7641273
CSCC[C@H](NC(=O)[C@H](CC(=O)O)[n+]1[c-]n2ccccc2c1)C(=O)N[C@@H](Cc1c[nH]cn1)C(=O)O,-10.2519,-8.20624
CSCC[C@H](NC(=O)[C@H](CC(=O)O)[n+]1[c-]n2ccccc2c1)C(=O)N[C@@H](Cc1ccccc1)C(=O)O,-13.457,-7.5174394
CSCC[C@H](NC(=O)[C@H](CC(=O)O)[n+]1[c-]n2ccccc2c1)C(=O)N[C@H](C(=O)O)[C@@H](C)O,-7.7812,-8.492235
CSCC[C@H](NC(=O)[C@H](CC(C)C)NC(=O)[C@H](C(C)C)[n+]1[c-]n2ccccc2c1)C(=O)O,-1.9343,-4.063948
CSCC[C@H](NC(=O)[C@H](CC(C)C)NC(=O)[C@H](C)[n+]1[c-]n2ccccc2c1)C(=O)O,-6.5967,-4.659181
CSCC[C@H](NC(=O)[C@H](CC(C)C)NC(=O)[C@H](CC(=O)O)[n+]1[c-]n2ccccc2c1)C(=O)O,-1.1143,-5.2382016
CSCC[C@H](NC(=O)[C@H](CC(C)C)NC(=O)[C@H](CCC(=O)O)[n+]1[c-]n2ccccc2c1)C(=O)O,0.4014,-6.6614866
CSCC[C@H](NC(=O)[C@H](CC(C)C)NC(=O)[C@H](CCCNC(=N)N)[n+]1[c-]n2ccccc2c1)C(=O)O,-8.5256,-6.5766907
CSCC[C@H](NC(=O)[C@H](CC(C)C)NC(=O)[C@H](CO)[n+]1[c-]n2ccccc2c1)C(=O)O,-11.2184,-4.951768
CSCC[C@H](NC(=O)[C@H](CC(C)C)NC(=O)[C@H]([C@@H](C)O)[n+]1[c-]n2ccccc2c1)C(=O)O,-7.6655,-4.730102
CSCC[C@H](NC(=O)[C@H](CC(C)C)[n+]1[c-]n2ccccc2c1)C(=O)N[C@@H](C)C(=O)O,-4.1903,-4.945815
CSCC[C@H](NC(=O)[C@H](CC(C)C)[n+]1[c-]n2ccccc2c1)C(=O)N[C@@H](CC(C)C)C(=O)O,-2.4696,-4.321792
CSCC[C@H](NC(=O)[C@H](CC(C)C)[n+]1[c-]n2ccccc2c1)C(=O)N[C@@H](CC(N)=O)C(=O)O,-10.9399,-8.129425
CSCC[C@H](NC(=O)[C@H](CC(C)C)[n+]1[c-]n2ccccc2c1)C(=O)N[C@@H](CCC(N)=O)C(=O)O,-16.6136,-8.76367
CSCC[C@H](NC(=O)[C@H](CC(C)C)[n+]1[c-]n2ccccc2c1)C(=O)N[C@@H](CCCNC(=N)N)C(=O)O,-8.8212,-7.301512
CSCC[C@H](NC(=O)[C@H](CC(C)C)[n+]1[c-]n2ccccc2c1)C(=O)N[C@@H](CO)C(=O)O,-10.2121,-5.7790885
CSCC[C@H](NC(=O)[C@H](CC(C)C)[n+]1[c-]n2ccccc2c1)C(=O)O,-4.4177,-5.226582
CSCC[C@H](NC(=O)[C@H](CC(N)=O)NC(=O)[C@H](CC(=O)O)[n+]1[c-]n2ccccc2c1)C(=O)O,-9.6779,-9.638236
CSCC[C@H](NC(=O)[C@H](CC(N)=O)NC(=O)[C@H](CC(N)=O)[n+]1[c-]n2ccccc2c1)C(=O)O,-8.0218,-10.583401
CSCC[C@H](NC(=O)[C@H](CC(N)=O)[n+]1[c-]n2ccccc2c1)C(=O)NCC(=O)O,-1.5244,-7.8919024
CSCC[C@H](NC(=O)[C@H](CC(N)=O)[n+]1[c-]n2ccccc2c1)C(=O)N[C@@H](CC(=O)O)C(=O)O,0.3517,-9.887636
CSCC[C@H](NC(=O)[C@H](CC(N)=O)[n+]1[c-]n2ccccc2c1)C(=O)N[C@@H](Cc1ccccc1)C(=O)O,-1.9585,-9.685922
CSCC[C@H](NC(=O)[C@H](CC(N)=O)[n+]1[c-]n2ccccc2c1)C(=O)O,-4.3677,-7.166825
CSCC[C@H](NC(=O)[C@H](CCC(=O)O)NC(=O)[C@H](CCSC)[n+]1[c-]n2ccccc2c1)C(=O)O,-10.1415,-9.24252
CSCC[C@H](NC(=O)[C@H](CCC(=O)O)NC(=O)[C@H](Cc1c[nH]c2ccccc12)[n+]1[c-]n2ccccc2c1)C(=O)O,-11.208,-10.090814
CSCC[C@H](NC(=O)[C@H](CCC(=O)O)NC(=O)[C@H](Cc1ccc(O)cc1)[n+]1[c-]n2ccccc2c1)C(=O)O,-3.1932,-9.811874
CSCC[C@H](NC(=O)[C@H](CCC(=O)O)[n+]1[c-]n2ccccc2c1)C(=O)N[C@@H](CCC(=O)O)C(=O)O,-1.3658,-10.520698
CSCC[C@H](NC(=O)[C@H](CCC(=O)O)[n+]1[c-]n2ccccc2c1)C(=O)N[C@@H](CO)C(=O)O,-3.381,-9.280885
CSCC[C@H](NC(=O)[C@H](CCC(=O)O)[n+]1[c-]n2ccccc2c1)C(=O)N[C@@H](Cc1c[nH]cn1)C(=O)O,-7.4972,-9.196252
CSCC[C@H](NC(=O)[C@H](CCC(=O)O)[n+]1[c-]n2ccccc2c1)C(=O)N[C@H](C(=O)O)C(C)C,-0.3768,-5.773682
CSCC[C@H](NC(=O)[C@H](CCC(=O)O)[n+]1[c-]n2ccccc2c1)C(=O)N[C@H](C(=O)O)[C@@H](C)O,-11.2445,-9.479466
CSCC[C@H](NC(=O)[C@H](CCC(N)=O)NC(=O)[C@H](Cc1c[nH]cn1)[n+]1[c-]n2ccccc2c1)C(=O)O,-15.6709,-10.520034
CSCC[C@H](NC(=O)[C@H](CCC(N)=O)NC(=O)[C@H](Cc1ccc(O)cc1)[n+]1[c-]n2ccccc2c1)C(=O)O,-3.284,-10.32285
CSCC[C@H](NC(=O)[C@H](CCC(N)=O)[n+]1[c-]n2ccccc2c1)C(=O)N[C@@H](C)C(=O)O,-5.9851,-8.692033
CSCC[C@H](NC(=O)[C@H](CCC(N)=O)[n+]1[c-]n2ccccc2c1)C(=O)N[C@@H](CCC(=O)O)C(=O)O,-4.867,-10.02285
CSCC[C@H](NC(=O)[C@H](CCC(N)=O)[n+]1[c-]n2ccccc2c1)C(=O)N[C@@H](CCCNC(=N)N)C(=O)O,-13.1115,-11.635314
CSCC[C@H](NC(=O)[C@H](CCC(N)=O)[n+]1[c-]n2ccccc2c1)C(=O)N[C@@H](CO)C(=O)O,-3.5674,-9.842007
CSCC[C@H](NC(=O)[C@H](CCC(N)=O)[n+]1[c-]n2ccccc2c1)C(=O)N[C@@H](CS)C(=O)O,-10.9488,-9.4857
CSCC[C@H](NC(=O)[C@H](CCC(N)=O)[n+]1[c-]n2ccccc2c1)C(=O)N[C@@H](Cc1ccc(O)cc1)C(=O)O,-12.7628,-9.198087
CSCC[C@H](NC(=O)[C@H](CCC(N)=O)[n+]1[c-]n2ccccc2c1)C(=O)N[C@H](C(=O)O)C(C)C,-0.5968,-6.130737
CSCC[C@H](NC(=O)[C@H](CCC(N)=O)[n+]1[c-]n2ccccc2c1)C(=O)O,-4.7842,-7.7493706
CSCC[C@H](NC(=O)[C@H](CCCNC(=N)N)NC(=O)C[n+]1[c-]n2ccccc2c1)C(=O)O,-12.6992,-10.380262
CSCC[C@H](NC(=O)[C@H](CCCNC(=N)N)NC(=O)[C@H](C(C)C)[n+]1[c-]n2ccccc2c1)C(=O)O,9.6779,-7.1644473
CSCC[C@H](NC(=O)[C@H](CCCNC(=N)N)NC(=O)[C@H](Cc1ccc(O)cc1)[n+]1[c-]n2ccccc2c1)C(=O)O,-16.4457,-7.992184
CSCC[C@H](NC(=O)[C@H](CCCNC(=N)N)NC(=O)[C@H](Cc1ccccc1)[n+]1[c-]n2ccccc2c1)C(=O)O,-9.3181,-8.778199
CSCC[C@H](NC(=O)[C@H](CCCNC(=N)N)[n+]1[c-]n2ccccc2c1)C(=O)N[C@@H](C)C(=O)O,-5.3536,-7.764682
CSCC[C@H](NC(=O)[C@H](CCCNC(=N)N)[n+]1[c-]n2ccccc2c1)C(=O)N[C@@H](CC(C)C)C(=O)O,-9.5129,-7.16259
CSCC[C@H](NC(=O)[C@H](CCCNC(=N)N)[n+]1[c-]n2ccccc2c1)C(=O)N[C@@H](Cc1c[nH]c2ccccc12)C(=O)O,-15.9082,-6.5607014
CSCC[C@H](NC(=O)[C@H](CCSC)NC(=O)[C@H](CS)[n+]1[c-]n2ccccc2c1)C(=O)O,-2.7861,-5.6850677
CSCC[C@H](NC(=O)[C@H](CCSC)NC(=O)[C@H](Cc1c[nH]c2ccccc12)[n+]1[c-]n2ccccc2c1)C(=O)O,-10.687,-6.450493
CSCC[C@H](NC(=O)[C@H](CCSC)[n+]1[c-]n2ccccc2c1)C(=O)N[C@@H](CC(N)=O)C(=O)O,-1.9037,-9.827288
CSCC[C@H](NC(=O)[C@H](CCSC)[n+]1[c-]n2ccccc2c1)C(=O)N[C@@H](CO)C(=O)O,-3.2078,-5.9248896
CSCC[C@H](NC(=O)[C@H](CO)NC(=O)[C@H](C(C)C)[n+]1[c-]n2ccccc2c1)C(=O)O,-7.0437,-5.2829285
CSCC[C@H](NC(=O)[C@H](CO)NC(=O)[C@H](C)[n+]1[c-]n2ccccc2c1)C(=O)O,-5.8151,-7.176129
CSCC[C@H](NC(=O)[C@H](CO)NC(=O)[C@H](CC(C)C)[n+]1[c-]n2ccccc2c1)C(=O)O,-6.7198,-5.001161
CSCC[C@H](NC(=O)[C@H](CO)NC(=O)[C@H](CS)[n+]1[c-]n2ccccc2c1)C(=O)O,-7.9983,-8.121096
CSCC[C@H](NC(=O)[C@H](CO)NC(=O)[C@H](Cc1ccccc1)[n+]1[c-]n2ccccc2c1)C(=O)O,-10.2931,-6.9502783
CSCC[C@H](NC(=O)[C@H](CO)[n+]1[c-]n2ccccc2c1)C(=O)NCC(=O)O,-5.4209,-7.3124847
CSCC[C@H](NC(=O)[C@H](CO)[n+]1[c-]n2ccccc2c1)C(=O)N[C@@H](CCC(N)=O)C(=O)O,-16.8275,-10.552053
CSCC[C@H](NC(=O)[C@H](CO)[n+]1[c-]n2ccccc2c1)C(=O)N[C@@H](Cc1c[nH]cn1)C(=O)O,-1.3207,-7.239106
CSCC[C@H](NC(=O)[C@H](CO)[n+]1[c-]n2ccccc2c1)C(=O)N[C@@H](Cc1ccccc1)C(=O)O,-8.8227,-7.095447
CSCC[C@H](NC(=O)[C@H](CO)[n+]1[c-]n2ccccc2c1)C(=O)N[C@H](C(=O)O)C(C)C,-3.6269,-5.416082
CSCC[C@H](NC(=O)[C@H](CO)[n+]1[c-]n2ccccc2c1)C(=O)O,-4.7562,-6.50373
CSCC[C@H](NC(=O)[C@H](CS)NC(=O)[C@H](C(C)C)[n+]1[c-]n2ccccc2c1)C(=O)O,-6.2529,-4.9002714
CSCC[C@H](NC(=O)[C@H](CS)NC(=O)[C@H](C)[n+]1[c-]n2ccccc2c1)C(=O)O,-7.6213,-6.152302
CSCC[C@H](NC(=O)[C@H](CS)NC(=O)[C@H](CCCNC(=N)N)[n+]1[c-]n2ccccc2c1)C(=O)O,-5.0399,-7.19782
CSCC[C@H](NC(=O)[C@H](CS)NC(=O)[C@H](CO)[n+]1[c-]n2ccccc2c1)C(=O)O,-8.3396,-7.993687
CSCC[C@H](NC(=O)[C@H](CS)[n+]1[c-]n2ccccc2c1)C(=O)N[C@@H](CCC(N)=O)C(=O)O,-9.6379,-10.171039
CSCC[C@H](NC(=O)[C@H](CS)[n+]1[c-]n2ccccc2c1)C(=O)N[C@@H](Cc1ccccc1)C(=O)O,-5.4695,-7.7120333
CSCC[C@H](NC(=O)[C@H](Cc1c[nH]c2ccccc12)NC(=O)C[n+]1[c-]n2ccccc2c1)C(=O)O,-10.1627,-8.950188
CSCC[C@H](NC(=O)[C@H](Cc1c[nH]c2ccccc12)NC(=O)[C@H](C)[n+]1[c-]n2ccccc2c1)C(=O)O,-4.1293,-6.5336833
CSCC[C@H](NC(=O)[C@H](Cc1c[nH]c2ccccc12)NC(=O)[C@H](CC(C)C)[n+]1[c-]n2ccccc2c1)C(=O)O,-5.3151,-5.252924
CSCC[C@H](NC(=O)[C@H](Cc1c[nH]c2ccccc12)NC(=O)[C@H](CO)[n+]1[c-]n2ccccc2c1)C(=O)O,-3.5562,-6.8459496
CSCC[C@H](NC(=O)[C@H](Cc1c[nH]c2ccccc12)NC(=O)[C@H](Cc1c[nH]cn1)[n+]1[c-]n2ccccc2c1)C(=O)O,-7.6796,-9.626709
CSCC[C@H](NC(=O)[C@H](Cc1c[nH]c2ccccc12)NC(=O)[C@H]([C@@H](C)O)[n+]1[c-]n2ccccc2c1)C(=O)O,-6.289,-6.7338448
CSCC[C@H](NC(=O)[C@H](Cc1c[nH]c2ccccc12)[n+]1[c-]n2ccccc2c1)C(=O)NCC(=O)O,-9.8644,-7.7430067
CSCC[C@H](NC(=O)[C@H](Cc1c[nH]c2ccccc12)[n+]1[c-]n2ccccc2c1)C(=O)N[C@@H](C)C(=O)O,-9.2927,-7.0470843
CSCC[C@H](NC(=O)[C@H](Cc1c[nH]c2ccccc12)[n+]1[c-]n2ccccc2c1)C(=O)N[C@@H](CC(C)C)C(=O)O,-5.7734,-5.998923
CSCC[C@H](NC(=O)[C@H](Cc1c[nH]c2ccccc12)[n+]1[c-]n2ccccc2c1)C(=O)N[C@@H](Cc1ccccc1)C(=O)O,-2.2354,-8.881454
CSCC[C@H](NC(=O)[C@H](Cc1c[nH]c2ccccc12)[n+]1[c-]n2ccccc2c1)C(=O)N[C@H](C(=O)O)[C@@H](C)O,-3.6081,-6.950788
CSCC[C@H](NC(=O)[C@H](Cc1c[nH]cn1)NC(=O)[C@H](C(C)C)[n+]1[c-]n2ccccc2c1)C(=O)O,-6.4066,-6.0726957
CSCC[C@H](NC(=O)[C@H](Cc1c[nH]cn1)NC(=O)[C@H](CC(N)=O)[n+]1[c-]n2ccccc2c1)C(=O)O,-14.9392,-10.211815
CSCC[C@H](NC(=O)[C@H](Cc1c[nH]cn1)NC(=O)[C@H](CCC(=O)O)[n+]1[c-]n2ccccc2c1)C(=O)O,-13.5009,-8.963175
CSCC[C@H](NC(=O)[C@H](Cc1c[nH]cn1)NC(=O)[C@H](CS)[n+]1[c-]n2ccccc2c1)C(=O)O,-9.0327,-9.088591
CSCC[C@H](NC(=O)[C@H](Cc1c[nH]cn1)NC(=O)[C@H]([C@@H](C)O)[n+]1[c-]n2ccccc2c1)C(=O)O,-6.7747,-7.2586665
CSCC[C@H](NC(=O)[C@H](Cc1c[nH]cn1)[n+]1[c-]n2ccccc2c1)C(=O)N[C@@H](Cc1c[nH]c2ccccc12)C(=O)O,-8.6227,-9.71247
CSCC[C@H](NC(=O)[C@H](Cc1c[nH]cn1)[n+]1[c-]n2ccccc2c1)C(=O)N[C@H](C(=O)O)C(C)C,-5.6938,-5.7462735
CSCC[C@H](NC(=O)[C@H](Cc1c[nH]cn1)[n+]1[c-]n2ccccc2c1)C(=O)N[C@H](C(=O)O)[C@@H](C)O,-10.6084,-7.3011985
CSCC[C@H](NC(=O)[C@H](Cc1ccc(O)cc1)NC(=O)C[n+]1[c-]n2ccccc2c1)C(=O)O,-11.0774,-7.679839
CSCC[C@H](NC(=O)[C@H](Cc1ccc(O)cc1)NC(=O)[C@H](C)[n+]1[c-]n2ccccc2c1)C(=O)O,-4.9011,-5.153657
CSCC[C@H](NC(=O)[C@H](Cc1ccc(O)cc1)NC(=O)[C@H](CS)[n+]1[c-]n2ccccc2c1)C(=O)O,-0.8649,-7.2915297
CSCC[C@H](NC(=O)[C@H](Cc1ccc(O)cc1)NC(=O)[C@H](Cc1ccccc1)[n+]1[c-]n2ccccc2c1)C(=O)O,-6.9278,-7.7436266
CSCC[C@H](NC(=O)[C@H](Cc1ccc(O)cc1)[n+]1[c-]n2ccccc2c1)C(=O)NCC(=O)O,-12.7002,-6.9806376
CSCC[C@H](NC(=O)[C@H](Cc1ccccc1)NC(=O)[C@H](CC(C)C)[n+]1[c-]n2ccccc2c1)C(=O)O,-4.8015,-5.0742917
CSCC[C@H](NC(=O)[C@H](Cc1ccccc1)NC(=O)[C@H](CCC(N)=O)[n+]1[c-]n2ccccc2c1)C(=O)O,-9.3017,-10.020026
CSCC[C@H](NC(=O)[C@H](Cc1ccccc1)NC(=O)[C@H](CS)[n+]1[c-]n2ccccc2c1)C(=O)O,-4.6638,-6.2655387
CSCC[C@H](NC(=O)[C@H](Cc1ccccc1)NC(=O)[C@H](Cc1ccccc1)[n+]1[c-]n2ccccc2c1)C(=O)O,-4.315,-6.889439
CSCC[C@H](NC(=O)[C@H](Cc1ccccc1)[n+]1[c-]n2ccccc2c1)C(=O)N[C@@H](CCCNC(=N)N)C(=O)O,-7.3169,-8.719236
CSCC[C@H](NC(=O)[C@H](Cc1ccccc1)[n+]1[c-]n2ccccc2c1)C(=O)N[C@@H](Cc1c[nH]cn1)C(=O)O,-10.9738,-8.163552
CSCC[C@H](NC(=O)[C@H]([C@@H](C)O)[n+]1[c-]n2ccccc2c1)C(=O)N[C@@H](C)C(=O)O,-6.1827,-6.5411115
CSCC[C@H](NC(=O)[C@H]([C@@H](C)O)[n+]1[c-]n2ccccc2c1)C(=O)N[C@@H](Cc1c[nH]c2ccccc12)C(=O)O,-13.1189,-7.3569236
CSCC[C@H](NC(=O)[C@H]([C@@H](C)O)[n+]1[c-]n2ccccc2c1)C(=O)N[C@@H](Cc1ccc(O)cc1)C(=O)O,1.4844,-7.54662
C[C@@H](C(=O)N1CCC[C@H]1C(=O)N1CCC[C@H]1C(=O)O)[n+]1[c-]n2ccccc2c1,-8.9874,-7.988319
C[C@@H](C(=O)N1CCC[C@H]1C(=O)N[C@@H](Cc1c[nH]cn1)C(=O)O)[n+]1[c-]n2ccccc2c1,-4.4637,-8.268088
C[C@@H](C(=O)NCC(=O)N[C@@H](CCC(N)=O)C(=O)O)[n+]1[c-]n2ccccc2c1,-13.0036,-9.5179825
C[C@@H](C(=O)N[C@@H](CC(=O)O)C(=O)N[C@@H](CCCNC(=N)N)C(=O)O)[n+]1[c-]n2ccccc2c1,-12.1929,-9.123893
C[C@@H](C(=O)N[C@@H](CC(=O)O)C(=O)N[C@@H](CO)C(=O)O)[n+]1[c-]n2ccccc2c1,-8.0004,-6.59377
C[C@@H](C(=O)N[C@@H](CC(=O)O)C(=O)N[C@@H](Cc1ccc(O)cc1)C(=O)O)[n+]1[c-]n2ccccc2c1,-9.8137,-10.280258
C[C@@H](C(=O)N[C@@H](CC(=O)O)C(=O)O)[n+]1[c-]n2ccccc2c1,-22.6699,-5.8171515
C[C@@H](C(=O)N[C@@H](CCC(=O)O)C(=O)N1CCC[C@H]1C(=O)O)[n+]1[c-]n2ccccc2c1,-14.4822,-7.8573427
C[C@@H](C(=O)N[C@@H](CCC(=O)O)C(=O)N[C@@H](CCC(N)=O)C(=O)O)[n+]1[c-]n2ccccc2c1,-17.1863,-14.031003
C[C@@H](C(=O)N[C@@H](CCC(=O)O)C(=O)N[C@@H](CS)C(=O)O)[n+]1[c-]n2ccccc2c1,-10.0551,-8.435801
C[C@@H](C(=O)N[C@@H](CCC(N)=O)C(=O)N[C@@H](CCC(N)=O)C(=O)O)[n+]1[c-]n2ccccc2c1,-15.9371,-12.376225
C[C@@H](C(=O)N[C@@H](CCC(N)=O)C(=O)N[C@@H](CS)C(=O)O)[n+]1[c-]n2ccccc2c1,-9.1516,-10.1989155
C[C@@H](C(=O)N[C@@H](CCC(N)=O)C(=O)N[C@@H](Cc1ccccc1)C(=O)O)[n+]1[c-]n2ccccc2c1,-5.4115,-11.000747
C[C@@H](C(=O)N[C@@H](CCC(N)=O)C(=O)O)[n+]1[c-]n2ccccc2c1,-11.0315,-8.312322
C[C@@H](C(=O)N[C@@H](CCCNC(=N)N)C(=O)NCC(=O)O)[n+]1[c-]n2ccccc2c1,-5.5369,-9.252717
C[C@@H](C(=O)N[C@@H](CCCNC(=N)N)C(=O)N[C@@H](CCC(=O)O)C(=O)O)[n+]1[c-]n2ccccc2c1,-22.4055,-9.658469
C[C@@H](C(=O)N[C@@H](CCCNC(=N)N)C(=O)N[C@@H](CS)C(=O)O)[n+]1[c-]n2ccccc2c1,-6.8528,-7.3404818
C[C@@H](C(=O)N[C@@H](CO)C(=O)N1CCC[C@H]1C(=O)O)[n+]1[c-]n2ccccc2c1,-9.3747,-8.097782
C[C@@H](C(=O)N[C@@H](CO)C(=O)N[C@@H](CCC(=O)O)C(=O)O)[n+]1[c-]n2ccccc2c1,-15.374,-8.918888
C[C@@H](C(=O)N[C@@H](CO)C(=O)N[C@@H](CCCNC(=N)N)C(=O)O)[n+]1[c-]n2ccccc2c1,-11.2972,-7.609862
C[C@@H](C(=O)N[C@@H](CO)C(=O)N[C@@H](Cc1c[nH]c2ccccc12)C(=O)O)[n+]1[c-]n2ccccc2c1,-7.9926,-8.550701
C[C@@H](C(=O)N[C@@H](CS)C(=O)N[C@@H](Cc1ccc(O)cc1)C(=O)O)[n+]1[c-]n2ccccc2c1,-9.1101,-7.1001053
C[C@@H](C(=O)N[C@@H](Cc1c[nH]cn1)C(=O)N1CCC[C@H]1C(=O)O)[n+]1[c-]n2ccccc2c1,-13.7883,-7.7762346
C[C@@H](C(=O)N[C@@H](Cc1c[nH]cn1)C(=O)N[C@@H](Cc1c[nH]c2ccccc12)C(=O)O)[n+]1[c-]n2ccccc2c1,-17.6767,-9.3020935
C[C@@H](C(=O)N[C@@H](Cc1c[nH]cn1)C(=O)O)[n+]1[c-]n2ccccc2c1,-8.8305,-7.8748894
C[C@@H](C(=O)N[C@@H](Cc1ccc(O)cc1)C(=O)N[C@@H](CCC(N)=O)C(=O)O)[n+]1[c-]n2ccccc2c1,-12.7,-10.361777
C[C@@H](C(=O)N[C@@H](Cc1ccc(O)cc1)C(=O)N[C@@H](CCCNC(=N)N)C(=O)O)[n+]1[c-]n2ccccc2c1,-11.3255,-6.5085487
C[C@@H](C(=O)N[C@@H](Cc1ccc(O)cc1)C(=O)N[C@@H](CO)C(=O)O)[n+]1[c-]n2ccccc2c1,-4.964,-7.057912
C[C@@H](C(=O)N[C@@H](Cc1ccc(O)cc1)C(=O)O)[n+]1[c-]n2ccccc2c1,-7.5757,-7.268166
C[C@@H](C(=O)N[C@@H](Cc1ccccc1)C(=O)NCC(=O)O)[n+]1[c-]n2ccccc2c1,-4.1104,-6.920589
C[C@@H](C(=O)N[C@@H](Cc1ccccc1)C(=O)N[C@@H](CCC(=O)O)C(=O)O)[n+]1[c-]n2ccccc2c1,-15.3524,-10.092841
C[C@@H](C(=O)N[C@@H](Cc1ccccc1)C(=O)N[C@@H](CO)C(=O)O)[n+]1[c-]n2ccccc2c1,-9.6361,-7.1526766
C[C@@H](O)[C@@H](C(=O)N1CCC[C@H]1C(=O)N[C@@H](CCC(=O)O)C(=O)O)[n+]1[c-]n2ccccc2c1,-9.9822,-8.248647
C[C@@H](O)[C@@H](C(=O)N1CCC[C@H]1C(=O)N[C@@H](Cc1c[nH]c2ccccc12)C(=O)O)[n+]1[c-]n2ccccc2c1,-7.7524,-8.170809
C[C@@H](O)[C@@H](C(=O)N1CCC[C@H]1C(=O)N[C@@H](Cc1ccccc1)C(=O)O)[n+]1[c-]n2ccccc2c1,-10.2715,-8.951887
C[C@@H](O)[C@@H](C(=O)NCC(=O)N[C@@H](CC(=O)O)C(=O)O)[n+]1[c-]n2ccccc2c1,-14.4995,-7.407153
C[C@@H](O)[C@@H](C(=O)NCC(=O)N[C@@H](CCC(N)=O)C(=O)O)[n+]1[c-]n2ccccc2c1,-12.6348,-10.680697
C[C@@H](O)[C@@H](C(=O)NCC(=O)N[C@@H](CO)C(=O)O)[n+]1[c-]n2ccccc2c1,-4.9731,-7.920683
C[C@@H](O)[C@@H](C(=O)NCC(=O)N[C@@H](Cc1ccc(O)cc1)C(=O)O)[n+]1[c-]n2ccccc2c1,-14.7098,-7.583806
C[C@@H](O)[C@@H](C(=O)N[C@@H](CC(N)=O)C(=O)N[C@@H](CCCNC(=N)N)C(=O)O)[n+]1[c-]n2ccccc2c1,-9.218,-9.106071
C[C@@H](O)[C@@H](C(=O)N[C@@H](CC(N)=O)C(=O)O)[n+]1[c-]n2ccccc2c1,-11.003,-8.459259
C[C@@H](O)[C@@H](C(=O)N[C@@H](CCC(=O)O)C(=O)N[C@@H](CCC(N)=O)C(=O)O)[n+]1[c-]n2ccccc2c1,-7.3174,-12.630907
C[C@@H](O)[C@@H](C(=O)N[C@@H](CCC(=O)O)C(=O)N[C@@H](CO)C(=O)O)[n+]1[c-]n2ccccc2c1,-11.3102,-8.653772
C[C@@H](O)[C@@H](C(=O)N[C@@H](CCC(=O)O)C(=O)O)[n+]1[c-]n2ccccc2c1,-15.4701,-8.0252285
C[C@@H](O)[C@@H](C(=O)N[C@@H](CCC(N)=O)C(=O)N[C@@H](Cc1c[nH]cn1)C(=O)O)[n+]1[c-]n2ccccc2c1,-16.3476,-11.661292
C[C@@H](O)[C@@H](C(=O)N[C@@H](CCCNC(=N)N)C(=O)N[C@@H](CS)C(=O)O)[n+]1[c-]n2ccccc2c1,-10.8807,-7.1531777
C[C@@H](O)[C@@H](C(=O)N[C@@H](CCCNC(=N)N)C(=O)N[C@@H](Cc1ccc(O)cc1)C(=O)O)[n+]1[c-]n2ccccc2c1,-10.8724,-7.729884
C[C@@H](O)[C@@H](C(=O)N[C@@H](CO)C(=O)N[C@@H](CC(=O)O)C(=O)O)[n+]1[c-]n2ccccc2c1,-9.2511,-6.824794
C[C@@H](O)[C@@H](C(=O)N[C@@H](CO)C(=O)N[C@@H](CC(N)=O)C(=O)O)[n+]1[c-]n2ccccc2c1,-2.8472,-9.934994
C[C@@H](O)[C@@H](C(=O)N[C@@H](CO)C(=O)N[C@@H](CCC(N)=O)C(=O)O)[n+]1[c-]n2ccccc2c1,-18.0289,-10.760542
C[C@@H](O)[C@@H](C(=O)N[C@@H](CO)C(=O)N[C@@H](CO)C(=O)O)[n+]1[c-]n2ccccc2c1,-10.4672,-7.676966
C[C@@H](O)[C@@H](C(=O)N[C@@H](CS)C(=O)N1CCC[C@H]1C(=O)O)[n+]1[c-]n2ccccc2c1,-7.2174,-8.311898
C[C@@H](O)[C@@H](C(=O)N[C@@H](CS)C(=O)N[C@@H](CCC(=O)O)C(=O)O)[n+]1[c-]n2ccccc2c1,-14.8923,-8.660219
C[C@@H](O)[C@@H](C(=O)N[C@@H](CS)C(=O)N[C@@H](Cc1ccc(O)cc1)C(=O)O)[n+]1[c-]n2ccccc2c1,-10.8461,-8.251647
C[C@@H](O)[C@@H](C(=O)N[C@@H](CS)C(=O)N[C@@H](Cc1ccccc1)C(=O)O)[n+]1[c-]n2ccccc2c1,-9.2216,-7.675847
C[C@@H](O)[C@@H](C(=O)N[C@@H](CS)C(=O)O)[n+]1[c-]n2ccccc2c1,-9.2918,-6.919735
C[C@@H](O)[C@@H](C(=O)N[C@@H](Cc1c[nH]c2ccccc12)C(=O)NCC(=O)O)[n+]1[c-]n2ccccc2c1,-8.1915,-8.820079
C[C@@H](O)[C@@H](C(=O)N[C@@H](Cc1c[nH]cn1)C(=O)N1CCC[C@H]1C(=O)O)[n+]1[c-]n2ccccc2c1,-7.354,-8.038543
C[C@@H](O)[C@@H](C(=O)N[C@@H](Cc1c[nH]cn1)C(=O)N[C@@H](CO)C(=O)O)[n+]1[c-]n2ccccc2c1,0.9475,-8.013797
C[C@@H](O)[C@@H](C(=O)N[C@@H](Cc1c[nH]cn1)C(=O)N[C@@H](Cc1ccc(O)cc1)C(=O)O)[n+]1[c-]n2ccccc2c1,-5.5489,-8.627165
C[C@@H](O)[C@@H](C(=O)N[C@@H](Cc1c[nH]cn1)C(=O)O)[n+]1[c-]n2ccccc2c1,-9.9561,-8.382302
C[C@@H](O)[C@@H](C(=O)N[C@@H](Cc1ccc(O)cc1)C(=O)O)[n+]1[c-]n2ccccc2c1,-8.2469,-7.182844
C[C@@H](O)[C@@H](C(=O)N[C@@H](Cc1ccccc1)C(=O)N1CCC[C@H]1C(=O)O)[n+]1[c-]n2ccccc2c1,-5.6141,-9.199728
C[C@@H](O)[C@@H](C(=O)N[C@@H](Cc1ccccc1)C(=O)N[C@@H](CCCNC(=N)N)C(=O)O)[n+]1[c-]n2ccccc2c1,-5.3334,-7.568403
C[C@@H](O)[C@@H](C(=O)N[C@@H](Cc1ccccc1)C(=O)N[C@@H](Cc1ccccc1)C(=O)O)[n+]1[c-]n2ccccc2c1,-1.6768,-7.9557962
C[C@@H](O)[C@H](NC(=O)CNC(=O)[C@H](CC(=O)O)[n+]1[c-]n2ccccc2c1)C(=O)O,-9.0051,-6.9067774
C[C@@H](O)[C@H](NC(=O)CNC(=O)[C@H](CCC(=O)O)[n+]1[c-]n2ccccc2c1)C(=O)O,-7.0131,-8.81355
C[C@@H](O)[C@H](NC(=O)CNC(=O)[C@H](Cc1c[nH]cn1)[n+]1[c-]n2ccccc2c1)C(=O)O,-8.7484,-7.4847245
C[C@@H](O)[C@H](NC(=O)CNC(=O)[C@H](Cc1ccccc1)[n+]1[c-]n2ccccc2c1)C(=O)O,-14.0834,-8.099151
C[C@@H](O)[C@H](NC(=O)C[n+]1[c-]n2ccccc2c1)C(=O)N[C@@H](CCC(=O)O)C(=O)O,-8.8973,-11.26331
C[C@@H](O)[C@H](NC(=O)C[n+]1[c-]n2ccccc2c1)C(=O)O,-9.1883,-9.170787
C[C@@H](O)[C@H](NC(=O)[C@@H](NC(=O)[C@H](C)[n+]1[c-]n2ccccc2c1)[C@@H](C)O)C(=O)O,-6.0051,-6.1965985
C[C@@H](O)[C@H](NC(=O)[C@@H](NC(=O)[C@H](CCC(N)=O)[n+]1[c-]n2ccccc2c1)[C@@H](C)O)C(=O)O,-5.2523,-9.980856
C[C@@H](O)[C@H](NC(=O)[C@H](C)[n+]1[c-]n2ccccc2c1)C(=O)N[C@@H](CCC(=O)O)C(=O)O,-16.3364,-7.9286594
C[C@@H](O)[C@H](NC(=O)[C@H](C)[n+]1[c-]n2ccccc2c1)C(=O)N[C@@H](CCC(N)=O)C(=O)O,-10.7119,-10.583933
C[C@@H](O)[C@H](NC(=O)[C@H](C)[n+]1[c-]n2ccccc2c1)C(=O)N[C@@H](CCCNC(=N)N)C(=O)O,-10.6554,-8.297323
C[C@@H](O)[C@H](NC(=O)[C@H](CC(=O)O)NC(=O)[C@H](Cc1ccc(O)cc1)[n+]1[c-]n2ccccc2c1)C(=O)O,-4.9551,-9.473814
C[C@@H](O)[C@H](NC(=O)[C@H](CC(=O)O)[n+]1[c-]n2ccccc2c1)C(=O)N1CCC[C@H]1C(=O)O,-7.3914,-7.3612404
C[C@@H](O)[C@H](NC(=O)[C@H](CC(=O)O)[n+]1[c-]n2ccccc2c1)C(=O)NCC(=O)O,-14.096,-6.9362454
C[C@@H](O)[C@H](NC(=O)[C@H](CC(N)=O)NC(=O)[C@H](Cc1c[nH]cn1)[n+]1[c-]n2ccccc2c1)C(=O)O,-13.1337,-10.8846245
C[C@@H](O)[C@H](NC(=O)[C@H](CC(N)=O)NC(=O)[C@H](Cc1ccccc1)[n+]1[c-]n2ccccc2c1)C(=O)O,-13.7213,-10.260344
C[C@@H](O)[C@H](NC(=O)[C@H](CC(N)=O)[n+]1[c-]n2ccccc2c1)C(=O)N[C@@H](CO)C(=O)O,-8.9639,-9.568138
C[C@@H](O)[C@H](NC(=O)[C@H](CCC(=O)O)NC(=O)C[n+]1[c-]n2ccccc2c1)C(=O)O,-13.1148,-10.310298
C[C@@H](O)[C@H](NC(=O)[C@H](CCC(=O)O)NC(=O)[C@H](CCCNC(=N)N)[n+]1[c-]n2ccccc2c1)C(=O)O,-8.3922,-7.994667
C[C@@H](O)[C@H](NC(=O)[C@H](CCC(=O)O)[n+]1[c-]n2ccccc2c1)C(=O)N[C@@H](CCC(=O)O)C(=O)O,-9.6161,-11.431874
C[C@@H](O)[C@H](NC(=O)[C@H](CCC(=O)O)[n+]1[c-]n2ccccc2c1)C(=O)N[C@@H](CCCNC(=N)N)C(=O)O,-14.1565,-7.1633368
C[C@@H](O)[C@H](NC(=O)[C@H](CCC(=O)O)[n+]1[c-]n2ccccc2c1)C(=O)N[C@@H](Cc1c[nH]cn1)C(=O)O,-3.6209,-10.675825
C[C@@H](O)[C@H](NC(=O)[C@H](CCC(=O)O)[n+]1[c-]n2ccccc2c1)C(=O)N[C@@H](Cc1ccccc1)C(=O)O,-1.7392,-9.921605
C[C@@H](O)[C@H](NC(=O)[C@H](CCC(N)=O)NC(=O)C[n+]1[c-]n2ccccc2c1)C(=O)O,-15.9365,-12.38039
C[C@@H](O)[C@H](NC(=O)[C@H](CCC(N)=O)NC(=O)[C@H](CC(=O)O)[n+]1[c-]n2ccccc2c1)C(=O)O,-15.7527,-11.584888
C[C@@H](O)[C@H](NC(=O)[C@H](CCC(N)=O)NC(=O)[C@H](CC(N)=O)[n+]1[c-]n2ccccc2c1)C(=O)O,-10.7843,-11.30934
C[C@@H](O)[C@H](NC(=O)[C@H](CCC(N)=O)NC(=O)[C@H](CCC(=O)O)[n+]1[c-]n2ccccc2c1)C(=O)O,-11.6424,-12.366001
C[C@@H](O)[C@H](NC(=O)[C@H](CCC(N)=O)[n+]1[c-]n2ccccc2c1)C(=O)NCC(=O)O,-5.1102,-9.762537
C[C@@H](O)[C@H](NC(=O)[C@H](CCC(N)=O)[n+]1[c-]n2ccccc2c1)C(=O)N[C@@H](CC(=O)O)C(=O)O,-12.6665,-11.414014
C[C@@H](O)[C@H](NC(=O)[C@H](CCC(N)=O)[n+]1[c-]n2ccccc2c1)C(=O)N[C@@H](CC(N)=O)C(=O)O,-13.1317,-11.391478
C[C@@H](O)[C@H](NC(=O)[C@H](CCC(N)=O)[n+]1[c-]n2ccccc2c1)C(=O)N[C@@H](CCC(=O)O)C(=O)O,-11.5265,-12.386078
C[C@@H](O)[C@H](NC(=O)[C@H](CCC(N)=O)[n+]1[c-]n2ccccc2c1)C(=O)N[C@@H](CO)C(=O)O,-4.5167,-10.662663
C[C@@H](O)[C@H](NC(=O)[C@H](CCC(N)=O)[n+]1[c-]n2ccccc2c1)C(=O)N[C@@H](Cc1c[nH]cn1)C(=O)O,-3.3386,-11.523771
C[C@@H](O)[C@H](NC(=O)[C@H](CCC(N)=O)[n+]1[c-]n2ccccc2c1)C(=O)N[C@@H](Cc1ccccc1)C(=O)O,-12.158,-10.760642
C[C@@H](O)[C@H](NC(=O)[C@H](CCCNC(=N)N)NC(=O)[C@H](CC(N)=O)[n+]1[c-]n2ccccc2c1)C(=O)O,-18.1721,-9.298682
C[C@@H](O)[C@H](NC(=O)[C@H](CCCNC(=N)N)NC(=O)[C@H](CCCNC(=N)N)[n+]1[c-]n2ccccc2c1)C(=O)O,-7.0865,-8.405644
C[C@@H](O)[C@H](NC(=O)[C@H](CCCNC(=N)N)[n+]1[c-]n2ccccc2c1)C(=O)N[C@@H](Cc1ccc(O)cc1)C(=O)O,-2.5309,-7.28052
C[C@@H](O)[C@H](NC(=O)[C@H](CO)NC(=O)[C@H](CCC(N)=O)[n+]1[c-]n2ccccc2c1)C(=O)O,-11.1116,-10.161916
C[C@@H](O)[C@H](NC(=O)[C@H](CO)NC(=O)[C@H](CO)[n+]1[c-]n2ccccc2c1)C(=O)O,-10.6067,-7.969147
C[C@@H](O)[C@H](NC(=O)[C@H](CO)NC(=O)[C@H](Cc1ccc(O)cc1)[n+]1[c-]n2ccccc2c1)C(=O)O,-10.2548,-7.644395
C[C@@H](O)[C@H](NC(=O)[C@H](CO)[n+]1[c-]n2ccccc2c1)C(=O)N[C@@H](CO)C(=O)O,-8.0865,-7.8739595
C[C@@H](O)[C@H](NC(=O)[C@H](CS)NC(=O)[C@H](CC(=O)O)[n+]1[c-]n2ccccc2c1)C(=O)O,-9.5985,-6.6236935
C[C@@H](O)[C@H](NC(=O)[C@H](CS)NC(=O)[C@H](Cc1ccc(O)cc1)[n+]1[c-]n2ccccc2c1)C(=O)O,-10.3978,-8.14521
C[C@@H](O)[C@H](NC(=O)[C@H](CS)[n+]1[c-]n2ccccc2c1)C(=O)N[C@@H](CC(=O)O)C(=O)O,-6.8572,-8.561873
C[C@@H](O)[C@H](NC(=O)[C@H](CS)[n+]1[c-]n2ccccc2c1)C(=O)N[C@@H](CO)C(=O)O,-5.2925,-7.969747
C[C@@H](O)[C@H](NC(=O)[C@H](CS)[n+]1[c-]n2ccccc2c1)C(=O)N[C@@H](Cc1ccc(O)cc1)C(=O)O,-7.2198,-8.34833
C[C@@H](O)[C@H](NC(=O)[C@H](Cc1c[nH]c2ccccc12)NC(=O)[C@H](C)[n+]1[c-]n2ccccc2c1)C(=O)O,-9.7476,-7.3262906
C[C@@H](O)[C@H](NC(=O)[C@H](Cc1c[nH]c2ccccc12)NC(=O)[C@H](CS)[n+]1[c-]n2ccccc2c1)C(=O)O,-19.3951,-7.3488545
C[C@@H](O)[C@H](NC(=O)[C@H](Cc1c[nH]c2ccccc12)[n+]1[c-]n2ccccc2c1)C(=O)N[C@@H](Cc1c[nH]c2ccccc12)C(=O)O,-8.2959,-8.155761
C[C@@H](O)[C@H](NC(=O)[C@H](Cc1c[nH]cn1)NC(=O)[C@H](C)[n+]1[c-]n2ccccc2c1)C(=O)O,-13.5398,-7.036861
C[C@@H](O)[C@H](NC(=O)[C@H](Cc1c[nH]cn1)NC(=O)[C@H](CCC(N)=O)[n+]1[c-]n2ccccc2c1)C(=O)O,-12.6749,-11.475571
C[C@@H](O)[C@H](NC(=O)[C@H](Cc1c[nH]cn1)NC(=O)[C@H](Cc1ccccc1)[n+]1[c-]n2ccccc2c1)C(=O)O,-11.6162,-8.660105
C[C@@H](O)[C@H](NC(=O)[C@H](Cc1c[nH]cn1)[n+]1[c-]n2ccccc2c1)C(=O)N1CCC[C@H]1C(=O)O,-8.2354,-8.385745
C[C@@H](O)[C@H](NC(=O)[C@H](Cc1c[nH]cn1)[n+]1[c-]n2ccccc2c1)C(=O)N[C@@H](CCCNC(=N)N)C(=O)O,-11.2727,-6.9060054
C[C@@H](O)[C@H](NC(=O)[C@H](Cc1c[nH]cn1)[n+]1[c-]n2ccccc2c1)C(=O)N[C@@H](Cc1c[nH]cn1)C(=O)O,-2.3378,-9.035631
C[C@@H](O)[C@H](NC(=O)[C@H](Cc1c[nH]cn1)[n+]1[c-]n2ccccc2c1)C(=O)N[C@@H](Cc1ccccc1)C(=O)O,-3.5881,-8.634708
C[C@@H](O)[C@H](NC(=O)[C@H](Cc1c[nH]cn1)[n+]1[c-]n2ccccc2c1)C(=O)O,-10.935,-7.7660756
C[C@@H](O)[C@H](NC(=O)[C@H](Cc1ccc(O)cc1)NC(=O)C[n+]1[c-]n2ccccc2c1)C(=O)O,-15.9108,-8.209252
C[C@@H](O)[C@H](NC(=O)[C@H](Cc1ccc(O)cc1)NC(=O)[C@H](CC(=O)O)[n+]1[c-]n2ccccc2c1)C(=O)O,-10.5504,-9.085543
C[C@@H](O)[C@H](NC(=O)[C@H](Cc1ccc(O)cc1)NC(=O)[C@H](Cc1c[nH]cn1)[n+]1[c-]n2ccccc2c1)C(=O)O,-5.0937,-8.443099
C[C@@H](O)[C@H](NC(=O)[C@H](Cc1ccc(O)cc1)NC(=O)[C@H]([C@@H](C)O)[n+]1[c-]n2ccccc2c1)C(=O)O,-10.8149,-7.4366503
C[C@@H](O)[C@H](NC(=O)[C@H](Cc1ccc(O)cc1)[n+]1[c-]n2ccccc2c1)C(=O)N[C@@H](CC(=O)O)C(=O)O,-14.1498,-9.594593
C[C@@H](O)[C@H](NC(=O)[C@H](Cc1ccc(O)cc1)[n+]1[c-]n2ccccc2c1)C(=O)N[C@@H](CCCNC(=N)N)C(=O)O,-8.4963,-8.217014
C[C@@H](O)[C@H](NC(=O)[C@H](Cc1ccc(O)cc1)[n+]1[c-]n2ccccc2c1)C(=O)N[C@@H](CO)C(=O)O,-4.0549,-8.236498
C[C@@H](O)[C@H](NC(=O)[C@H](Cc1ccc(O)cc1)[n+]1[c-]n2ccccc2c1)C(=O)N[C@@H](Cc1ccc(O)cc1)C(=O)O,-9.3204,-10.113985
C[C@@H](O)[C@H](NC(=O)[C@H](Cc1ccccc1)NC(=O)[C@H](CC(=O)O)[n+]1[c-]n2ccccc2c1)C(=O)O,-8.8754,-6.8168674
C[C@@H](O)[C@H](NC(=O)[C@H](Cc1ccccc1)NC(=O)[C@H](CCC(=O)O)[n+]1[c-]n2ccccc2c1)C(=O)O,-14.3904,-9.304733
C[C@@H](O)[C@H](NC(=O)[C@H](Cc1ccccc1)NC(=O)[C@H](Cc1c[nH]c2ccccc12)[n+]1[c-]n2ccccc2c1)C(=O)O,-1.9111,-8.244366
C[C@@H](O)[C@H](NC(=O)[C@H](Cc1ccccc1)[n+]1[c-]n2ccccc2c1)C(=O)N[C@@H](CCCNC(=N)N)C(=O)O,-12.704,-7.6661286
C[C@@H](O)[C@H](NC(=O)[C@H](Cc1ccccc1)[n+]1[c-]n2ccccc2c1)C(=O)N[C@@H](Cc1c[nH]cn1)C(=O)O,-4.7682,-9.116065
C[C@@H](O)[C@H](NC(=O)[C@H](Cc1ccccc1)[n+]1[c-]n2ccccc2c1)C(=O)N[C@@H](Cc1ccc(O)cc1)C(=O)O,-13.6947,-9.187066
C[C@@H](O)[C@H](NC(=O)[C@H](Cc1ccccc1)[n+]1[c-]n2ccccc2c1)C(=O)N[C@@H](Cc1ccccc1)C(=O)O,-9.1269,-9.369431
C[C@@H](O)[C@H](NC(=O)[C@H]([C@@H](C)O)[n+]1[c-]n2ccccc2c1)C(=O)N1CCC[C@H]1C(=O)O,-8.531,-8.377977
C[C@@H](O)[C@H](NC(=O)[C@H]([C@@H](C)O)[n+]1[c-]n2ccccc2c1)C(=O)N[C@@H](CC(N)=O)C(=O)O,-9.1812,-10.613983
C[C@@H](O)[C@H](NC(=O)[C@H]([C@@H](C)O)[n+]1[c-]n2ccccc2c1)C(=O)N[C@@H](CCCNC(=N)N)C(=O)O,-5.0817,-8.243497
C[C@H](NC(=O)CNC(=O)[C@H](CC(=O)O)[n+]1[c-]n2ccccc2c1)C(=O)O,-5.4541,-6.771219
C[C@H](NC(=O)CNC(=O)[C@H](Cc1c[nH]c2ccccc12)[n+]1[c-]n2ccccc2c1)C(=O)O,-9.6504,-6.880944
C[C@H](NC(=O)CNC(=O)[C@H](Cc1ccccc1)[n+]1[c-]n2ccccc2c1)C(=O)O,-10.7731,-9.357437
C[C@H](NC(=O)C[n+]1[c-]n2ccccc2c1)C(=O)N[C@@H](CC(=O)O)C(=O)O,-9.4675,-9.918131
C[C@H](NC(=O)[C@@H](NC(=O)[C@H](CC(=O)O)[n+]1[c-]n2ccccc2c1)[C@@H](C)O)C(=O)O,-3.5336,-5.3873267
C[C@H](NC(=O)[C@@H](NC(=O)[C@H](CC(N)=O)[n+]1[c-]n2ccccc2c1)[C@@H](C)O)C(=O)O,-7.8386,-8.160477
C[C@H](NC(=O)[C@@H](NC(=O)[C@H](CCCNC(=N)N)[n+]1[c-]n2ccccc2c1)[C@@H](C)O)C(=O)O,0.6126,-7.1871257
C[C@H](NC(=O)[C@@H](NC(=O)[C@H](CS)[n+]1[c-]n2ccccc2c1)[C@@H](C)O)C(=O)O,-0.6552,-6.131154
C[C@H](NC(=O)[C@@H](NC(=O)[C@H](Cc1ccc(O)cc1)[n+]1[c-]n2ccccc2c1)[C@@H](C)O)C(=O)O,-0.9439,-6.89377
C[C@H](NC(=O)[C@@H](NC(=O)[C@H](Cc1ccccc1)[n+]1[c-]n2ccccc2c1)[C@@H](C)O)C(=O)O,-4.2381,-7.8627014
C[C@H](NC(=O)[C@@H]1CCCN1C(=O)C[n+]1[c-]n2ccccc2c1)C(=O)O,-11.8023,-10.018175
C[C@H](NC(=O)[C@@H]1CCCN1C(=O)[C@H](Cc1c[nH]cn1)[n+]1[c-]n2ccccc2c1)C(=O)O,-7.368,-7.969577
C[C@H](NC(=O)[C@H](C)NC(=O)[C@H](C)[n+]1[c-]n2ccccc2c1)C(=O)O,-4.4263,-5.8836823
C[C@H](NC(=O)[C@H](C)NC(=O)[C@H](CCC(=O)O)[n+]1[c-]n2ccccc2c1)C(=O)O,-3.2756,-7.520882
C[C@H](NC(=O)[C@H](C)NC(=O)[C@H](CS)[n+]1[c-]n2ccccc2c1)C(=O)O,-5.8216,-5.9665575
C[C@H](NC(=O)[C@H](C)NC(=O)[C@H](Cc1c[nH]c2ccccc12)[n+]1[c-]n2ccccc2c1)C(=O)O,-2.1544,-6.128281
C[C@H](NC(=O)[C@H](C)[n+]1[c-]n2ccccc2c1)C(=O)N1CCC[C@H]1C(=O)O,-7.4247,-8.206661
C[C@H](NC(=O)[C@H](C)[n+]1[c-]n2ccccc2c1)C(=O)N[C@@H](CCC(=O)O)C(=O)O,-11.4305,-9.144095
C[C@H](NC(=O)[C@H](C)[n+]1[c-]n2ccccc2c1)C(=O)N[C@@H](Cc1ccccc1)C(=O)O,-4.9278,-8.357508
C[C@H](NC(=O)[C@H](C)[n+]1[c-]n2ccccc2c1)C(=O)O,-2.4374,-6.420579
C[C@H](NC(=O)[C@H](CC(=O)O)NC(=O)[C@H](CCCNC(=N)N)[n+]1[c-]n2ccccc2c1)C(=O)O,-4.3084,-7.860555
C[C@H](NC(=O)[C@H](CC(=O)O)NC(=O)[C@H](Cc1c[nH]cn1)[n+]1[c-]n2ccccc2c1)C(=O)O,-7.2318,-7.5055337
C[C@H](NC(=O)[C@H](CC(=O)O)[n+]1[c-]n2ccccc2c1)C(=O)NCC(=O)O,-5.349,-7.6410494
C[C@H](NC(=O)[C@H](CC(=O)O)[n+]1[c-]n2ccccc2c1)C(=O)N[C@@H](CC(=O)O)C(=O)O,-3.7526,-7.629475
C[C@H](NC(=O)[C@H](CC(=O)O)[n+]1[c-]n2ccccc2c1)C(=O)N[C@@H](CCCNC(=N)N)C(=O)O,-10.6476,-8.107926
C[C@H](NC(=O)[C@H](CC(=O)O)[n+]1[c-]n2ccccc2c1)C(=O)N[C@@H](Cc1c[nH]c2ccccc12)C(=O)O,-9.5509,-9.134123
C[C@H](NC(=O)[C@H](CC(=O)O)[n+]1[c-]n2ccccc2c1)C(=O)N[C@@H](Cc1c[nH]cn1)C(=O)O,-6.793,-8.196251
C[C@H](NC(=O)[C@H](CC(N)=O)NC(=O)[C@H](CCC(=O)O)[n+]1[c-]n2ccccc2c1)C(=O)O,-9.8852,-9.079881
C[C@H](NC(=O)[C@H](CC(N)=O)NC(=O)[C@H](CCCNC(=N)N)[n+]1[c-]n2ccccc2c1)C(=O)O,-4.9476,-10.299126
C[C@H](NC(=O)[C@H](CC(N)=O)NC(=O)[C@H](Cc1c[nH]c2ccccc12)[n+]1[c-]n2ccccc2c1)C(=O)O,-6.6183,-9.104298
C[C@H](NC(=O)[C@H](CC(N)=O)NC(=O)[C@H]([C@@H](C)O)[n+]1[c-]n2ccccc2c1)C(=O)O,-1.7532,-8.259238
C[C@H](NC(=O)[C@H](CC(N)=O)[n+]1[c-]n2ccccc2c1)C(=O)N[C@@H](CC(=O)O)C(=O)O,-6.3433,-10.026937
C[C@H](NC(=O)[C@H](CC(N)=O)[n+]1[c-]n2ccccc2c1)C(=O)N[C@@H](CCCNC(=N)N)C(=O)O,-14.4882,-10.123154
C[C@H](NC(=O)[C@H](CC(N)=O)[n+]1[c-]n2ccccc2c1)C(=O)N[C@@H](CS)C(=O)O,-10.8848,-8.78186
C[C@H](NC(=O)[C@H](CC(N)=O)[n+]1[c-]n2ccccc2c1)C(=O)N[C@H](C(=O)O)[C@@H](C)O,-5.2142,-8.672184
C[C@H](NC(=O)[C@H](CC(N)=O)[n+]1[c-]n2ccccc2c1)C(=O)O,-6.257,-6.7011423
C[C@H](NC(=O)[C@H](CCC(=O)O)NC(=O)C[n+]1[c-]n2ccccc2c1)C(=O)O,-9.0618,-9.833883
C[C@H](NC(=O)[C@H](CCC(=O)O)NC(=O)[C@H](CO)[n+]1[c-]n2ccccc2c1)C(=O)O,-8.8833,-8.723143
C[C@H](NC(=O)[C@H](CCC(=O)O)NC(=O)[C@H](CS)[n+]1[c-]n2ccccc2c1)C(=O)O,-5.6239,-7.892118
C[C@H](NC(=O)[C@H](CCC(=O)O)NC(=O)[C@H](Cc1ccc(O)cc1)[n+]1[c-]n2ccccc2c1)C(=O)O,-13.411,-9.501191
C[C@H](NC(=O)[C@H](CCC(=O)O)[n+]1[c-]n2ccccc2c1)C(=O)N[C@@H](CC(N)=O)C(=O)O,-11.5624,-11.376558
C[C@H](NC(=O)[C@H](CCC(=O)O)[n+]1[c-]n2ccccc2c1)C(=O)N[C@@H](CCC(N)=O)C(=O)O,-15.8376,-12.532586
C[C@H](NC(=O)[C@H](CCC(=O)O)[n+]1[c-]n2ccccc2c1)C(=O)N[C@@H](CCCNC(=N)N)C(=O)O,3.1027,-8.268179
C[C@H](NC(=O)[C@H](CCC(=O)O)[n+]1[c-]n2ccccc2c1)C(=O)N[C@@H](Cc1c[nH]cn1)C(=O)O,-1.1857,-9.979609
C[C@H](NC(=O)[C@H](CCC(=O)O)[n+]1[c-]n2ccccc2c1)C(=O)N[C@@H](Cc1ccc(O)cc1)C(=O)O,-6.3208,-10.266181
C[C@H](NC(=O)[C@H](CCC(N)=O)NC(=O)C[n+]1[c-]n2ccccc2c1)C(=O)O,-10.3661,-11.2162695
C[C@H](NC(=O)[C@H](CCC(N)=O)NC(=O)[C@H](CC(=O)O)[n+]1[c-]n2ccccc2c1)C(=O)O,-7.3891,-9.416868
C[C@H](NC(=O)[C@H](CCC(N)=O)NC(=O)[C@H](Cc1ccccc1)[n+]1[c-]n2ccccc2c1)C(=O)O,-11.9428,-11.383122
C[C@H](NC(=O)[C@H](CCC(N)=O)[n+]1[c-]n2ccccc2c1)C(=O)N1CCC[C@H]1C(=O)O,-8.62,-8.780039
C[C@H](NC(=O)[C@H](CCC(N)=O)[n+]1[c-]n2ccccc2c1)C(=O)N[C@@H](CO)C(=O)O,-4.0716,-10.082364
C[C@H](NC(=O)[C@H](CCCNC(=N)N)NC(=O)[C@H](CCCNC(=N)N)[n+]1[c-]n2ccccc2c1)C(=O)O,-5.0631,-7.205002
C[C@H](NC(=O)[C@H](CCCNC(=N)N)NC(=O)[C@H](CO)[n+]1[c-]n2ccccc2c1)C(=O)O,-8.4596,-7.557381
C[C@H](NC(=O)[C@H](CCCNC(=N)N)NC(=O)[C@H](CS)[n+]1[c-]n2ccccc2c1)C(=O)O,-7.4421,-6.9377103
C[C@H](NC(=O)[C@H](CCCNC(=N)N)[n+]1[c-]n2ccccc2c1)C(=O)N[C@@H](CC(=O)O)C(=O)O,-5.4152,-6.7384515
C[C@H](NC(=O)[C@H](CCCNC(=N)N)[n+]1[c-]n2ccccc2c1)C(=O)N[C@@H](CC(N)=O)C(=O)O,-13.3425,-9.766666
C[C@H](NC(=O)[C@H](CCCNC(=N)N)[n+]1[c-]n2ccccc2c1)C(=O)N[C@@H](Cc1c[nH]cn1)C(=O)O,-5.637,-7.1133847
C[C@H](NC(=O)[C@H](CCCNC(=N)N)[n+]1[c-]n2ccccc2c1)C(=O)N[C@H](C(=O)O)[C@@H](C)O,-4.8237,-6.3787594
C[C@H](NC(=O)[C@H](CO)NC(=O)[C@H](Cc1ccccc1)[n+]1[c-]n2ccccc2c1)C(=O)O,-8.3115,-8.105007
C[C@H](NC(=O)[C@H](CO)NC(=O)[C@H]([C@@H](C)O)[n+]1[c-]n2ccccc2c1)C(=O)O,-7.8884,-7.5471716
C[C@H](NC(=O)[C@H](CO)[n+]1[c-]n2ccccc2c1)C(=O)NCC(=O)O,-10.8004,-7.9352746
C[C@H](NC(=O)[C@H](CO)[n+]1[c-]n2ccccc2c1)C(=O)N[C@@H](CCCNC(=N)N)C(=O)O,-11.2454,-9.353407
C[C@H](NC(=O)[C@H](CO)[n+]1[c-]n2ccccc2c1)C(=O)N[C@@H](CS)C(=O)O,-10.5378,-7.6423087
C[C@H](NC(=O)[C@H](CO)[n+]1[c-]n2ccccc2c1)C(=O)N[C@@H](Cc1ccc(O)cc1)C(=O)O,-8.3321,-8.202068
C[C@H](NC(=O)[C@H](CO)[n+]1[c-]n2ccccc2c1)C(=O)N[C@@H](Cc1ccccc1)C(=O)O,-5.5603,-8.732476
C[C@H](NC(=O)[C@H](CO)[n+]1[c-]n2ccccc2c1)C(=O)N[C@H](C(=O)O)[C@@H](C)O,-5.0486,-8.55242
C[C@H](NC(=O)[C@H](CS)NC(=O)[C@H](CC(=O)O)[n+]1[c-]n2ccccc2c1)C(=O)O,-4.9856,-5.706077
C[C@H](NC(=O)[C@H](CS)NC(=O)[C@H](CC(N)=O)[n+]1[c-]n2ccccc2c1)C(=O)O,-9.305,-7.528125
C[C@H](NC(=O)[C@H](CS)NC(=O)[C@H](CO)[n+]1[c-]n2ccccc2c1)C(=O)O,-7.086,-6.766386
C[C@H](NC(=O)[C@H](CS)[n+]1[c-]n2ccccc2c1)C(=O)NCC(=O)O,3.9125,-7.9825573
C[C@H](NC(=O)[C@H](CS)[n+]1[c-]n2ccccc2c1)C(=O)N[C@@H](CC(=O)O)C(=O)O,-1.0425,-7.6859274
C[C@H](NC(=O)[C@H](CS)[n+]1[c-]n2ccccc2c1)C(=O)N[C@@H](CC(N)=O)C(=O)O,-10.6355,-9.8987
C[C@H](NC(=O)[C@H](Cc1c[nH]c2ccccc12)NC(=O)[C@H](CC(=O)O)[n+]1[c-]n2ccccc2c1)C(=O)O,-5.0055,-8.233215
C[C@H](NC(=O)[C@H](Cc1c[nH]c2ccccc12)NC(=O)[C@H](CCC(=O)O)[n+]1[c-]n2ccccc2c1)C(=O)O,-5.7653,-10.599634
C[C@H](NC(=O)[C@H](Cc1c[nH]c2ccccc12)[n+]1[c-]n2ccccc2c1)C(=O)N1CCC[C@H]1C(=O)O,-2.3869,-6.235827
C[C@H](NC(=O)[C@H](Cc1c[nH]c2ccccc12)[n+]1[c-]n2ccccc2c1)C(=O)N[C@@H](Cc1ccccc1)C(=O)O,-6.1864,-7.435662
C[C@H](NC(=O)[C@H](Cc1c[nH]c2ccccc12)[n+]1[c-]n2ccccc2c1)C(=O)O,-3.075,-6.680458
C[C@H](NC(=O)[C@H](Cc1c[nH]cn1)NC(=O)[C@H](C)[n+]1[c-]n2ccccc2c1)C(=O)O,-5.5216,-6.4737587
C[C@H](NC(=O)[C@H](Cc1c[nH]cn1)NC(=O)[C@H](CC(=O)O)[n+]1[c-]n2ccccc2c1)C(=O)O,-10.68,-7.662225
C[C@H](NC(=O)[C@H](Cc1c[nH]cn1)[n+]1[c-]n2ccccc2c1)C(=O)N1CCC[C@H]1C(=O)O,-11.8515,-7.9289804
C[C@H](NC(=O)[C@H](Cc1c[nH]cn1)[n+]1[c-]n2ccccc2c1)C(=O)N[C@@H](CCC(N)=O)C(=O)O,-7.7935,-10.579285
C[C@H](NC(=O)[C@H](Cc1c[nH]cn1)[n+]1[c-]n2ccccc2c1)C(=O)N[C@@H](CO)C(=O)O,-5.1133,-7.2899837
C[C@H](NC(=O)[C@H](Cc1c[nH]cn1)[n+]1[c-]n2ccccc2c1)C(=O)O,-6.3515,-7.2050643
C[C@H](NC(=O)[C@H](Cc1ccc(O)cc1)NC(=O)[C@H](C)[n+]1[c-]n2ccccc2c1)C(=O)O,-3.6755,-6.9170227
C[C@H](NC(=O)[C@H](Cc1ccc(O)cc1)NC(=O)[C@H](CCCNC(=N)N)[n+]1[c-]n2ccccc2c1)C(=O)O,-7.8372,-6.3689466
C[C@H](NC(=O)[C@H](Cc1ccc(O)cc1)NC(=O)[C@H](Cc1ccc(O)cc1)[n+]1[c-]n2ccccc2c1)C(=O)O,-10.8734,-8.795907
C[C@H](NC(=O)[C@H](Cc1ccc(O)cc1)NC(=O)[C@H](Cc1ccccc1)[n+]1[c-]n2ccccc2c1)C(=O)O,-9.0508,-7.4969854
C[C@H](NC(=O)[C@H](Cc1ccc(O)cc1)[n+]1[c-]n2ccccc2c1)C(=O)N1CCC[C@H]1C(=O)O,-9.4463,-8.227416
C[C@H](NC(=O)[C@H](Cc1ccc(O)cc1)[n+]1[c-]n2ccccc2c1)C(=O)N[C@@H](CC(N)=O)C(=O)O,-10.368,-9.756174
C[C@H](NC(=O)[C@H](Cc1ccc(O)cc1)[n+]1[c-]n2ccccc2c1)C(=O)N[C@@H](CCC(N)=O)C(=O)O,-3.2542,-10.457149
C[C@H](NC(=O)[C@H](Cc1ccc(O)cc1)[n+]1[c-]n2ccccc2c1)C(=O)N[C@@H](Cc1c[nH]cn1)C(=O)O,-8.853,-7.8008246
C[C@H](NC(=O)[C@H](Cc1ccc(O)cc1)[n+]1[c-]n2ccccc2c1)C(=O)O,-4.5769,-6.9323287
C[C@H](NC(=O)[C@H](Cc1ccccc1)NC(=O)[C@H](CC(N)=O)[n+]1[c-]n2ccccc2c1)C(=O)O,-6.3826,-9.142535
C[C@H](NC(=O)[C@H](Cc1ccccc1)NC(=O)[C@H](Cc1c[nH]cn1)[n+]1[c-]n2ccccc2c1)C(=O)O,-9.3484,-8.213156
C[C@H](NC(=O)[C@H](Cc1ccccc1)[n+]1[c-]n2ccccc2c1)C(=O)N[C@@H](CC(=O)O)C(=O)O,-11.0649,-8.512126
C[C@H](NC(=O)[C@H](Cc1ccccc1)[n+]1[c-]n2ccccc2c1)C(=O)N[C@@H](CC(N)=O)C(=O)O,-11.9413,-11.064104
C[C@H](NC(=O)[C@H](Cc1ccccc1)[n+]1[c-]n2ccccc2c1)C(=O)N[C@@H](CCC(=O)O)C(=O)O,-13.448,-10.02442
C[C@H](NC(=O)[C@H](Cc1ccccc1)[n+]1[c-]n2ccccc2c1)C(=O)N[C@@H](Cc1ccc(O)cc1)C(=O)O,-12.7519,-8.9950905
C[C@H](NC(=O)[C@H](Cc1ccccc1)[n+]1[c-]n2ccccc2c1)C(=O)N[C@@H](Cc1ccccc1)C(=O)O,-5.7187,-8.160786
C[C@H](NC(=O)[C@H]([C@@H](C)O)[n+]1[c-]n2ccccc2c1)C(=O)N[C@@H](CO)C(=O)O,-8.4815,-8.084447
N=C(N)NCCC[C@@H](C(=O)N1CCC[C@H]1C(=O)N[C@@H](CO)C(=O)O)[n+]1[c-]n2ccccc2c1,-2.3087,-5.8746915
N=C(N)NCCC[C@@H](C(=O)N1CCC[C@H]1C(=O)N[C@@H](Cc1c[nH]cn1)C(=O)O)[n+]1[c-]n2ccccc2c1,-8.9136,-3.7265189
N=C(N)NCCC[C@@H](C(=O)N1CCC[C@H]1C(=O)N[C@@H](Cc1ccc(O)cc1)C(=O)O)[n+]1[c-]n2ccccc2c1,1.7798,-6.446309
N=C(N)NCCC[C@@H](C(=O)NCC(=O)N[C@@H](CC(N)=O)C(=O)O)[n+]1[c-]n2ccccc2c1,-10.0677,-9.493694
N=C(N)NCCC[C@@H](C(=O)NCC(=O)N[C@@H](CCC(=O)O)C(=O)O)[n+]1[c-]n2ccccc2c1,-4.3304,-10.14304
N=C(N)NCCC[C@@H](C(=O)N[C@@H](CC(=O)O)C(=O)N[C@@H](CC(N)=O)C(=O)O)[n+]1[c-]n2ccccc2c1,-18.39,-11.733867
N=C(N)NCCC[C@@H](C(=O)N[C@@H](CC(=O)O)C(=O)N[C@@H](CCC(N)=O)C(=O)O)[n+]1[c-]n2ccccc2c1,-1.4964,-12.536924
N=C(N)NCCC[C@@H](C(=O)N[C@@H](CC(=O)O)C(=O)N[C@@H](Cc1c[nH]cn1)C(=O)O)[n+]1[c-]n2ccccc2c1,-8.6,-7.561102
N=C(N)NCCC[C@@H](C(=O)N[C@@H](CC(N)=O)C(=O)NCC(=O)O)[n+]1[c-]n2ccccc2c1,-8.4119,-9.092852
N=C(N)NCCC[C@@H](C(=O)N[C@@H](CC(N)=O)C(=O)N[C@@H](CCC(=O)O)C(=O)O)[n+]1[c-]n2ccccc2c1,-14.049,-12.341719
N=C(N)NCCC[C@@H](C(=O)N[C@@H](CCC(=O)O)C(=O)N[C@@H](CC(N)=O)C(=O)O)[n+]1[c-]n2ccccc2c1,-12.3065,-12.277912
N=C(N)NCCC[C@@H](C(=O)N[C@@H](CCC(=O)O)C(=O)N[C@@H](CO)C(=O)O)[n+]1[c-]n2ccccc2c1,-0.1416,-8.620604
N=C(N)NCCC[C@@H](C(=O)N[C@@H](CCC(=O)O)C(=O)N[C@@H](CS)C(=O)O)[n+]1[c-]n2ccccc2c1,-12.5706,-9.072173
N=C(N)NCCC[C@@H](C(=O)N[C@@H](CCC(=O)O)C(=O)N[C@@H](Cc1c[nH]c2ccccc12)C(=O)O)[n+]1[c-]n2ccccc2c1,-11.8994,-10.48144
N=C(N)NCCC[C@@H](C(=O)N[C@@H](CCC(=O)O)C(=O)O)[n+]1[c-]n2ccccc2c1,-9.482,-9.9019575
N=C(N)NCCC[C@@H](C(=O)N[C@@H](CCC(N)=O)C(=O)N[C@@H](CCC(N)=O)C(=O)O)[n+]1[c-]n2ccccc2c1,-24.2732,-10.932006
N=C(N)NCCC[C@@H](C(=O)N[C@@H](CCC(N)=O)C(=O)N[C@@H](Cc1c[nH]c2ccccc12)C(=O)O)[n+]1[c-]n2ccccc2c1,-18.909,-11.071716
N=C(N)NCCC[C@@H](C(=O)N[C@@H](CCC(N)=O)C(=O)N[C@@H](Cc1ccc(O)cc1)C(=O)O)[n+]1[c-]n2ccccc2c1,-14.1602,-10.14702
N=C(N)NCCC[C@@H](C(=O)N[C@@H](CCC(N)=O)C(=O)O)[n+]1[c-]n2ccccc2c1,-16.5078,-9.172074
N=C(N)NCCC[C@@H](C(=O)N[C@@H](CO)C(=O)N[C@@H](CC(=O)O)C(=O)O)[n+]1[c-]n2ccccc2c1,-5.1967,-8.09048
N=C(N)NCCC[C@@H](C(=O)N[C@@H](CO)C(=O)N[C@@H](CO)C(=O)O)[n+]1[c-]n2ccccc2c1,-0.257,-8.338668
N=C(N)NCCC[C@@H](C(=O)N[C@@H](CS)C(=O)N1CCC[C@H]1C(=O)O)[n+]1[c-]n2ccccc2c1,-7.4108,-6.9076543
N=C(N)NCCC[C@@H](C(=O)N[C@@H](CS)C(=O)NCC(=O)O)[n+]1[c-]n2ccccc2c1,-5.9203,-8.315118
N=C(N)NCCC[C@@H](C(=O)N[C@@H](CS)C(=O)N[C@@H](CC(N)=O)C(=O)O)[n+]1[c-]n2ccccc2c1,-16.7114,-10.025363
N=C(N)NCCC[C@@H](C(=O)N[C@@H](Cc1c[nH]c2ccccc12)C(=O)N1CCC[C@H]1C(=O)O)[n+]1[c-]n2ccccc2c1,-18.6748,-5.450865
N=C(N)NCCC[C@@H](C(=O)N[C@@H](Cc1c[nH]c2ccccc12)C(=O)N[C@@H](CC(=O)O)C(=O)O)[n+]1[c-]n2ccccc2c1,-9.3786,-9.761033
N=C(N)NCCC[C@@H](C(=O)N[C@@H](Cc1c[nH]c2ccccc12)C(=O)N[C@@H](CCC(N)=O)C(=O)O)[n+]1[c-]n2ccccc2c1,-13.523,-11.415965
N=C(N)NCCC[C@@H](C(=O)N[C@@H](Cc1c[nH]c2ccccc12)C(=O)N[C@@H](Cc1c[nH]c2ccccc12)C(=O)O)[n+]1[c-]n2ccccc2c1,-12.8639,-9.151755
N=C(N)NCCC[C@@H](C(=O)N[C@@H](Cc1c[nH]c2ccccc12)C(=O)N[C@@H](Cc1c[nH]cn1)C(=O)O)[n+]1[c-]n2ccccc2c1,-18.6688,-11.003775
N=C(N)NCCC[C@@H](C(=O)N[C@@H](Cc1c[nH]cn1)C(=O)N[C@@H](CCC(N)=O)C(=O)O)[n+]1[c-]n2ccccc2c1,-13.3668,-9.585556
N=C(N)NCCC[C@@H](C(=O)N[C@@H](Cc1ccc(O)cc1)C(=O)N[C@@H](CCC(N)=O)C(=O)O)[n+]1[c-]n2ccccc2c1,-23.5049,-9.918761
N=C(N)NCCC[C@@H](C(=O)N[C@@H](Cc1ccc(O)cc1)C(=O)N[C@@H](Cc1ccc(O)cc1)C(=O)O)[n+]1[c-]n2ccccc2c1,-5.2794,-7.8215456
N=C(N)NCCC[C@@H](C(=O)N[C@@H](Cc1ccc(O)cc1)C(=O)N[C@@H](Cc1ccccc1)C(=O)O)[n+]1[c-]n2ccccc2c1,-11.7331,-7.1988482
N=C(N)NCCC[C@@H](C(=O)N[C@@H](Cc1ccc(O)cc1)C(=O)O)[n+]1[c-]n2ccccc2c1,-9.9289,-7.333653
N=C(N)NCCC[C@@H](C(=O)N[C@@H](Cc1ccccc1)C(=O)NCC(=O)O)[n+]1[c-]n2ccccc2c1,-6.2309,-8.1763525
N=C(N)NCCC[C@@H](C(=O)N[C@@H](Cc1ccccc1)C(=O)N[C@@H](CO)C(=O)O)[n+]1[c-]n2ccccc2c1,-11.8901,-7.7705193
N=C(N)NCCC[C@H](NC(=O)CNC(=O)[C@H](CCC(=O)O)[n+]1[c-]n2ccccc2c1)C(=O)O,-7.011,-9.742112
N=C(N)NCCC[C@H](NC(=O)CNC(=O)[C@H](CO)[n+]1[c-]n2ccccc2c1)C(=O)O,-9.308,-8.646639
N=C(N)NCCC[C@H](NC(=O)[C@@H]1CCCN1C(=O)[C@H](CC(=O)O)[n+]1[c-]n2ccccc2c1)C(=O)O,-6.8635,-6.1405506
N=C(N)NCCC[C@H](NC(=O)[C@@H]1CCCN1C(=O)[C@H](Cc1c[nH]c2ccccc12)[n+]1[c-]n2ccccc2c1)C(=O)O,-5.758,-5.5983105
N=C(N)NCCC[C@H](NC(=O)[C@@H]1CCCN1C(=O)[C@H](Cc1c[nH]cn1)[n+]1[c-]n2ccccc2c1)C(=O)O,-7.3557,-4.7342606
N=C(N)NCCC[C@H](NC(=O)[C@@H]1CCCN1C(=O)[C@H](Cc1ccccc1)[n+]1[c-]n2ccccc2c1)C(=O)O,-14.2627,-7.757124
N=C(N)NCCC[C@H](NC(=O)[C@H](CC(=O)O)NC(=O)[C@H](CCCNC(=N)N)[n+]1[c-]n2ccccc2c1)C(=O)O,-9.2291,-8.953673
N=C(N)NCCC[C@H](NC(=O)[C@H](CC(=O)O)NC(=O)[C@H](CS)[n+]1[c-]n2ccccc2c1)C(=O)O,-3.2993,-9.572381
N=C(N)NCCC[C@H](NC(=O)[C@H](CC(=O)O)NC(=O)[C@H](Cc1c[nH]c2ccccc12)[n+]1[c-]n2ccccc2c1)C(=O)O,-3.7686,-9.421605
N=C(N)NCCC[C@H](NC(=O)[C@H](CC(=O)O)NC(=O)[C@H](Cc1ccc(O)cc1)[n+]1[c-]n2ccccc2c1)C(=O)O,-6.1099,-8.701299
N=C(N)NCCC[C@H](NC(=O)[C@H](CC(=O)O)[n+]1[c-]n2ccccc2c1)C(=O)N[C@@H](CC(=O)O)C(=O)O,-7.4318,-9.948277
N=C(N)NCCC[C@H](NC(=O)[C@H](CC(=O)O)[n+]1[c-]n2ccccc2c1)C(=O)N[C@@H](CS)C(=O)O,-7.566,-8.831059
N=C(N)NCCC[C@H](NC(=O)[C@H](CC(N)=O)[n+]1[c-]n2ccccc2c1)C(=O)N[C@@H](CC(=O)O)C(=O)O,-4.1904,-12.810929
N=C(N)NCCC[C@H](NC(=O)[C@H](CC(N)=O)[n+]1[c-]n2ccccc2c1)C(=O)N[C@@H](CCC(N)=O)C(=O)O,-13.0587,-12.8605795
N=C(N)NCCC[C@H](NC(=O)[C@H](CC(N)=O)[n+]1[c-]n2ccccc2c1)C(=O)N[C@@H](CO)C(=O)O,-8.2429,-10.196769
N=C(N)NCCC[C@H](NC(=O)[C@H](CC(N)=O)[n+]1[c-]n2ccccc2c1)C(=O)N[C@@H](CS)C(=O)O,-12.9653,-10.150554
N=C(N)NCCC[C@H](NC(=O)[C@H](CC(N)=O)[n+]1[c-]n2ccccc2c1)C(=O)N[C@@H](Cc1ccccc1)C(=O)O,-12.7162,-9.727351
N=C(N)NCCC[C@H](NC(=O)[C@H](CC(N)=O)[n+]1[c-]n2ccccc2c1)C(=O)O,-3.7908,-9.846679
N=C(N)NCCC[C@H](NC(=O)[C@H](CCC(=O)O)NC(=O)C[n+]1[c-]n2ccccc2c1)C(=O)O,-21.5253,-11.344965
N=C(N)NCCC[C@H](NC(=O)[C@H](CCC(=O)O)NC(=O)[C@H](Cc1ccc(O)cc1)[n+]1[c-]n2ccccc2c1)C(=O)O,-10.5881,-8.770654
N=C(N)NCCC[C@H](NC(=O)[C@H](CCC(=O)O)[n+]1[c-]n2ccccc2c1)C(=O)N1CCC[C@H]1C(=O)O,-12.4397,-7.014024
N=C(N)NCCC[C@H](NC(=O)[C@H](CCC(=O)O)[n+]1[c-]n2ccccc2c1)C(=O)N[C@@H](CCC(=O)O)C(=O)O,-10.5399,-10.404162
N=C(N)NCCC[C@H](NC(=O)[C@H](CCC(N)=O)NC(=O)[C@H](Cc1c[nH]cn1)[n+]1[c-]n2ccccc2c1)C(=O)O,-18.1555,-11.164204
N=C(N)NCCC[C@H](NC(=O)[C@H](CCC(N)=O)[n+]1[c-]n2ccccc2c1)C(=O)NCC(=O)O,-14.3865,-11.387788
N=C(N)NCCC[C@H](NC(=O)[C@H](CCC(N)=O)[n+]1[c-]n2ccccc2c1)C(=O)N[C@@H](Cc1c[nH]c2ccccc12)C(=O)O,-14.6488,-11.78331
N=C(N)NCCC[C@H](NC(=O)[C@H](CCC(N)=O)[n+]1[c-]n2ccccc2c1)C(=O)N[C@@H](Cc1ccc(O)cc1)C(=O)O,-4.292,-10.035854
N=C(N)NCCC[C@H](NC(=O)[C@H](CCCNC(=N)N)[n+]1[c-]n2ccccc2c1)C(=O)NCC(=O)O,-13.2999,-6.6990476
N=C(N)NCCC[C@H](NC(=O)[C@H](CCCNC(=N)N)[n+]1[c-]n2ccccc2c1)C(=O)N[C@@H](CCC(=O)O)C(=O)O,-8.8981,-9.131315
N=C(N)NCCC[C@H](NC(=O)[C@H](CO)NC(=O)[C@H](CCC(=O)O)[n+]1[c-]n2ccccc2c1)C(=O)O,-6.9313,-9.4463415
N=C(N)NCCC[C@H](NC(=O)[C@H](CO)NC(=O)[C@H](CCC(N)=O)[n+]1[c-]n2ccccc2c1)C(=O)O,-5.0187,-11.344624
N=C(N)NCCC[C@H](NC(=O)[C@H](CO)NC(=O)[C@H](Cc1c[nH]c2ccccc12)[n+]1[c-]n2ccccc2c1)C(=O)O,-10.4941,-9.867037
N=C(N)NCCC[C@H](NC(=O)[C@H](CO)[n+]1[c-]n2ccccc2c1)C(=O)N1CCC[C@H]1C(=O)O,-7.1777,-6.241944
N=C(N)NCCC[C@H](NC(=O)[C@H](CO)[n+]1[c-]n2ccccc2c1)C(=O)N[C@@H](CC(N)=O)C(=O)O,-21.2141,-10.525407
N=C(N)NCCC[C@H](NC(=O)[C@H](CS)NC(=O)[C@H](CCCNC(=N)N)[n+]1[c-]n2ccccc2c1)C(=O)O,-7.3365,-7.051798
N=C(N)NCCC[C@H](NC(=O)[C@H](CS)NC(=O)[C@H](CS)[n+]1[c-]n2ccccc2c1)C(=O)O,-7.6355,-7.7108254
N=C(N)NCCC[C@H](NC(=O)[C@H](CS)NC(=O)[C@H](Cc1c[nH]c2ccccc12)[n+]1[c-]n2ccccc2c1)C(=O)O,-16.2515,-7.954591
N=C(N)NCCC[C@H](NC(=O)[C@H](CS)NC(=O)[C@H](Cc1ccc(O)cc1)[n+]1[c-]n2ccccc2c1)C(=O)O,-13.4664,-8.356321
N=C(N)NCCC[C@H](NC(=O)[C@H](CS)[n+]1[c-]n2ccccc2c1)C(=O)NCC(=O)O,-3.9807,-8.811867
N=C(N)NCCC[C@H](NC(=O)[C@H](CS)[n+]1[c-]n2ccccc2c1)C(=O)N[C@@H](Cc1c[nH]cn1)C(=O)O,-9.8598,-7.7466664
N=C(N)NCCC[C@H](NC(=O)[C@H](Cc1c[nH]c2ccccc12)NC(=O)[C@H](CCCNC(=N)N)[n+]1[c-]n2ccccc2c1)C(=O)O,-7.8658,-5.598591
N=C(N)NCCC[C@H](NC(=O)[C@H](Cc1c[nH]c2ccccc12)NC(=O)[C@H](CS)[n+]1[c-]n2ccccc2c1)C(=O)O,-12.2116,-7.933555
N=C(N)NCCC[C@H](NC(=O)[C@H](Cc1c[nH]c2ccccc12)[n+]1[c-]n2ccccc2c1)C(=O)N[C@@H](Cc1ccccc1)C(=O)O,-7.6911,-10.398761
N=C(N)NCCC[C@H](NC(=O)[C@H](Cc1c[nH]cn1)NC(=O)[C@H](CCC(=O)O)[n+]1[c-]n2ccccc2c1)C(=O)O,-4.8356,-8.273153
N=C(N)NCCC[C@H](NC(=O)[C@H](Cc1c[nH]cn1)NC(=O)[C@H](CCCNC(=N)N)[n+]1[c-]n2ccccc2c1)C(=O)O,-12.4144,-9.696244
N=C(N)NCCC[C@H](NC(=O)[C@H](Cc1c[nH]cn1)NC(=O)[C@H](CS)[n+]1[c-]n2ccccc2c1)C(=O)O,-9.3693,-7.7949986
N=C(N)NCCC[C@H](NC(=O)[C@H](Cc1c[nH]cn1)NC(=O)[C@H](Cc1c[nH]c2ccccc12)[n+]1[c-]n2ccccc2c1)C(=O)O,-12.126,-10.058844
N=C(N)NCCC[C@H](NC(=O)[C@H](Cc1c[nH]cn1)NC(=O)[C@H](Cc1ccc(O)cc1)[n+]1[c-]n2ccccc2c1)C(=O)O,-9.4702,-7.2013035
N=C(N)NCCC[C@H](NC(=O)[C@H](Cc1c[nH]cn1)[n+]1[c-]n2ccccc2c1)C(=O)N[C@@H](CCC(N)=O)C(=O)O,-5.0974,-10.074879
N=C(N)NCCC[C@H](NC(=O)[C@H](Cc1ccc(O)cc1)NC(=O)[C@H](CCC(=O)O)[n+]1[c-]n2ccccc2c1)C(=O)O,-4.4158,-8.461621
N=C(N)NCCC[C@H](NC(=O)[C@H](Cc1ccc(O)cc1)NC(=O)[C@H](CS)[n+]1[c-]n2ccccc2c1)C(=O)O,-7.4342,-8.341694
N=C(N)NCCC[C@H](NC(=O)[C@H](Cc1ccc(O)cc1)NC(=O)[C@H](Cc1ccccc1)[n+]1[c-]n2ccccc2c1)C(=O)O,-16.1063,-7.459208
N=C(N)NCCC[C@H](NC(=O)[C@H](Cc1ccc(O)cc1)[n+]1[c-]n2ccccc2c1)C(=O)N[C@@H](CC(N)=O)C(=O)O,-8.4108,-9.559798
N=C(N)NCCC[C@H](NC(=O)[C@H](Cc1ccc(O)cc1)[n+]1[c-]n2ccccc2c1)C(=O)N[C@@H](CO)C(=O)O,-9.4224,-6.97478
N=C(N)NCCC[C@H](NC(=O)[C@H](Cc1ccc(O)cc1)[n+]1[c-]n2ccccc2c1)C(=O)N[C@@H](Cc1c[nH]cn1)C(=O)O,-6.1427,-7.106413
N=C(N)NCCC[C@H](NC(=O)[C@H](Cc1ccc(O)cc1)[n+]1[c-]n2ccccc2c1)C(=O)O,-10.754,-7.3443093
N=C(N)NCCC[C@H](NC(=O)[C@H](Cc1ccccc1)NC(=O)C[n+]1[c-]n2ccccc2c1)C(=O)O,-11.791,-10.544671
N=C(N)NCCC[C@H](NC(=O)[C@H](Cc1ccccc1)NC(=O)[C@H](CO)[n+]1[c-]n2ccccc2c1)C(=O)O,-9.6426,-8.218461
N=C(N)NCCC[C@H](NC(=O)[C@H](Cc1ccccc1)NC(=O)[C@H](Cc1ccccc1)[n+]1[c-]n2ccccc2c1)C(=O)O,-17.8559,-8.6632595
NC(=O)CC[C@@H](C(=O)N1CCC[C@H]1C(=O)N[C@@H](CO)C(=O)O)[n+]1[c-]n2ccccc2c1,-3.5339,-9.090956
NC(=O)CC[C@@H](C(=O)N1CCC[C@H]1C(=O)N[C@@H](Cc1c[nH]cn1)C(=O)O)[n+]1[c-]n2ccccc2c1,-6.1833,-7.9831834
NC(=O)CC[C@@H](C(=O)N1CCC[C@H]1C(=O)N[C@@H](Cc1ccccc1)C(=O)O)[n+]1[c-]n2ccccc2c1,-8.4608,-8.776524
NC(=O)CC[C@@H](C(=O)NCC(=O)NCC(=O)O)[n+]1[c-]n2ccccc2c1,-4.1557,-9.271036
NC(=O)CC[C@@H](C(=O)NCC(=O)N[C@@H](CO)C(=O)O)[n+]1[c-]n2ccccc2c1,-6.3604,-9.974205
NC(=O)CC[C@@H](C(=O)N[C@@H](CC(=O)O)C(=O)N[C@@H](CC(=O)O)C(=O)O)[n+]1[c-]n2ccccc2c1,-13.3843,-11.522757
NC(=O)CC[C@@H](C(=O)N[C@@H](CC(=O)O)C(=O)N[C@@H](Cc1ccc(O)cc1)C(=O)O)[n+]1[c-]n2ccccc2c1,-6.793,-11.461138
NC(=O)CC[C@@H](C(=O)N[C@@H](CC(N)=O)C(=O)N[C@@H](CO)C(=O)O)[n+]1[c-]n2ccccc2c1,-10.2858,-11.0437155
NC(=O)CC[C@@H](C(=O)N[C@@H](CC(N)=O)C(=O)N[C@@H](Cc1c[nH]cn1)C(=O)O)[n+]1[c-]n2ccccc2c1,-6.5222,-12.149029
NC(=O)CC[C@@H](C(=O)N[C@@H](CCC(=O)O)C(=O)N[C@@H](CC(N)=O)C(=O)O)[n+]1[c-]n2ccccc2c1,-13.5962,-13.580156
NC(=O)CC[C@@H](C(=O)N[C@@H](CCC(=O)O)C(=O)N[C@@H](CO)C(=O)O)[n+]1[c-]n2ccccc2c1,-14.9908,-12.771572
NC(=O)CC[C@@H](C(=O)N[C@@H](CCC(=O)O)C(=O)N[C@@H](Cc1c[nH]cn1)C(=O)O)[n+]1[c-]n2ccccc2c1,-7.6112,-11.099535
NC(=O)CC[C@@H](C(=O)N[C@@H](CO)C(=O)N[C@@H](CC(N)=O)C(=O)O)[n+]1[c-]n2ccccc2c1,-12.0263,-11.528711
NC(=O)CC[C@@H](C(=O)N[C@@H](CO)C(=O)N[C@@H](CS)C(=O)O)[n+]1[c-]n2ccccc2c1,-7.6623,-11.50509
NC(=O)CC[C@@H](C(=O)N[C@@H](CO)C(=O)N[C@@H](Cc1ccc(O)cc1)C(=O)O)[n+]1[c-]n2ccccc2c1,-5.6028,-10.821094
NC(=O)CC[C@@H](C(=O)N[C@@H](CS)C(=O)N[C@@H](CC(=O)O)C(=O)O)[n+]1[c-]n2ccccc2c1,-17.1654,-11.64932
NC(=O)CC[C@@H](C(=O)N[C@@H](CS)C(=O)N[C@@H](CO)C(=O)O)[n+]1[c-]n2ccccc2c1,-2.2474,-11.415775
NC(=O)CC[C@@H](C(=O)N[C@@H](CS)C(=O)N[C@@H](CS)C(=O)O)[n+]1[c-]n2ccccc2c1,-4.818,-9.72916
NC(=O)CC[C@@H](C(=O)N[C@@H](CS)C(=O)N[C@@H](Cc1c[nH]cn1)C(=O)O)[n+]1[c-]n2ccccc2c1,-8.2195,-10.657416
NC(=O)CC[C@@H](C(=O)N[C@@H](Cc1c[nH]c2ccccc12)C(=O)N[C@@H](CC(=O)O)C(=O)O)[n+]1[c-]n2ccccc2c1,-14.0661,-13.676192
NC(=O)CC[C@@H](C(=O)N[C@@H](Cc1c[nH]c2ccccc12)C(=O)N[C@@H](CO)C(=O)O)[n+]1[c-]n2ccccc2c1,-11.2546,-11.723555
NC(=O)CC[C@@H](C(=O)N[C@@H](Cc1c[nH]cn1)C(=O)N[C@@H](CC(=O)O)C(=O)O)[n+]1[c-]n2ccccc2c1,-9.4391,-10.695473
NC(=O)CC[C@@H](C(=O)N[C@@H](Cc1c[nH]cn1)C(=O)N[C@@H](CCC(=O)O)C(=O)O)[n+]1[c-]n2ccccc2c1,-25.4093,-11.287735
NC(=O)CC[C@@H](C(=O)N[C@@H](Cc1ccc(O)cc1)C(=O)N1CCC[C@H]1C(=O)O)[n+]1[c-]n2ccccc2c1,-6.3317,-8.475729
NC(=O)CC[C@@H](C(=O)N[C@@H](Cc1ccc(O)cc1)C(=O)N[C@@H](CC(N)=O)C(=O)O)[n+]1[c-]n2ccccc2c1,-7.0182,-11.002931
NC(=O)CC[C@@H](C(=O)N[C@@H](Cc1ccc(O)cc1)C(=O)N[C@@H](CS)C(=O)O)[n+]1[c-]n2ccccc2c1,-12.8354,-9.926593
NC(=O)CC[C@H](NC(=O)CNC(=O)[C@H](Cc1ccccc1)[n+]1[c-]n2ccccc2c1)C(=O)O,-14.1344,-10.696396
NC(=O)CC[C@H](NC(=O)C[n+]1[c-]n2ccccc2c1)C(=O)N[C@@H](Cc1ccccc1)C(=O)O,-17.7248,-13.225828
NC(=O)CC[C@H](NC(=O)C[n+]1[c-]n2ccccc2c1)C(=O)O,-13.565,-10.188694
NC(=O)CC[C@H](NC(=O)[C@@H]1CCCN1C(=O)[C@H](CC(=O)O)[n+]1[c-]n2ccccc2c1)C(=O)O,-10.6815,-8.909399
NC(=O)CC[C@H](NC(=O)[C@@H]1CCCN1C(=O)[C@H](CC(N)=O)[n+]1[c-]n2ccccc2c1)C(=O)O,-4.7379,-7.9319334
NC(=O)CC[C@H](NC(=O)[C@@H]1CCCN1C(=O)[C@H](Cc1c[nH]cn1)[n+]1[c-]n2ccccc2c1)C(=O)O,-8.3649,-8.912204
NC(=O)CC[C@H](NC(=O)[C@H](CC(=O)O)NC(=O)C[n+]1[c-]n2ccccc2c1)C(=O)O,-19.6505,-13.749531
NC(=O)CC[C@H](NC(=O)[C@H](CC(=O)O)NC(=O)[C@H](CC(=O)O)[n+]1[c-]n2ccccc2c1)C(=O)O,-13.3112,-11.673818
NC(=O)CC[C@H](NC(=O)[C@H](CC(=O)O)[n+]1[c-]n2ccccc2c1)C(=O)NCC(=O)O,-10.1887,-10.990704
NC(=O)CC[C@H](NC(=O)[C@H](CC(N)=O)NC(=O)C[n+]1[c-]n2ccccc2c1)C(=O)O,-10.9985,-12.584822
NC(=O)CC[C@H](NC(=O)[C@H](CC(N)=O)NC(=O)[C@H](CCC(N)=O)[n+]1[c-]n2ccccc2c1)C(=O)O,-14.292,-12.4306135
NC(=O)CC[C@H](NC(=O)[C@H](CC(N)=O)NC(=O)[C@H](CS)[n+]1[c-]n2ccccc2c1)C(=O)O,-9.3465,-11.309044
NC(=O)CC[C@H](NC(=O)[C@H](CC(N)=O)[n+]1[c-]n2ccccc2c1)C(=O)N[C@@H](CS)C(=O)O,-12.8802,-11.138492
NC(=O)CC[C@H](NC(=O)[C@H](CC(N)=O)[n+]1[c-]n2ccccc2c1)C(=O)N[C@@H](Cc1ccc(O)cc1)C(=O)O,-7.3024,-9.757763
NC(=O)CC[C@H](NC(=O)[C@H](CCC(=O)O)NC(=O)[C@H](Cc1c[nH]c2ccccc12)[n+]1[c-]n2ccccc2c1)C(=O)O,-14.1216,-12.904801
NC(=O)CC[C@H](NC(=O)[C@H](CCC(=O)O)[n+]1[c-]n2ccccc2c1)C(=O)N[C@@H](CO)C(=O)O,-19.1278,-12.338302
NC(=O)CC[C@H](NC(=O)[C@H](CCC(N)=O)NC(=O)[C@H](Cc1c[nH]c2ccccc12)[n+]1[c-]n2ccccc2c1)C(=O)O,-23.6946,-14.188385
NC(=O)CC[C@H](NC(=O)[C@H](CCC(N)=O)[n+]1[c-]n2ccccc2c1)C(=O)N1CCC[C@H]1C(=O)O,-6.2524,-9.257451
NC(=O)CC[C@H](NC(=O)[C@H](CO)NC(=O)[C@H](CCC(=O)O)[n+]1[c-]n2ccccc2c1)C(=O)O,-13.7194,-12.279025
NC(=O)CC[C@H](NC(=O)[C@H](CO)NC(=O)[C@H](CS)[n+]1[c-]n2ccccc2c1)C(=O)O,-14.6516,-11.262924
NC(=O)CC[C@H](NC(=O)[C@H](CO)NC(=O)[C@H](Cc1ccc(O)cc1)[n+]1[c-]n2ccccc2c1)C(=O)O,-12.0888,-11.186222
NC(=O)CC[C@H](NC(=O)[C@H](CS)NC(=O)[C@H](Cc1ccccc1)[n+]1[c-]n2ccccc2c1)C(=O)O,-15.6841,-10.222059
NC(=O)CC[C@H](NC(=O)[C@H](CS)[n+]1[c-]n2ccccc2c1)C(=O)NCC(=O)O,-6.6753,-11.0089855
NC(=O)CC[C@H](NC(=O)[C@H](CS)[n+]1[c-]n2ccccc2c1)C(=O)N[C@@H](CS)C(=O)O,-18.743,-9.79362
NC(=O)CC[C@H](NC(=O)[C@H](Cc1c[nH]c2ccccc12)NC(=O)[C@H](CC(N)=O)[n+]1[c-]n2ccccc2c1)C(=O)O,-13.6016,-13.74213
NC(=O)CC[C@H](NC(=O)[C@H](Cc1c[nH]c2ccccc12)NC(=O)[C@H](CCC(N)=O)[n+]1[c-]n2ccccc2c1)C(=O)O,-14.3914,-14.248446
NC(=O)CC[C@H](NC(=O)[C@H](Cc1c[nH]c2ccccc12)NC(=O)[C@H](CO)[n+]1[c-]n2ccccc2c1)C(=O)O,-11.5762,-12.438458
NC(=O)CC[C@H](NC(=O)[C@H](Cc1c[nH]c2ccccc12)NC(=O)[C@H](Cc1c[nH]cn1)[n+]1[c-]n2ccccc2c1)C(=O)O,-12.7258,-14.439326
NC(=O)CC[C@H](NC(=O)[C@H](Cc1c[nH]c2ccccc12)[n+]1[c-]n2ccccc2c1)C(=O)N[C@@H](CO)C(=O)O,-8.0068,-11.824883
NC(=O)CC[C@H](NC(=O)[C@H](Cc1c[nH]c2ccccc12)[n+]1[c-]n2ccccc2c1)C(=O)N[C@@H](Cc1c[nH]c2ccccc12)C(=O)O,-13.8897,-13.073591
NC(=O)CC[C@H](NC(=O)[C@H](Cc1c[nH]cn1)NC(=O)[C@H](CC(N)=O)[n+]1[c-]n2ccccc2c1)C(=O)O,-12.5645,-11.871555
NC(=O)CC[C@H](NC(=O)[C@H](Cc1c[nH]cn1)[n+]1[c-]n2ccccc2c1)C(=O)N[C@@H](Cc1ccccc1)C(=O)O,-13.836,-11.948427
NC(=O)CC[C@H](NC(=O)[C@H](Cc1ccc(O)cc1)NC(=O)C[n+]1[c-]n2ccccc2c1)C(=O)O,2.4659,-11.115384
NC(=O)CC[C@H](NC(=O)[C@H](Cc1ccc(O)cc1)NC(=O)[C@H](CS)[n+]1[c-]n2ccccc2c1)C(=O)O,-15.4992,-10.258126
NC(=O)CC[C@H](NC(=O)[C@H](Cc1ccc(O)cc1)NC(=O)[C@H](Cc1ccc(O)cc1)[n+]1[c-]n2ccccc2c1)C(=O)O,-8.9402,-10.808807
NC(=O)CC[C@H](NC(=O)[C@H](Cc1ccc(O)cc1)[n+]1[c-]n2ccccc2c1)C(=O)N1CCC[C@H]1C(=O)O,-13.0319,-10.033196
NC(=O)CC[C@H](NC(=O)[C@H](Cc1ccc(O)cc1)[n+]1[c-]n2ccccc2c1)C(=O)N[C@@H](CC(N)=O)C(=O)O,-17.8182,-10.77013
NC(=O)CC[C@H](NC(=O)[C@H](Cc1ccc(O)cc1)[n+]1[c-]n2ccccc2c1)C(=O)N[C@@H](CS)C(=O)O,-9.1177,-10.472482
NC(=O)CC[C@H](NC(=O)[C@H](Cc1ccccc1)NC(=O)[C@H](CCC(=O)O)[n+]1[c-]n2ccccc2c1)C(=O)O,-9.8157,-13.866073
NC(=O)CC[C@H](NC(=O)[C@H](Cc1ccccc1)[n+]1[c-]n2ccccc2c1)C(=O)N[C@@H](Cc1ccccc1)C(=O)O,-14.9126,-12.194926
NC(=O)C[C@@H](C(=O)N1CCC[C@H]1C(=O)NCC(=O)O)[n+]1[c-]n2ccccc2c1,-6.0953,-7.4780426
NC(=O)C[C@@H](C(=O)N1CCC[C@H]1C(=O)N[C@@H](CC(=O)O)C(=O)O)[n+]1[c-]n2ccccc2c1,-4.3543,-8.020444
NC(=O)C[C@@H](C(=O)N1CCC[C@H]1C(=O)N[C@@H](CS)C(=O)O)[n+]1[c-]n2ccccc2c1,-2.0328,-7.67927
NC(=O)C[C@@H](C(=O)N1CCC[C@H]1C(=O)N[C@@H](Cc1ccccc1)C(=O)O)[n+]1[c-]n2ccccc2c1,-5.6431,-8.709783
NC(=O)C[C@@H](C(=O)NCC(=O)N[C@@H](CO)C(=O)O)[n+]1[c-]n2ccccc2c1,-4.5261,-9.624025
NC(=O)C[C@@H](C(=O)NCC(=O)N[C@@H](Cc1ccc(O)cc1)C(=O)O)[n+]1[c-]n2ccccc2c1,-11.1239,-9.270129
NC(=O)C[C@@H](C(=O)N[C@@H](CC(=O)O)C(=O)O)[n+]1[c-]n2ccccc2c1,-8.3474,-7.908133
NC(=O)C[C@@H](C(=O)N[C@@H](CCC(=O)O)C(=O)N1CCC[C@H]1C(=O)O)[n+]1[c-]n2ccccc2c1,-11.7121,-8.675586
NC(=O)C[C@@H](C(=O)N[C@@H](CCC(=O)O)C(=O)N[C@@H](CC(=O)O)C(=O)O)[n+]1[c-]n2ccccc2c1,-8.373,-11.1535845
NC(=O)C[C@@H](C(=O)N[C@@H](CCC(=O)O)C(=O)N[C@@H](Cc1ccccc1)C(=O)O)[n+]1[c-]n2ccccc2c1,-10.902,-12.421096
NC(=O)C[C@@H](C(=O)N[C@@H](CO)C(=O)N[C@@H](Cc1ccc(O)cc1)C(=O)O)[n+]1[c-]n2ccccc2c1,-13.2411,-10.180236
NC(=O)C[C@@H](C(=O)N[C@@H](CS)C(=O)N[C@@H](CO)C(=O)O)[n+]1[c-]n2ccccc2c1,-9.0711,-11.263753
NC(=O)C[C@@H](C(=O)N[C@@H](CS)C(=O)N[C@@H](CS)C(=O)O)[n+]1[c-]n2ccccc2c1,-11.2622,-9.698696
NC(=O)C[C@@H](C(=O)N[C@@H](CS)C(=O)N[C@@H](Cc1c[nH]c2ccccc12)C(=O)O)[n+]1[c-]n2ccccc2c1,-9.4195,-10.436946
NC(=O)C[C@@H](C(=O)N[C@@H](CS)C(=O)N[C@@H](Cc1c[nH]cn1)C(=O)O)[n+]1[c-]n2ccccc2c1,-14.0886,-9.736564
NC(=O)C[C@@H](C(=O)N[C@@H](Cc1c[nH]c2ccccc12)C(=O)O)[n+]1[c-]n2ccccc2c1,-6.8136,-9.860326
NC(=O)C[C@@H](C(=O)N[C@@H](Cc1c[nH]cn1)C(=O)NCC(=O)O)[n+]1[c-]n2ccccc2c1,-0.5811,-9.561746
NC(=O)C[C@@H](C(=O)N[C@@H](Cc1c[nH]cn1)C(=O)N[C@@H](CC(=O)O)C(=O)O)[n+]1[c-]n2ccccc2c1,-19.461,-9.990151
NC(=O)C[C@@H](C(=O)N[C@@H](Cc1c[nH]cn1)C(=O)N[C@@H](CCC(=O)O)C(=O)O)[n+]1[c-]n2ccccc2c1,-14.7836,-10.708004
NC(=O)C[C@@H](C(=O)N[C@@H](Cc1c[nH]cn1)C(=O)N[C@@H](CO)C(=O)O)[n+]1[c-]n2ccccc2c1,-9.9343,-10.097983
NC(=O)C[C@@H](C(=O)N[C@@H](Cc1ccc(O)cc1)C(=O)N[C@@H](CO)C(=O)O)[n+]1[c-]n2ccccc2c1,-9.6298,-9.664986
NC(=O)C[C@@H](C(=O)N[C@@H](Cc1ccc(O)cc1)C(=O)N[C@@H](Cc1ccc(O)cc1)C(=O)O)[n+]1[c-]n2ccccc2c1,-12.6089,-9.995775
NC(=O)C[C@@H](C(=O)N[C@@H](Cc1ccccc1)C(=O)N[C@@H](Cc1ccccc1)C(=O)O)[n+]1[c-]n2ccccc2c1,-8.4689,-10.953238
NC(=O)C[C@H](NC(=O)CNC(=O)[C@H](CC(N)=O)[n+]1[c-]n2ccccc2c1)C(=O)O,-4.6098,-9.132482
NC(=O)C[C@H](NC(=O)CNC(=O)[C@H](CO)[n+]1[c-]n2ccccc2c1)C(=O)O,-9.3177,-8.942921
NC(=O)C[C@H](NC(=O)C[n+]1[c-]n2ccccc2c1)C(=O)N1CCC[C@H]1C(=O)O,-10.8602,-9.875751
NC(=O)C[C@H](NC(=O)[C@@H]1CCCN1C(=O)[C@H](CCC(=O)O)[n+]1[c-]n2ccccc2c1)C(=O)O,-10.8814,-9.127519
NC(=O)C[C@H](NC(=O)[C@H](CC(=O)O)NC(=O)[C@H](CC(N)=O)[n+]1[c-]n2ccccc2c1)C(=O)O,-14.3372,-12.650403
NC(=O)C[C@H](NC(=O)[C@H](CC(=O)O)NC(=O)[C@H](Cc1ccc(O)cc1)[n+]1[c-]n2ccccc2c1)C(=O)O,-8.0521,-11.506758
NC(=O)C[C@H](NC(=O)[C@H](CC(=O)O)[n+]1[c-]n2ccccc2c1)C(=O)N[C@@H](Cc1c[nH]cn1)C(=O)O,-11.0109,-9.024105
NC(=O)C[C@H](NC(=O)[C@H](CC(N)=O)NC(=O)[C@H](CC(N)=O)[n+]1[c-]n2ccccc2c1)C(=O)O,-16.4373,-11.755659
NC(=O)C[C@H](NC(=O)[C@H](CC(N)=O)NC(=O)[C@H](CO)[n+]1[c-]n2ccccc2c1)C(=O)O,-11.2899,-10.8335905
NC(=O)C[C@H](NC(=O)[C@H](CC(N)=O)[n+]1[c-]n2ccccc2c1)C(=O)NCC(=O)O,-8.527,-9.7245245
NC(=O)C[C@H](NC(=O)[C@H](CC(N)=O)[n+]1[c-]n2ccccc2c1)C(=O)N[C@@H](Cc1c[nH]c2ccccc12)C(=O)O,-16.4506,-12.7168255
NC(=O)C[C@H](NC(=O)[C@H](CCC(=O)O)NC(=O)[C@H](CC(=O)O)[n+]1[c-]n2ccccc2c1)C(=O)O,-8.6873,-11.501191
NC(=O)C[C@H](NC(=O)[C@H](CCC(=O)O)NC(=O)[C@H](CO)[n+]1[c-]n2ccccc2c1)C(=O)O,-9.4384,-11.688487
NC(=O)C[C@H](NC(=O)[C@H](CCC(=O)O)[n+]1[c-]n2ccccc2c1)C(=O)N[C@@H](CCC(=O)O)C(=O)O,-8.4064,-13.82726
NC(=O)C[C@H](NC(=O)[C@H](CCC(=O)O)[n+]1[c-]n2ccccc2c1)C(=O)N[C@@H](Cc1ccccc1)C(=O)O,-8.1795,-12.08573
NC(=O)C[C@H](NC(=O)[C@H](CO)[n+]1[c-]n2ccccc2c1)C(=O)NCC(=O)O,-1.5532,-9.148845
NC(=O)C[C@H](NC(=O)[C@H](CO)[n+]1[c-]n2ccccc2c1)C(=O)N[C@@H](CCC(=O)O)C(=O)O,-16.4843,-12.313355
NC(=O)C[C@H](NC(=O)[C@H](CO)[n+]1[c-]n2ccccc2c1)C(=O)O,-8.8569,-7.355156
NC(=O)C[C@H](NC(=O)[C@H](CS)NC(=O)[C@H](CC(=O)O)[n+]1[c-]n2ccccc2c1)C(=O)O,-15.341,-10.19452
NC(=O)C[C@H](NC(=O)[C@H](CS)NC(=O)[C@H](CCC(=O)O)[n+]1[c-]n2ccccc2c1)C(=O)O,-10.0585,-10.663469
NC(=O)C[C@H](NC(=O)[C@H](CS)NC(=O)[C@H](CO)[n+]1[c-]n2ccccc2c1)C(=O)O,-8.265,-11.298962
NC(=O)C[C@H](NC(=O)[C@H](CS)[n+]1[c-]n2ccccc2c1)C(=O)N[C@@H](CC(=O)O)C(=O)O,-5.9744,-11.143155
NC(=O)C[C@H](NC(=O)[C@H](CS)[n+]1[c-]n2ccccc2c1)C(=O)N[C@@H](CS)C(=O)O,-11.2234,-9.585644
NC(=O)C[C@H](NC(=O)[C@H](Cc1c[nH]c2ccccc12)NC(=O)[C@H](Cc1c[nH]c2ccccc12)[n+]1[c-]n2ccccc2c1)C(=O)O,-11.6863,-12.589561
NC(=O)C[C@H](NC(=O)[C@H](Cc1c[nH]c2ccccc12)NC(=O)[C@H](Cc1ccccc1)[n+]1[c-]n2ccccc2c1)C(=O)O,-13.9952,-12.301269
NC(=O)C[C@H](NC(=O)[C@H](Cc1c[nH]c2ccccc12)[n+]1[c-]n2ccccc2c1)C(=O)N1CCC[C@H]1C(=O)O,-10.3425,-8.518534
NC(=O)C[C@H](NC(=O)[C@H](Cc1c[nH]cn1)NC(=O)C[n+]1[c-]n2ccccc2c1)C(=O)O,-15.3155,-11.519617
NC(=O)C[C@H](NC(=O)[C@H](Cc1c[nH]cn1)NC(=O)[C@H](CO)[n+]1[c-]n2ccccc2c1)C(=O)O,-10.12,-10.466941
NC(=O)C[C@H](NC(=O)[C@H](Cc1c[nH]cn1)NC(=O)[C@H](Cc1c[nH]cn1)[n+]1[c-]n2ccccc2c1)C(=O)O,-10.3974,-11.845079
NC(=O)C[C@H](NC(=O)[C@H](Cc1c[nH]cn1)NC(=O)[C@H](Cc1ccc(O)cc1)[n+]1[c-]n2ccccc2c1)C(=O)O,-14.1429,-11.041588
NC(=O)C[C@H](NC(=O)[C@H](Cc1c[nH]cn1)[n+]1[c-]n2ccccc2c1)C(=O)N1CCC[C@H]1C(=O)O,-13.4053,-8.234495
NC(=O)C[C@H](NC(=O)[C@H](Cc1c[nH]cn1)[n+]1[c-]n2ccccc2c1)C(=O)N[C@@H](Cc1c[nH]cn1)C(=O)O,-5.0792,-11.356401
NC(=O)C[C@H](NC(=O)[C@H](Cc1ccc(O)cc1)NC(=O)C[n+]1[c-]n2ccccc2c1)C(=O)O,-9.4271,-10.190808
NC(=O)C[C@H](NC(=O)[C@H](Cc1ccc(O)cc1)NC(=O)[C@H](Cc1c[nH]c2ccccc12)[n+]1[c-]n2ccccc2c1)C(=O)O,-12.4077,-12.788405
NC(=O)C[C@H](NC(=O)[C@H](Cc1ccc(O)cc1)[n+]1[c-]n2ccccc2c1)C(=O)NCC(=O)O,-4.7719,-9.243021
NC(=O)C[C@H](NC(=O)[C@H](Cc1ccc(O)cc1)[n+]1[c-]n2ccccc2c1)C(=O)N[C@@H](CC(=O)O)C(=O)O,-15.6787,-11.143258
NC(=O)C[C@H](NC(=O)[C@H](Cc1ccc(O)cc1)[n+]1[c-]n2ccccc2c1)C(=O)O,-7.5371,-9.309944
NC(=O)C[C@H](NC(=O)[C@H](Cc1ccccc1)NC(=O)[C@H](CS)[n+]1[c-]n2ccccc2c1)C(=O)O,-12.5489,-9.934732
NC(=O)C[C@H](NC(=O)[C@H](Cc1ccccc1)NC(=O)[C@H](Cc1ccc(O)cc1)[n+]1[c-]n2ccccc2c1)C(=O)O,-11.2479,-9.655968
NC(=O)C[C@H](NC(=O)[C@H](Cc1ccccc1)[n+]1[c-]n2ccccc2c1)C(=O)N[C@@H](CC(=O)O)C(=O)O,-13.3484,-12.795854
NC(=O)C[C@H](NC(=O)[C@H](Cc1ccccc1)[n+]1[c-]n2ccccc2c1)C(=O)N[C@@H](CS)C(=O)O,-12.4389,-10.585046
O=C(CNC(=O)[C@H](CO)[n+]1[c-]n2ccccc2c1)N[C@@H](Cc1c[nH]c2ccccc12)C(=O)O,-10.759,-9.030756
O=C(CNC(=O)[C@H](CS)[n+]1[c-]n2ccccc2c1)N[C@@H](Cc1ccccc1)C(=O)O,-12.229,-9.088644
O=C(CNC(=O)[C@H](Cc1c[nH]c2ccccc12)[n+]1[c-]n2ccccc2c1)N[C@@H](Cc1c[nH]cn1)C(=O)O,-9.9992,-8.831811
O=C(CNC(=O)[C@H](Cc1c[nH]cn1)[n+]1[c-]n2ccccc2c1)N[C@@H](CO)C(=O)O,-9.0213,-8.346966
O=C(CNC(=O)[C@H](Cc1c[nH]cn1)[n+]1[c-]n2ccccc2c1)N[C@@H](Cc1c[nH]c2ccccc12)C(=O)O,-14.5332,-9.505705
O=C(C[n+]1[c-]n2ccccc2c1)NCC(=O)N[C@@H](CS)C(=O)O,-14.12,-10.976205
O=C(C[n+]1[c-]n2ccccc2c1)NCC(=O)N[C@@H](Cc1c[nH]c2ccccc12)C(=O)O,-12.8931,-11.553137
O=C(C[n+]1[c-]n2ccccc2c1)N[C@@H](CO)C(=O)N[C@@H](CO)C(=O)O,-15.5123,-10.23282
O=C(C[n+]1[c-]n2ccccc2c1)N[C@@H](CO)C(=O)N[C@@H](Cc1c[nH]cn1)C(=O)O,-11.8161,-10.011823
O=C(C[n+]1[c-]n2ccccc2c1)N[C@@H](CO)C(=O)N[C@@H](Cc1ccccc1)C(=O)O,-13.1939,-10.045984
O=C(C[n+]1[c-]n2ccccc2c1)N[C@@H](CO)C(=O)O,-11.0625,-8.580664
O=C(C[n+]1[c-]n2ccccc2c1)N[C@@H](CS)C(=O)N[C@@H](CO)C(=O)O,-12.2602,-9.567634
O=C(C[n+]1[c-]n2ccccc2c1)N[C@@H](CS)C(=O)N[C@@H](Cc1c[nH]c2ccccc12)C(=O)O,-14.8624,-12.395769
O=C(C[n+]1[c-]n2ccccc2c1)N[C@@H](Cc1c[nH]c2ccccc12)C(=O)N1CCC[C@H]1C(=O)O,-11.0836,-9.080316
O=C(C[n+]1[c-]n2ccccc2c1)N[C@@H](Cc1c[nH]c2ccccc12)C(=O)N[C@@H](Cc1c[nH]c2ccccc12)C(=O)O,-16.4218,-11.323372
O=C(C[n+]1[c-]n2ccccc2c1)N[C@@H](Cc1c[nH]c2ccccc12)C(=O)O,-8.704,-9.781967
O=C(C[n+]1[c-]n2ccccc2c1)N[C@@H](Cc1c[nH]cn1)C(=O)N[C@@H](CS)C(=O)O,-10.6382,-10.2313175
O=C(C[n+]1[c-]n2ccccc2c1)N[C@@H](Cc1c[nH]cn1)C(=O)N[C@@H](Cc1c[nH]cn1)C(=O)O,-15.7775,-10.264107
O=C(C[n+]1[c-]n2ccccc2c1)N[C@@H](Cc1c[nH]cn1)C(=O)N[C@@H](Cc1ccc(O)cc1)C(=O)O,-11.7974,-9.197749
O=C(C[n+]1[c-]n2ccccc2c1)N[C@@H](Cc1ccc(O)cc1)C(=O)N[C@@H](CO)C(=O)O,-10.2396,-10.154737
O=C(C[n+]1[c-]n2ccccc2c1)N[C@@H](Cc1ccc(O)cc1)C(=O)N[C@@H](Cc1ccccc1)C(=O)O,-9.502,-10.299641
O=C(C[n+]1[c-]n2ccccc2c1)N[C@@H](Cc1ccccc1)C(=O)N1CCC[C@H]1C(=O)O,-10.5076,-10.3141575
O=C(C[n+]1[c-]n2ccccc2c1)N[C@@H](Cc1ccccc1)C(=O)N[C@@H](CO)C(=O)O,-12.5081,-10.323158
O=C(C[n+]1[c-]n2ccccc2c1)N[C@@H](Cc1ccccc1)C(=O)N[C@@H](CS)C(=O)O,-10.79,-10.7421665
O=C(C[n+]1[c-]n2ccccc2c1)N[C@@H](Cc1ccccc1)C(=O)N[C@@H](Cc1ccc(O)cc1)C(=O)O,-8.4556,-10.628209
O=C(O)CC[C@@H](C(=O)N1CCC[C@H]1C(=O)N1CCC[C@H]1C(=O)O)[n+]1[c-]n2ccccc2c1,-7.847,-7.0483646
O=C(O)CC[C@@H](C(=O)N1CCC[C@H]1C(=O)N[C@@H](CS)C(=O)O)[n+]1[c-]n2ccccc2c1,-5.5376,-6.5522146
O=C(O)CC[C@@H](C(=O)N1CCC[C@H]1C(=O)O)[n+]1[c-]n2ccccc2c1,-7.4227,-7.081052
O=C(O)CC[C@@H](C(=O)N[C@@H](CC(=O)O)C(=O)N[C@@H](CS)C(=O)O)[n+]1[c-]n2ccccc2c1,-12.7041,-8.661001
O=C(O)CC[C@@H](C(=O)N[C@@H](CO)C(=O)N[C@@H](CS)C(=O)O)[n+]1[c-]n2ccccc2c1,-14.5104,-9.242208
O=C(O)CC[C@@H](C(=O)N[C@@H](CO)C(=O)O)[n+]1[c-]n2ccccc2c1,-1.389,-7.441289
O=C(O)CC[C@@H](C(=O)N[C@@H](CS)C(=O)N1CCC[C@H]1C(=O)O)[n+]1[c-]n2ccccc2c1,-7.7203,-6.2972255
O=C(O)CC[C@@H](C(=O)N[C@@H](CS)C(=O)N[C@@H](CS)C(=O)O)[n+]1[c-]n2ccccc2c1,-12.0494,-8.845619
O=C(O)CC[C@@H](C(=O)N[C@@H](CS)C(=O)N[C@@H](Cc1ccc(O)cc1)C(=O)O)[n+]1[c-]n2ccccc2c1,-11.5802,-9.656857
O=C(O)CC[C@@H](C(=O)N[C@@H](Cc1c[nH]cn1)C(=O)N[C@@H](CS)C(=O)O)[n+]1[c-]n2ccccc2c1,-10.5963,-9.782851
O=C(O)CC[C@@H](C(=O)N[C@@H](Cc1c[nH]cn1)C(=O)N[C@@H](Cc1c[nH]cn1)C(=O)O)[n+]1[c-]n2ccccc2c1,-16.3984,-11.741811
O=C(O)CC[C@@H](C(=O)N[C@@H](Cc1c[nH]cn1)C(=O)N[C@@H](Cc1ccc(O)cc1)C(=O)O)[n+]1[c-]n2ccccc2c1,-6.9029,-10.521496
O=C(O)CC[C@@H](C(=O)N[C@@H](Cc1ccccc1)C(=O)N[C@@H](CO)C(=O)O)[n+]1[c-]n2ccccc2c1,-8.1393,-8.962242
O=C(O)CC[C@H](NC(=O)CNC(=O)C[n+]1[c-]n2ccccc2c1)C(=O)O,-14.8597,-10.571205
O=C(O)CC[C@H](NC(=O)CNC(=O)[C@H](Cc1c[nH]c2ccccc12)[n+]1[c-]n2ccccc2c1)C(=O)O,-15.315,-10.397498
O=C(O)CC[C@H](NC(=O)C[n+]1[c-]n2ccccc2c1)C(=O)N[C@@H](CC(=O)O)C(=O)O,-15.3643,-11.304987
O=C(O)CC[C@H](NC(=O)C[n+]1[c-]n2ccccc2c1)C(=O)N[C@@H](CS)C(=O)O,-9.541,-10.820914
O=C(O)CC[C@H](NC(=O)C[n+]1[c-]n2ccccc2c1)C(=O)O,-10.8394,-8.71311
O=C(O)CC[C@H](NC(=O)[C@@H]1CCCN1C(=O)C[n+]1[c-]n2ccccc2c1)C(=O)O,-14.7958,-9.793681
O=C(O)CC[C@H](NC(=O)[C@H](CC(=O)O)NC(=O)[C@H](CCC(=O)O)[n+]1[c-]n2ccccc2c1)C(=O)O,-7.0029,-9.629791
O=C(O)CC[C@H](NC(=O)[C@H](CC(=O)O)NC(=O)[C@H](CO)[n+]1[c-]n2ccccc2c1)C(=O)O,-14.6438,-9.288456
O=C(O)CC[C@H](NC(=O)[C@H](CC(=O)O)NC(=O)[C@H](Cc1ccc(O)cc1)[n+]1[c-]n2ccccc2c1)C(=O)O,-9.905,-11.394007
O=C(O)CC[C@H](NC(=O)[C@H](CC(=O)O)[n+]1[c-]n2ccccc2c1)C(=O)N1CCC[C@H]1C(=O)O,-13.0841,-6.8904967
O=C(O)CC[C@H](NC(=O)[C@H](CC(=O)O)[n+]1[c-]n2ccccc2c1)C(=O)NCC(=O)O,-3.5415,-9.304064
O=C(O)CC[C@H](NC(=O)[C@H](CC(=O)O)[n+]1[c-]n2ccccc2c1)C(=O)N[C@@H](Cc1c[nH]c2ccccc12)C(=O)O,-12.4077,-9.524271
O=C(O)CC[C@H](NC(=O)[C@H](CCC(=O)O)NC(=O)C[n+]1[c-]n2ccccc2c1)C(=O)O,-13.7675,-12.1657
O=C(O)CC[C@H](NC(=O)[C@H](CCC(=O)O)NC(=O)[C@H](CS)[n+]1[c-]n2ccccc2c1)C(=O)O,-11.4296,-9.035203
O=C(O)CC[C@H](NC(=O)[C@H](CCC(=O)O)NC(=O)[C@H](Cc1c[nH]cn1)[n+]1[c-]n2ccccc2c1)C(=O)O,-9.7767,-11.696114
O=C(O)CC[C@H](NC(=O)[C@H](CCC(=O)O)[n+]1[c-]n2ccccc2c1)C(=O)N[C@@H](Cc1ccccc1)C(=O)O,-15.2314,-10.248271
O=C(O)CC[C@H](NC(=O)[C@H](CO)[n+]1[c-]n2ccccc2c1)C(=O)N1CCC[C@H]1C(=O)O,-11.8355,-8.488833
O=C(O)CC[C@H](NC(=O)[C@H](CO)[n+]1[c-]n2ccccc2c1)C(=O)N[C@@H](CO)C(=O)O,-11.4141,-8.305215
O=C(O)CC[C@H](NC(=O)[C@H](CO)[n+]1[c-]n2ccccc2c1)C(=O)N[C@@H](Cc1c[nH]c2ccccc12)C(=O)O,-14.8747,-9.5035095
O=C(O)CC[C@H](NC(=O)[C@H](CO)[n+]1[c-]n2ccccc2c1)C(=O)N[C@@H](Cc1c[nH]cn1)C(=O)O,-10.2664,-9.767205
O=C(O)CC[C@H](NC(=O)[C@H](CO)[n+]1[c-]n2ccccc2c1)C(=O)N[C@@H](Cc1ccc(O)cc1)C(=O)O,-15.2241,-9.903008
O=C(O)CC[C@H](NC(=O)[C@H](CS)NC(=O)[C@H](CC(=O)O)[n+]1[c-]n2ccccc2c1)C(=O)O,-12.5117,-7.8235836
O=C(O)CC[C@H](NC(=O)[C@H](CS)NC(=O)[C@H](CS)[n+]1[c-]n2ccccc2c1)C(=O)O,-10.9423,-8.572032
O=C(O)CC[C@H](NC(=O)[C@H](CS)NC(=O)[C@H](Cc1c[nH]c2ccccc12)[n+]1[c-]n2ccccc2c1)C(=O)O,-13.2094,-8.910013
O=C(O)CC[C@H](NC(=O)[C@H](CS)[n+]1[c-]n2ccccc2c1)C(=O)N[C@@H](CS)C(=O)O,-10.0417,-8.898705
O=C(O)CC[C@H](NC(=O)[C@H](CS)[n+]1[c-]n2ccccc2c1)C(=O)N[C@@H](Cc1ccc(O)cc1)C(=O)O,-16.3219,-9.984559
O=C(O)CC[C@H](NC(=O)[C@H](Cc1c[nH]c2ccccc12)NC(=O)[C@H](Cc1ccccc1)[n+]1[c-]n2ccccc2c1)C(=O)O,-10.3265,-10.173022
O=C(O)CC[C@H](NC(=O)[C@H](Cc1c[nH]c2ccccc12)[n+]1[c-]n2ccccc2c1)C(=O)N[C@@H](CS)C(=O)O,-13.4771,-9.458037
O=C(O)CC[C@H](NC(=O)[C@H](Cc1c[nH]cn1)NC(=O)[C@H](Cc1ccc(O)cc1)[n+]1[c-]n2ccccc2c1)C(=O)O,-8.774,-10.890865
O=C(O)CC[C@H](NC(=O)[C@H](Cc1c[nH]cn1)[n+]1[c-]n2ccccc2c1)C(=O)N[C@@H](Cc1ccccc1)C(=O)O,-5.2325,-9.69668
O=C(O)CC[C@H](NC(=O)[C@H](Cc1ccc(O)cc1)NC(=O)[C@H](CS)[n+]1[c-]n2ccccc2c1)C(=O)O,-12.1518,-9.68964
O=C(O)CC[C@H](NC(=O)[C@H](Cc1ccc(O)cc1)[n+]1[c-]n2ccccc2c1)C(=O)N[C@@H](Cc1c[nH]cn1)C(=O)O,-18.2576,-10.633849
O=C(O)CC[C@H](NC(=O)[C@H](Cc1ccc(O)cc1)[n+]1[c-]n2ccccc2c1)C(=O)N[C@@H](Cc1ccc(O)cc1)C(=O)O,-13.282,-11.695775
O=C(O)CC[C@H](NC(=O)[C@H](Cc1ccc(O)cc1)[n+]1[c-]n2ccccc2c1)C(=O)N[C@@H](Cc1ccccc1)C(=O)O,-12.7431,-8.739967
O=C(O)CC[C@H](NC(=O)[C@H](Cc1ccccc1)NC(=O)C[n+]1[c-]n2ccccc2c1)C(=O)O,-21.6201,-10.079671
O=C(O)CC[C@H](NC(=O)[C@H](Cc1ccccc1)NC(=O)[C@H](CC(=O)O)[n+]1[c-]n2ccccc2c1)C(=O)O,-11.9867,-8.99111
O=C(O)CC[C@H](NC(=O)[C@H](Cc1ccccc1)[n+]1[c-]n2ccccc2c1)C(=O)N[C@@H](CC(=O)O)C(=O)O,-14.9195,-10.887661
O=C(O)CNC(=O)CNC(=O)[C@H](Cc1ccccc1)[n+]1[c-]n2ccccc2c1,-8.8879,-8.542257
O=C(O)CNC(=O)C[n+]1[c-]n2ccccc2c1,-20.687,-9.508544
O=C(O)CNC(=O)[C@H](CC(=O)O)NC(=O)[C@H](Cc1c[nH]c2ccccc12)[n+]1[c-]n2ccccc2c1,-4.3289,-9.097488
O=C(O)CNC(=O)[C@H](CC(=O)O)[n+]1[c-]n2ccccc2c1,-5.3452,-5.72671
O=C(O)CNC(=O)[C@H](CO)NC(=O)[C@H](CO)[n+]1[c-]n2ccccc2c1,-10.2379,-7.937215
O=C(O)CNC(=O)[C@H](CO)NC(=O)[C@H](Cc1c[nH]cn1)[n+]1[c-]n2ccccc2c1,-4.1735,-8.125122
O=C(O)CNC(=O)[C@H](Cc1c[nH]c2ccccc12)NC(=O)[C@H](Cc1ccccc1)[n+]1[c-]n2ccccc2c1,-9.2977,-9.763984
O=C(O)CNC(=O)[C@H](Cc1c[nH]cn1)NC(=O)C[n+]1[c-]n2ccccc2c1,-7.482,-9.672748
O=C(O)CNC(=O)[C@H](Cc1c[nH]cn1)NC(=O)[C@H](CS)[n+]1[c-]n2ccccc2c1,-2.6679,-8.72501
O=C(O)CNC(=O)[C@H](Cc1c[nH]cn1)NC(=O)[C@H](Cc1c[nH]c2ccccc12)[n+]1[c-]n2ccccc2c1,-1.1295,-9.064157
O=C(O)CNC(=O)[C@H](Cc1c[nH]cn1)NC(=O)[C@H](Cc1ccc(O)cc1)[n+]1[c-]n2ccccc2c1,-0.5872,-8.57136
O=C(O)CNC(=O)[C@H](Cc1ccc(O)cc1)NC(=O)[C@H](Cc1ccccc1)[n+]1[c-]n2ccccc2c1,-4.3804,-9.769978
O=C(O)CNC(=O)[C@H](Cc1ccc(O)cc1)[n+]1[c-]n2ccccc2c1,-8.753,-7.778742
O=C(O)CNC(=O)[C@H](Cc1ccccc1)[n+]1[c-]n2ccccc2c1,-8.5182,-7.627011
O=C(O)C[C@@H](C(=O)N1CCC[C@H]1C(=O)N[C@@H](Cc1c[nH]c2ccccc12)C(=O)O)[n+]1[c-]n2ccccc2c1,-3.0174,-7.4514184
O=C(O)C[C@@H](C(=O)NCC(=O)N1CCC[C@H]1C(=O)O)[n+]1[c-]n2ccccc2c1,-2.9861,-7.7948666
O=C(O)C[C@@H](C(=O)NCC(=O)N[C@@H](Cc1ccc(O)cc1)C(=O)O)[n+]1[c-]n2ccccc2c1,-17.6569,-9.124131
O=C(O)C[C@@H](C(=O)N[C@@H](CO)C(=O)N[C@@H](CO)C(=O)O)[n+]1[c-]n2ccccc2c1,-5.34,-7.0703506
O=C(O)C[C@@H](C(=O)N[C@@H](CO)C(=O)N[C@@H](Cc1c[nH]c2ccccc12)C(=O)O)[n+]1[c-]n2ccccc2c1,-6.8649,-7.338415
O=C(O)C[C@@H](C(=O)N[C@@H](CS)C(=O)N[C@@H](CO)C(=O)O)[n+]1[c-]n2ccccc2c1,-11.6798,-8.487169
O=C(O)C[C@@H](C(=O)N[C@@H](CS)C(=O)N[C@@H](Cc1c[nH]c2ccccc12)C(=O)O)[n+]1[c-]n2ccccc2c1,-10.9205,-8.451023
O=C(O)C[C@@H](C(=O)N[C@@H](CS)C(=O)N[C@@H](Cc1ccc(O)cc1)C(=O)O)[n+]1[c-]n2ccccc2c1,-3.7769,-8.262587
O=C(O)C[C@@H](C(=O)N[C@@H](CS)C(=O)N[C@@H](Cc1ccccc1)C(=O)O)[n+]1[c-]n2ccccc2c1,-7.1048,-7.620527
O=C(O)C[C@@H](C(=O)N[C@@H](Cc1ccc(O)cc1)C(=O)N[C@@H](Cc1c[nH]c2ccccc12)C(=O)O)[n+]1[c-]n2ccccc2c1,-2.1275,-10.039719
O=C(O)C[C@@H](C(=O)N[C@@H](Cc1ccccc1)C(=O)N[C@@H](Cc1c[nH]c2ccccc12)C(=O)O)[n+]1[c-]n2ccccc2c1,-13.9254,-8.919305
O=C(O)C[C@@H](C(=O)N[C@@H](Cc1ccccc1)C(=O)N[C@@H](Cc1c[nH]cn1)C(=O)O)[n+]1[c-]n2ccccc2c1,-18.8226,-7.895594
O=C(O)C[C@@H](C(=O)N[C@@H](Cc1ccccc1)C(=O)N[C@@H](Cc1ccc(O)cc1)C(=O)O)[n+]1[c-]n2ccccc2c1,-10.1724,-8.472362
O=C(O)C[C@@H](C(=O)N[C@@H](Cc1ccccc1)C(=O)O)[n+]1[c-]n2ccccc2c1,-5.2518,-6.1007347
O=C(O)C[C@H](NC(=O)CNC(=O)C[n+]1[c-]n2ccccc2c1)C(=O)O,-10.3408,-9.658986
O=C(O)C[C@H](NC(=O)CNC(=O)[C@H](CO)[n+]1[c-]n2ccccc2c1)C(=O)O,-8.819,-7.015478
O=C(O)C[C@H](NC(=O)C[n+]1[c-]n2ccccc2c1)C(=O)N1CCC[C@H]1C(=O)O,-9.7039,-8.542638
O=C(O)C[C@H](NC(=O)C[n+]1[c-]n2ccccc2c1)C(=O)N[C@@H](CO)C(=O)O,-11.3968,-8.62095
O=C(O)C[C@H](NC(=O)C[n+]1[c-]n2ccccc2c1)C(=O)N[C@@H](CS)C(=O)O,-9.8321,-9.258507
O=C(O)C[C@H](NC(=O)[C@H](CC(=O)O)NC(=O)[C@H](Cc1ccccc1)[n+]1[c-]n2ccccc2c1)C(=O)O,-7.9257,-7.454736
O=C(O)C[C@H](NC(=O)[C@H](CC(=O)O)[n+]1[c-]n2ccccc2c1)C(=O)N1CCC[C@H]1C(=O)O,-4.2345,-6.115873
O=C(O)C[C@H](NC(=O)[C@H](CC(=O)O)[n+]1[c-]n2ccccc2c1)C(=O)N[C@@H](Cc1ccc(O)cc1)C(=O)O,-9.7083,-9.207248
O=C(O)C[C@H](NC(=O)[C@H](CO)NC(=O)[C@H](CC(=O)O)[n+]1[c-]n2ccccc2c1)C(=O)O,-10.1847,-7.5738034
O=C(O)C[C@H](NC(=O)[C@H](CO)[n+]1[c-]n2ccccc2c1)C(=O)N[C@@H](Cc1c[nH]c2ccccc12)C(=O)O,-3.886,-8.173632
O=C(O)C[C@H](NC(=O)[C@H](CO)[n+]1[c-]n2ccccc2c1)C(=O)N[C@@H](Cc1ccc(O)cc1)C(=O)O,-8.7079,-8.670747
O=C(O)C[C@H](NC(=O)[C@H](CO)[n+]1[c-]n2ccccc2c1)C(=O)O,-10.9038,-5.946827
O=C(O)C[C@H](NC(=O)[C@H](CS)NC(=O)[C@H](CC(=O)O)[n+]1[c-]n2ccccc2c1)C(=O)O,-13.4362,-7.1880226
O=C(O)C[C@H](NC(=O)[C@H](CS)NC(=O)[C@H](Cc1c[nH]c2ccccc12)[n+]1[c-]n2ccccc2c1)C(=O)O,-10.5325,-8.3409
O=C(O)C[C@H](NC(=O)[C@H](CS)NC(=O)[C@H](Cc1ccc(O)cc1)[n+]1[c-]n2ccccc2c1)C(=O)O,-7.2502,-8.301489
O=C(O)C[C@H](NC(=O)[C@H](CS)[n+]1[c-]n2ccccc2c1)C(=O)N1CCC[C@H]1C(=O)O,-7.1041,-6.7983294
O=C(O)C[C@H](NC(=O)[C@H](CS)[n+]1[c-]n2ccccc2c1)C(=O)N[C@@H](Cc1ccccc1)C(=O)O,-10.7109,-8.377995
O=C(O)C[C@H](NC(=O)[C@H](Cc1c[nH]c2ccccc12)NC(=O)[C@H](CO)[n+]1[c-]n2ccccc2c1)C(=O)O,-7.6436,-8.040726
O=C(O)C[C@H](NC(=O)[C@H](Cc1c[nH]c2ccccc12)NC(=O)[C@H](CS)[n+]1[c-]n2ccccc2c1)C(=O)O,-12.4027,-8.455608
O=C(O)C[C@H](NC(=O)[C@H](Cc1c[nH]cn1)NC(=O)C[n+]1[c-]n2ccccc2c1)C(=O)O,-7.6998,-9.307145
O=C(O)C[C@H](NC(=O)[C@H](Cc1c[nH]cn1)NC(=O)[C@H](Cc1c[nH]c2ccccc12)[n+]1[c-]n2ccccc2c1)C(=O)O,-7.2784,-8.312359
O=C(O)C[C@H](NC(=O)[C@H](Cc1c[nH]cn1)NC(=O)[C@H](Cc1c[nH]cn1)[n+]1[c-]n2ccccc2c1)C(=O)O,-12.0622,-10.118242
O=C(O)C[C@H](NC(=O)[C@H](Cc1c[nH]cn1)[n+]1[c-]n2ccccc2c1)C(=O)N[C@@H](Cc1c[nH]cn1)C(=O)O,-6.1262,-9.634741
O=C(O)C[C@H](NC(=O)[C@H](Cc1ccc(O)cc1)NC(=O)[C@H](CC(=O)O)[n+]1[c-]n2ccccc2c1)C(=O)O,-7.2887,-10.062488
O=C(O)C[C@H](NC(=O)[C@H](Cc1ccc(O)cc1)NC(=O)[C@H](CS)[n+]1[c-]n2ccccc2c1)C(=O)O,-4.6972,-8.44563
O=C(O)C[C@H](NC(=O)[C@H](Cc1ccc(O)cc1)[n+]1[c-]n2ccccc2c1)C(=O)N[C@@H](Cc1c[nH]cn1)C(=O)O,-8.9593,-9.271032
O=C(O)C[C@H](NC(=O)[C@H](Cc1ccc(O)cc1)[n+]1[c-]n2ccccc2c1)C(=O)O,-8.8538,-8.343645
O=C(O)C[C@H](NC(=O)[C@H](Cc1ccccc1)[n+]1[c-]n2ccccc2c1)C(=O)N1CCC[C@H]1C(=O)O,-8.1591,-8.449919
O=C(O)C[C@H](NC(=O)[C@H](Cc1ccccc1)[n+]1[c-]n2ccccc2c1)C(=O)N[C@@H](Cc1ccccc1)C(=O)O,-4.3927,-8.30286
O=C(O)C[C@H](NC(=O)[C@H](Cc1ccccc1)[n+]1[c-]n2ccccc2c1)C(=O)O,-10.0425,-7.2008553
O=C(O)C[n+]1[c-]n2ccccc2c1,-10.1165,-8.604101
O=C(O)[C@@H]1CCCN1C(=O)[C@@H]1CCCN1C(=O)[C@H](CO)[n+]1[c-]n2ccccc2c1,-11.4466,-8.015899
O=C(O)[C@@H]1CCCN1C(=O)[C@H](CO)NC(=O)[C@H](Cc1ccc(O)cc1)[n+]1[c-]n2ccccc2c1,-9.8518,-8.845079
O=C(O)[C@@H]1CCCN1C(=O)[C@H](CO)[n+]1[c-]n2ccccc2c1,-2.4366,-7.044021
O=C(O)[C@@H]1CCCN1C(=O)[C@H](CS)NC(=O)[C@H](CO)[n+]1[c-]n2ccccc2c1,-3.1364,-7.9171104
O=C(O)[C@@H]1CCCN1C(=O)[C@H](Cc1c[nH]c2ccccc12)NC(=O)[C@H](CS)[n+]1[c-]n2ccccc2c1,-7.1756,-8.350313
O=C(O)[C@@H]1CCCN1C(=O)[C@H](Cc1c[nH]c2ccccc12)NC(=O)[C@H](Cc1c[nH]c2ccccc12)[n+]1[c-]n2ccccc2c1,-8.0748,-8.597178
O=C(O)[C@@H]1CCCN1C(=O)[C@H](Cc1c[nH]cn1)NC(=O)[C@H](Cc1c[nH]cn1)[n+]1[c-]n2ccccc2c1,-9.0732,-8.790003
O=C(O)[C@@H]1CCCN1C(=O)[C@H](Cc1ccccc1)NC(=O)[C@H](CS)[n+]1[c-]n2ccccc2c1,-8.7839,-8.077599
O=C(O)[C@@H]1CCCN1C(=O)[C@H](Cc1ccccc1)NC(=O)[C@H](Cc1ccc(O)cc1)[n+]1[c-]n2ccccc2c1,-11.0012,-9.250081
O=C(O)[C@H](CO)NC(=O)[C@H](CO)NC(=O)[C@H](CO)[n+]1[c-]n2ccccc2c1,-5.013,-8.013089
O=C(O)[C@H](CO)NC(=O)[C@H](CO)NC(=O)[C@H](Cc1ccc(O)cc1)[n+]1[c-]n2ccccc2c1,-10.4822,-8.507009
O=C(O)[C@H](CO)NC(=O)[C@H](CO)[n+]1[c-]n2ccccc2c1,-4.8038,-6.511438
O=C(O)[C@H](CO)NC(=O)[C@H](Cc1c[nH]c2ccccc12)NC(=O)[C@H](Cc1c[nH]cn1)[n+]1[c-]n2ccccc2c1,-10.0879,-8.613137
O=C(O)[C@H](CO)NC(=O)[C@H](Cc1c[nH]cn1)NC(=O)[C@H](Cc1c[nH]c2ccccc12)[n+]1[c-]n2ccccc2c1,-9.4153,-8.226641
O=C(O)[C@H](CO)NC(=O)[C@H](Cc1c[nH]cn1)NC(=O)[C@H](Cc1c[nH]cn1)[n+]1[c-]n2ccccc2c1,-9.5428,-9.058825
O=C(O)[C@H](CO)NC(=O)[C@H](Cc1ccc(O)cc1)NC(=O)[C@H](Cc1ccccc1)[n+]1[c-]n2ccccc2c1,-9.8152,-9.004155
O=C(O)[C@H](CS)NC(=O)[C@H](CO)[n+]1[c-]n2ccccc2c1,-5.5004,-6.2485113
O=C(O)[C@H](CS)NC(=O)[C@H](CS)NC(=O)[C@H](Cc1ccccc1)[n+]1[c-]n2ccccc2c1,-9.9931,-8.738532
O=C(O)[C@H](CS)NC(=O)[C@H](Cc1c[nH]c2ccccc12)NC(=O)[C@H](CO)[n+]1[c-]n2ccccc2c1,-4.2614,-8.012502
O=C(O)[C@H](CS)NC(=O)[C@H](Cc1c[nH]c2ccccc12)NC(=O)[C@H](Cc1ccccc1)[n+]1[c-]n2ccccc2c1,-11.3672,-9.909983
O=C(O)[C@H](CS)NC(=O)[C@H](Cc1c[nH]cn1)NC(=O)[C@H](Cc1ccc(O)cc1)[n+]1[c-]n2ccccc2c1,-3.8956,-8.0108795
O=C(O)[C@H](CS)NC(=O)[C@H](Cc1c[nH]cn1)[n+]1[c-]n2ccccc2c1,-7.1695,-7.732459
O=C(O)[C@H](CS)NC(=O)[C@H](Cc1ccc(O)cc1)NC(=O)[C@H](Cc1ccccc1)[n+]1[c-]n2ccccc2c1,-9.9857,-8.101896
O=C(O)[C@H](CS)NC(=O)[C@H](Cc1ccccc1)NC(=O)[C@H](CS)[n+]1[c-]n2ccccc2c1,-3.9148,-8.25131
O=C(O)[C@H](Cc1c[nH]c2ccccc12)NC(=O)[C@@H]1CCCN1C(=O)[C@H](CO)[n+]1[c-]n2ccccc2c1,-14.2886,-8.844241
O=C(O)[C@H](Cc1c[nH]c2ccccc12)NC(=O)[C@@H]1CCCN1C(=O)[C@H](Cc1c[nH]c2ccccc12)[n+]1[c-]n2ccccc2c1,-9.3454,-8.784061
O=C(O)[C@H](Cc1c[nH]c2ccccc12)NC(=O)[C@H](CO)NC(=O)[C@H](CS)[n+]1[c-]n2ccccc2c1,-12.388,-8.543827
O=C(O)[C@H](Cc1c[nH]c2ccccc12)NC(=O)[C@H](CO)NC(=O)[C@H](Cc1ccccc1)[n+]1[c-]n2ccccc2c1,-11.7468,-9.78643
O=C(O)[C@H](Cc1c[nH]c2ccccc12)NC(=O)[C@H](CS)NC(=O)[C@H](Cc1c[nH]cn1)[n+]1[c-]n2ccccc2c1,-9.2928,-9.760594
O=C(O)[C@H](Cc1c[nH]c2ccccc12)NC(=O)[C@H](CS)NC(=O)[C@H](Cc1ccc(O)cc1)[n+]1[c-]n2ccccc2c1,-10.564,-9.08027
O=C(O)[C@H](Cc1c[nH]c2ccccc12)NC(=O)[C@H](CS)NC(=O)[C@H](Cc1ccccc1)[n+]1[c-]n2ccccc2c1,-12.9239,-9.935165
O=C(O)[C@H](Cc1c[nH]c2ccccc12)NC(=O)[C@H](Cc1c[nH]c2ccccc12)NC(=O)[C@H](CO)[n+]1[c-]n2ccccc2c1,-11.1008,-10.170285
O=C(O)[C@H](Cc1c[nH]c2ccccc12)NC(=O)[C@H](Cc1c[nH]cn1)NC(=O)[C@H](Cc1c[nH]c2ccccc12)[n+]1[c-]n2ccccc2c1,-19.0894,-11.592954
O=C(O)[C@H](Cc1c[nH]c2ccccc12)NC(=O)[C@H](Cc1c[nH]cn1)NC(=O)[C@H](Cc1ccc(O)cc1)[n+]1[c-]n2ccccc2c1,-15.8413,-10.990014
O=C(O)[C@H](Cc1c[nH]c2ccccc12)NC(=O)[C@H](Cc1c[nH]cn1)NC(=O)[C@H](Cc1ccccc1)[n+]1[c-]n2ccccc2c1,-20.2616,-11.628698
O=C(O)[C@H](Cc1c[nH]c2ccccc12)NC(=O)[C@H](Cc1ccccc1)NC(=O)[C@H](CO)[n+]1[c-]n2ccccc2c1,6.246,-8.953119
O=C(O)[C@H](Cc1c[nH]c2ccccc12)NC(=O)[C@H](Cc1ccccc1)NC(=O)[C@H](CS)[n+]1[c-]n2ccccc2c1,-4.6807,-9.625762
O=C(O)[C@H](Cc1c[nH]cn1)NC(=O)[C@@H]1CCCN1C(=O)[C@H](Cc1c[nH]c2ccccc12)[n+]1[c-]n2ccccc2c1,0.1434,-8.930942
O=C(O)[C@H](Cc1c[nH]cn1)NC(=O)[C@@H]1CCCN1C(=O)[C@H](Cc1ccccc1)[n+]1[c-]n2ccccc2c1,-4.5973,-8.99305
O=C(O)[C@H](Cc1c[nH]cn1)NC(=O)[C@H](CS)NC(=O)[C@H](CS)[n+]1[c-]n2ccccc2c1,-6.2922,-9.065716
O=C(O)[C@H](Cc1c[nH]cn1)NC(=O)[C@H](CS)NC(=O)[C@H](Cc1ccc(O)cc1)[n+]1[c-]n2ccccc2c1,-7.7922,-8.032483
O=C(O)[C@H](Cc1c[nH]cn1)NC(=O)[C@H](CS)[n+]1[c-]n2ccccc2c1,-8.1579,-7.7736893
O=C(O)[C@H](Cc1c[nH]cn1)NC(=O)[C@H](Cc1c[nH]c2ccccc12)NC(=O)[C@H](Cc1c[nH]cn1)[n+]1[c-]n2ccccc2c1,-22.0965,-13.171568
O=C(O)[C@H](Cc1c[nH]cn1)NC(=O)[C@H](Cc1c[nH]cn1)NC(=O)[C@H](Cc1ccc(O)cc1)[n+]1[c-]n2ccccc2c1,-8.645,-9.204897
O=C(O)[C@H](Cc1c[nH]cn1)NC(=O)[C@H](Cc1ccc(O)cc1)[n+]1[c-]n2ccccc2c1,-8.7985,-8.00889
O=C(O)[C@H](Cc1c[nH]cn1)NC(=O)[C@H](Cc1ccccc1)NC(=O)[C@H](Cc1c[nH]cn1)[n+]1[c-]n2ccccc2c1,0.1197,-10.792596
O=C(O)[C@H](Cc1ccc(O)cc1)NC(=O)[C@@H]1CCCN1C(=O)[C@H](Cc1c[nH]c2ccccc12)[n+]1[c-]n2ccccc2c1,-8.2394,-8.592267
O=C(O)[C@H](Cc1ccc(O)cc1)NC(=O)[C@H](CO)NC(=O)[C@H](CO)[n+]1[c-]n2ccccc2c1,-12.259,-8.23128
O=C(O)[C@H](Cc1ccc(O)cc1)NC(=O)[C@H](CO)NC(=O)[C@H](CS)[n+]1[c-]n2ccccc2c1,-9.535,-8.50498
O=C(O)[C@H](Cc1ccc(O)cc1)NC(=O)[C@H](CS)NC(=O)[C@H](Cc1ccccc1)[n+]1[c-]n2ccccc2c1,-14.1899,-8.303356
O=C(O)[C@H](Cc1ccc(O)cc1)NC(=O)[C@H](Cc1ccccc1)NC(=O)[C@H](CS)[n+]1[c-]n2ccccc2c1,-11.3582,-8.167317
O=C(O)[C@H](Cc1ccc(O)cc1)NC(=O)[C@H](Cc1ccccc1)[n+]1[c-]n2ccccc2c1,-8.7947,-8.379537
O=C(O)[C@H](Cc1ccccc1)NC(=O)[C@@H]1CCCN1C(=O)[C@H](Cc1ccccc1)[n+]1[c-]n2ccccc2c1,-11.0303,-9.390118
O=C(O)[C@H](Cc1ccccc1)NC(=O)[C@H](CS)NC(=O)[C@H](CO)[n+]1[c-]n2ccccc2c1,-9.9366,-7.9173274
O=C(O)[C@H](Cc1ccccc1)NC(=O)[C@H](CS)NC(=O)[C@H](Cc1c[nH]cn1)[n+]1[c-]n2ccccc2c1,-2.2216,-9.407825
O=C(O)[C@H](Cc1ccccc1)NC(=O)[C@H](Cc1c[nH]c2ccccc12)NC(=O)[C@H](CO)[n+]1[c-]n2ccccc2c1,-4.9679,-8.386778
O=C(O)[C@H](Cc1ccccc1)NC(=O)[C@H](Cc1c[nH]cn1)NC(=O)[C@H](CO)[n+]1[c-]n2ccccc2c1,-2.7839,-9.264989
O=C(O)[C@H](Cc1ccccc1)NC(=O)[C@H](Cc1c[nH]cn1)NC(=O)[C@H](Cc1ccccc1)[n+]1[c-]n2ccccc2c1,-12.9561,-9.325991
O=C(O)[C@H](Cc1ccccc1)NC(=O)[C@H](Cc1c[nH]cn1)[n+]1[c-]n2ccccc2c1,-8.5612,-8.566816
O=C(O)[C@H](Cc1ccccc1)NC(=O)[C@H](Cc1ccc(O)cc1)NC(=O)[C@H](Cc1ccccc1)[n+]1[c-]n2ccccc2c1,-3.6758,-9.209499
